{
    "id": 105299686,
    "name": "llvm-patches",
    "full_name": "intel/llvm-patches",
    "org_name": "Intel Corporation",
    "org_id": 17888862,
    "created_at": "2017-09-29T17:30:06",
    "pushed_at": "2023-01-07T00:25:10",
    "updated_at": "2023-01-07T00:25:15",
    "isFork": false,
    "forks": 12,
    "forks_count": 12,
    "has_downloads": true,
    "has_issues": true,
    "has_pages": false,
    "has_projects": true,
    "has_wiki": true,
    "homepage": null,
    "language": "CMake",
    "open_issues": 1,
    "open_issues_count": 1,
    "size": 109,
    "stargazers_count": 13,
    "subscribers_count": 9,
    "watchers": 13,
    "watchers_count": 13,
    "first_commit": "2018-01-29T23:30:06",
    "last_commit": "2023-01-07T00:25:06",
    "branches_count": 1,
    "commit_comments_count": 0,
    "commits_count": 64,
    "countributors_count": 24,
    "downloads_count": 0,
    "events_count": 1,
    "issues_count": 1,
    "labels_count": 8,
    "milestones_count": 0,
    "PR_count": 3,
    "open_PR_count": 1,
    "readme_size": 531,
    "release_count": 0,
    "topic_count": 0,
    "15_commits": 0,
    "16_commits": 0,
    "17_commits": 0,
    "18_commits": 27,
    "19_commits": 15,
    "20_commits": 20,
    "21_commits": 1,
    "22_commits": 0,
    "15_committer_num": 0,
    "16_committer_num": 0,
    "17_committer_num": 0,
    "18_committer_num": 16,
    "19_committer_num": 3,
    "20_committer_num": 6,
    "21_committer_num": 1,
    "22_committer_num": 0
}{
    "stargazer_date": {
        "28990628": "2017-09-29T20:04:37",
        "127584": "2017-11-01T17:36:06",
        "5246839": "2018-02-05T23:04:00",
        "12045575": "2018-02-17T17:41:56",
        "20131470": "2018-05-08T15:01:20",
        "37270051": "2018-06-07T21:58:42",
        "817330": "2018-09-05T04:05:15",
        "37583082": "2018-11-12T07:48:04",
        "9428195": "2019-02-12T03:45:11",
        "49490318": "2019-05-29T10:17:33",
        "25505152": "2020-07-20T23:05:49",
        "10137567": "2021-02-14T08:14:56",
        "25142117": "2021-03-15T08:13:08"
    }
}[
    {
        "GHA": {}
    },
    {
        "Travis": []
    },
    {
        "CircleCI": []
    },
    {
        "AppVeyor": []
    },
    {
        "Azure": []
    },
    {
        "GitLab": []
    },
    {
        "Jenkins": []
    }
]