{
    "id": 111539414,
    "name": "libcamhal",
    "full_name": "intel/libcamhal",
    "org_name": "Intel Corporation",
    "org_id": 17888862,
    "created_at": "2017-11-21T11:22:21",
    "pushed_at": "2022-08-04T22:57:42",
    "updated_at": "2023-01-27T22:31:40",
    "isFork": false,
    "forks": 4,
    "forks_count": 4,
    "has_downloads": true,
    "has_issues": true,
    "has_pages": false,
    "has_projects": true,
    "has_wiki": true,
    "homepage": null,
    "language": null,
    "open_issues": 1,
    "open_issues_count": 1,
    "size": 1214,
    "stargazers_count": 2,
    "subscribers_count": 6,
    "watchers": 2,
    "watchers_count": 2,
    "first_commit": "2017-12-06T06:48:02",
    "last_commit": "2022-08-04T22:51:59",
    "branches_count": 1,
    "commit_comments_count": 0,
    "commits_count": 2,
    "countributors_count": 2,
    "downloads_count": 0,
    "events_count": 0,
    "issues_count": 1,
    "labels_count": 8,
    "milestones_count": 0,
    "PR_count": 0,
    "open_PR_count": 0,
    "readme_size": 507,
    "release_count": 0,
    "topic_count": 0,
    "15_commits": 0,
    "16_commits": 0,
    "17_commits": 1,
    "18_commits": 0,
    "19_commits": 0,
    "20_commits": 0,
    "21_commits": 0,
    "22_commits": 1,
    "15_committer_num": 0,
    "16_committer_num": 0,
    "17_committer_num": 1,
    "18_committer_num": 0,
    "19_committer_num": 0,
    "20_committer_num": 0,
    "21_committer_num": 0,
    "22_committer_num": 1
}{
    "stargazer_date": {
        "28421797": "2018-07-27T09:16:50",
        "24386338": "2019-05-28T02:17:01"
    }
}[
    {
        "GHA": {}
    },
    {
        "Travis": []
    },
    {
        "CircleCI": []
    },
    {
        "AppVeyor": []
    },
    {
        "Azure": []
    },
    {
        "GitLab": []
    },
    {
        "Jenkins": []
    }
]