{
    "id": 12393571,
    "name": "XenGT-Preview-xen",
    "full_name": "intel/XenGT-Preview-xen",
    "org_name": "Intel Corporation",
    "org_id": 17888862,
    "created_at": "2013-08-27T00:59:56",
    "pushed_at": "2022-08-04T22:58:33",
    "updated_at": "2023-01-27T22:31:33",
    "isFork": false,
    "forks": 7,
    "forks_count": 7,
    "has_downloads": true,
    "has_issues": true,
    "has_pages": false,
    "has_projects": true,
    "has_wiki": true,
    "homepage": null,
    "language": null,
    "open_issues": 24,
    "open_issues_count": 24,
    "size": 64319,
    "stargazers_count": 19,
    "subscribers_count": 19,
    "watchers": 19,
    "watchers_count": 19,
    "first_commit": "2013-08-29T07:14:19",
    "last_commit": "2022-08-04T22:52:49",
    "branches_count": 7,
    "commit_comments_count": 0,
    "commits_count": 14,
    "countributors_count": 4,
    "downloads_count": 0,
    "events_count": 0,
    "issues_count": 24,
    "labels_count": 6,
    "milestones_count": 0,
    "PR_count": 0,
    "open_PR_count": 0,
    "readme_size": 495,
    "release_count": 0,
    "topic_count": 0,
    "15_commits": 1,
    "16_commits": 0,
    "17_commits": 1,
    "18_commits": 0,
    "19_commits": 0,
    "20_commits": 0,
    "21_commits": 0,
    "22_commits": 1,
    "15_committer_num": 0,
    "16_committer_num": 0,
    "17_committer_num": 1,
    "18_committer_num": 0,
    "19_committer_num": 0,
    "20_committer_num": 0,
    "21_committer_num": 0,
    "22_committer_num": 1
}{
    "stargazer_date": {
        "279189": "2013-09-10T17:49:54",
        "53164": "2013-10-25T14:33:48",
        "7262050": "2014-04-12T03:41:43",
        "5024090": "2015-01-03T00:57:24",
        "3172829": "2015-01-13T15:52:20",
        "682607": "2015-01-14T17:29:22",
        "1238": "2015-02-24T18:21:21",
        "2579719": "2015-03-02T05:11:55",
        "6409992": "2015-06-15T07:19:02",
        "252110": "2015-08-05T07:04:48",
        "270937": "2015-09-06T09:58:50",
        "1522423": "2015-10-02T13:37:18",
        "921606": "2015-11-14T18:55:11",
        "1203358": "2015-12-15T14:53:17",
        "14851904": "2016-02-28T12:54:16",
        "8108603": "2016-05-06T13:37:14",
        "3042156": "2018-06-11T22:10:38",
        "49967792": "2020-09-29T11:45:54",
        "48541039": "2021-05-14T06:56:22"
    }
}[
    {
        "GHA": {}
    },
    {
        "Travis": []
    },
    {
        "CircleCI": []
    },
    {
        "AppVeyor": []
    },
    {
        "Azure": []
    },
    {
        "GitLab": []
    },
    {
        "Jenkins": []
    }
]