{
    "id": 124275005,
    "name": "qemu-sgx",
    "full_name": "intel/qemu-sgx",
    "org_name": "Intel Corporation",
    "org_id": 17888862,
    "created_at": "2018-03-07T18:07:08",
    "pushed_at": "2023-01-17T09:59:34",
    "updated_at": "2023-02-16T13:04:01",
    "isFork": false,
    "forks": 27,
    "forks_count": 27,
    "has_downloads": true,
    "has_issues": true,
    "has_pages": false,
    "has_projects": true,
    "has_wiki": true,
    "homepage": null,
    "language": "C",
    "open_issues": 6,
    "open_issues_count": 6,
    "size": 226539,
    "stargazers_count": 68,
    "subscribers_count": 11,
    "watchers": 68,
    "watchers_count": 68,
    "first_commit": "2020-08-16T17:07:11",
    "last_commit": "2023-01-17T09:59:34",
    "branches_count": 1,
    "commit_comments_count": 0,
    "commits_count": 93034,
    "countributors_count": 300,
    "downloads_count": 0,
    "events_count": 4,
    "issues_count": 6,
    "labels_count": 8,
    "milestones_count": 0,
    "PR_count": 2,
    "open_PR_count": 0,
    "readme_size": 5922,
    "release_count": 3,
    "topic_count": 0,
    "15_commits": 6318,
    "16_commits": 7096,
    "17_commits": 7874,
    "18_commits": 7775,
    "19_commits": 8105,
    "20_commits": 9567,
    "21_commits": 9141,
    "22_commits": 497,
    "15_committer_num": 200,
    "16_committer_num": 234,
    "17_committer_num": 236,
    "18_committer_num": 253,
    "19_committer_num": 262,
    "20_committer_num": 329,
    "21_committer_num": 308,
    "22_committer_num": 62
}{
    "stargazer_date": {
        "7093730": "2018-05-07T07:50:06",
        "7408503": "2018-05-16T23:36:11",
        "350635": "2018-06-12T13:26:25",
        "23633699": "2018-06-12T13:27:22",
        "287765": "2018-06-12T14:45:09",
        "11402109": "2018-06-26T02:48:46",
        "8213901": "2018-06-29T11:16:38",
        "23138962": "2018-07-26T02:46:49",
        "15226675": "2018-08-01T01:45:16",
        "79528": "2018-08-17T11:04:34",
        "6964893": "2018-08-17T23:45:40",
        "541066": "2018-09-03T07:52:25",
        "38565193": "2018-10-02T09:47:21",
        "13165857": "2018-11-05T07:22:51",
        "10090878": "2018-11-15T14:25:42",
        "7234361": "2019-01-02T04:42:34",
        "20915951": "2019-02-15T17:13:19",
        "6743252": "2019-02-18T18:32:30",
        "1774620": "2019-03-12T23:24:15",
        "11463096": "2019-04-01T09:17:37",
        "21038139": "2019-09-24T16:36:29",
        "51521122": "2019-11-05T06:23:24",
        "22075926": "2019-11-20T19:58:18",
        "10458513": "2019-12-04T11:56:03",
        "9324632": "2019-12-10T12:49:04",
        "52477259": "2019-12-11T11:54:03",
        "43713967": "2020-03-15T12:43:11",
        "50057650": "2020-04-03T18:35:53",
        "4240318": "2020-04-07T08:40:30",
        "7467216": "2020-04-16T09:48:19",
        "12993584": "2020-05-01T08:48:40",
        "4525445": "2020-05-07T21:55:38",
        "24202964": "2020-05-27T02:50:25",
        "16839162": "2020-05-27T11:23:14",
        "8034957": "2020-06-15T03:25:51",
        "25853444": "2020-06-25T20:20:32",
        "9821441": "2020-07-06T08:02:51",
        "26102943": "2020-08-07T08:14:48",
        "7810988": "2020-08-07T11:58:03",
        "6256515": "2020-08-10T02:43:22",
        "21300175": "2020-11-02T06:18:40",
        "4622009": "2020-11-05T06:14:24",
        "4699115": "2020-11-30T19:44:17",
        "35480440": "2020-12-29T12:45:15",
        "20694600": "2021-01-29T03:04:02",
        "1220868": "2021-02-26T03:26:33",
        "67545417": "2021-04-01T10:05:40",
        "22448523": "2021-04-02T01:23:37",
        "16009002": "2021-04-30T07:03:47",
        "13613955": "2021-05-01T07:02:29",
        "51063": "2021-05-02T09:49:59",
        "265507": "2021-06-29T14:17:09",
        "10562427": "2021-08-17T11:38:49",
        "3772057": "2021-10-12T14:15:59",
        "8554137": "2021-12-14T15:49:17",
        "2533659": "2021-12-16T12:55:42",
        "33920374": "2021-12-17T13:36:56",
        "5787724": "2021-12-22T09:48:13",
        "27323427": "2022-01-07T09:02:24",
        "3384212": "2022-01-14T18:41:39",
        "71587243": "2022-01-21T07:48:28",
        "14118552": "2022-02-22T09:13:31",
        "82196442": "2022-03-09T23:12:31",
        "3064145": "2022-04-06T04:13:56",
        "40513718": "2022-05-03T09:34:56",
        "36653795": "2022-08-21T13:03:02",
        "16970045": "2022-11-20T03:26:47",
        "5788791": "2023-02-16T13:04:01"
    }
}[
    {
        "GHA": [
            {
                "file_name": ".github/workflows/lockdown.yml",
                "commit_date": "2021-10-04T15:43:08",
                "status": "added",
                "first_commit": "2021-10-04T15:43:08",
                "last_commit": "2021-10-04T15:43:08",
                "CI_type": "GHA",
                "sha": "9b89cdb2a5064a87b8a7172fa1748d46aa37a9df"
            }
        ]
    },
    null,
    {
        "CircleCI": []
    },
    {
        "AppVeyor": []
    },
    {
        "Azure": []
    },
    {
        "GitLab": [
            {
                "file_name": "/.gitlab-ci.yml",
                "commit_date": "2021-07-27T14:24:28",
                "status": "modified",
                "first_commit": "2020-07-01T13:56:46",
                "last_commit": "2021-07-27T14:24:28",
                "CI_type": "GitLab",
                "sha": "9ada9fd2593716cc1c61f2d56bb84bef12056cb1"
            },
            {
                "file_name": "/.gitlab-ci.yml",
                "commit_date": "2021-05-25T05:18:39",
                "status": "modified",
                "first_commit": "2020-07-01T13:56:46",
                "last_commit": "2021-07-27T14:24:28",
                "CI_type": "GitLab",
                "sha": "f56bf4caf7179c82a50e3f7618f335526fba37d3"
            },
            {
                "file_name": "/.gitlab-ci.yml",
                "commit_date": "2021-05-25T04:34:01",
                "status": "modified",
                "first_commit": "2020-07-01T13:56:46",
                "last_commit": "2021-07-27T14:24:28",
                "CI_type": "GitLab",
                "sha": "8b185c815ce8c16d7dea20c5ec379f9f30f00c74"
            },
            {
                "file_name": "/.gitlab-ci.yml",
                "commit_date": "2021-04-10T10:58:55",
                "status": "modified",
                "first_commit": "2020-07-01T13:56:46",
                "last_commit": "2021-07-27T14:24:28",
                "CI_type": "GitLab",
                "sha": "a151926c80c3c8c279d664ca8182c46763ca0e42"
            },
            {
                "file_name": "/.gitlab-ci.yml",
                "commit_date": "2021-05-11T07:10:23",
                "status": "modified",
                "first_commit": "2020-07-01T13:56:46",
                "last_commit": "2021-07-27T14:24:28",
                "CI_type": "GitLab",
                "sha": "f2f5c3e62907088df2c0540f15c00ffc5a06211b"
            },
            {
                "file_name": "/.gitlab-ci.yml",
                "commit_date": "2021-05-14T12:04:04",
                "status": "modified",
                "first_commit": "2020-07-01T13:56:46",
                "last_commit": "2021-07-27T14:24:28",
                "CI_type": "GitLab",
                "sha": "dcaf5e8f2fab7426194f3d656cf272accd28518b"
            },
            {
                "file_name": "/.gitlab-ci.yml",
                "commit_date": "2021-05-19T18:55:01",
                "status": "modified",
                "first_commit": "2020-07-01T13:56:46",
                "last_commit": "2021-07-27T14:24:28",
                "CI_type": "GitLab",
                "sha": "6cd5251b407ab1ec7f5b8dbdc5d030ca48e4ed5c"
            },
            {
                "file_name": "/.gitlab-ci.yml",
                "commit_date": "2021-05-19T18:55:00",
                "status": "modified",
                "first_commit": "2020-07-01T13:56:46",
                "last_commit": "2021-07-27T14:24:28",
                "CI_type": "GitLab",
                "sha": "07df3dfafa94460082f704dab674a7911c844ba6"
            },
            {
                "file_name": "/.gitlab-ci.yml",
                "commit_date": "2021-05-19T18:54:59",
                "status": "modified",
                "first_commit": "2020-07-01T13:56:46",
                "last_commit": "2021-07-27T14:24:28",
                "CI_type": "GitLab",
                "sha": "f659e6584a2022473af14ac4d89f656515c25ea4"
            },
            {
                "file_name": "/.gitlab-ci.yml",
                "commit_date": "2021-05-19T18:54:55",
                "status": "modified",
                "first_commit": "2020-07-01T13:56:46",
                "last_commit": "2021-07-27T14:24:28",
                "CI_type": "GitLab",
                "sha": "a4b201d1ace0d25219491ac3e14930e9539ae762"
            },
            {
                "file_name": "/.gitlab-ci.yml",
                "commit_date": "2021-05-26T20:05:35",
                "status": "modified",
                "first_commit": "2020-07-01T13:56:46",
                "last_commit": "2021-07-27T14:24:28",
                "CI_type": "GitLab",
                "sha": "8385235ba99c53d1187658f2fc289b953a8090b1"
            },
            {
                "file_name": "/.gitlab-ci.yml",
                "commit_date": "2021-03-25T12:06:13",
                "status": "modified",
                "first_commit": "2020-07-01T13:56:46",
                "last_commit": "2021-07-27T14:24:28",
                "CI_type": "GitLab",
                "sha": "7cf333a37260c4aafa465453adc8e073e408967e"
            },
            {
                "file_name": "/.gitlab-ci.yml",
                "commit_date": "2021-05-20T17:42:58",
                "status": "modified",
                "first_commit": "2020-07-01T13:56:46",
                "last_commit": "2021-07-27T14:24:28",
                "CI_type": "GitLab",
                "sha": "1aab5f053655882fa84df203df5f57599829cd48"
            },
            {
                "file_name": "/.gitlab-ci.yml",
                "commit_date": "2021-05-12T10:20:28",
                "status": "modified",
                "first_commit": "2020-07-01T13:56:46",
                "last_commit": "2021-07-27T14:24:28",
                "CI_type": "GitLab",
                "sha": "910c40ee9444e8078027e9af4fabc5e08c11ecfd"
            },
            {
                "file_name": "/.gitlab-ci.yml",
                "commit_date": "2021-04-18T23:34:36",
                "status": "modified",
                "first_commit": "2020-07-01T13:56:46",
                "last_commit": "2021-07-27T14:24:28",
                "CI_type": "GitLab",
                "sha": "e267ce590071e687b178c61dd68ba4868a134bcf"
            },
            {
                "file_name": "/.gitlab-ci.yml",
                "commit_date": "2021-04-18T23:34:35",
                "status": "modified",
                "first_commit": "2020-07-01T13:56:46",
                "last_commit": "2021-07-27T14:24:28",
                "CI_type": "GitLab",
                "sha": "6683da0951ec0b508ae3e1b8758b0dd7cc7d4020"
            },
            {
                "file_name": "/.gitlab-ci.yml",
                "commit_date": "2021-05-03T08:40:34",
                "status": "modified",
                "first_commit": "2020-07-01T13:56:46",
                "last_commit": "2021-07-27T14:24:28",
                "CI_type": "GitLab",
                "sha": "4369223902a79b7fc56ca076d99b88ff14964ddd"
            },
            {
                "file_name": "/.gitlab-ci.yml",
                "commit_date": "2021-05-03T08:40:33",
                "status": "modified",
                "first_commit": "2020-07-01T13:56:46",
                "last_commit": "2021-07-27T14:24:28",
                "CI_type": "GitLab",
                "sha": "9d49bcf6992a2ba77f79d2512e23b8ca26d72f6a"
            },
            {
                "file_name": "/.gitlab-ci.yml",
                "commit_date": "2021-05-01T07:57:47",
                "status": "modified",
                "first_commit": "2020-07-01T13:56:46",
                "last_commit": "2021-07-27T14:24:28",
                "CI_type": "GitLab",
                "sha": "09ec85176e4095be15f233ebc870d5680123f024"
            },
            {
                "file_name": "/.gitlab-ci.yml",
                "commit_date": "2021-04-30T16:03:55",
                "status": "modified",
                "first_commit": "2020-07-01T13:56:46",
                "last_commit": "2021-07-27T14:24:28",
                "CI_type": "GitLab",
                "sha": "875bb7e35b78c609252187dc7bd68d90bf742da9"
            },
            {
                "file_name": "/.gitlab-ci.yml",
                "commit_date": "2021-03-25T12:06:13",
                "status": "modified",
                "first_commit": "2020-07-01T13:56:46",
                "last_commit": "2021-07-27T14:24:28",
                "CI_type": "GitLab",
                "sha": "1b874108a514a359939d12e973ddbba2dcaa3abc"
            },
            {
                "file_name": "/.gitlab-ci.yml",
                "commit_date": "2021-04-01T10:25:30",
                "status": "modified",
                "first_commit": "2020-07-01T13:56:46",
                "last_commit": "2021-07-27T14:24:28",
                "CI_type": "GitLab",
                "sha": "a2e5bbf0c407a572d9b687adaecf9995f66b4cd9"
            },
            {
                "file_name": "/.gitlab-ci.yml",
                "commit_date": "2021-04-01T10:25:29",
                "status": "modified",
                "first_commit": "2020-07-01T13:56:46",
                "last_commit": "2021-07-27T14:24:28",
                "CI_type": "GitLab",
                "sha": "5186685ed6b246de78daac7189afe347c2992eaa"
            },
            {
                "file_name": "/.gitlab-ci.yml",
                "commit_date": "2021-03-23T16:53:08",
                "status": "modified",
                "first_commit": "2020-07-01T13:56:46",
                "last_commit": "2021-07-27T14:24:28",
                "CI_type": "GitLab",
                "sha": "a9eb2df27f117bbac9f370bf8cb79532005f19c2"
            },
            {
                "file_name": "/.gitlab-ci.yml",
                "commit_date": "2021-03-23T16:53:01",
                "status": "modified",
                "first_commit": "2020-07-01T13:56:46",
                "last_commit": "2021-07-27T14:24:28",
                "CI_type": "GitLab",
                "sha": "9737c8bce932b760fc82929eebf3e8d3a26b1ce3"
            },
            {
                "file_name": "/.gitlab-ci.yml",
                "commit_date": "2021-03-23T16:52:56",
                "status": "modified",
                "first_commit": "2020-07-01T13:56:46",
                "last_commit": "2021-07-27T14:24:28",
                "CI_type": "GitLab",
                "sha": "65aff82076a9bbfdf70b1256c68c2f53b123e222"
            },
            {
                "file_name": "/.gitlab-ci.yml",
                "commit_date": "2021-03-14T15:13:53",
                "status": "modified",
                "first_commit": "2020-07-01T13:56:46",
                "last_commit": "2021-07-27T14:24:28",
                "CI_type": "GitLab",
                "sha": "757acb9a8295e8be4a37b2cfc1cd947e357fd29c"
            },
            {
                "file_name": "/.gitlab-ci.yml",
                "commit_date": "2021-03-11T14:22:11",
                "status": "modified",
                "first_commit": "2020-07-01T13:56:46",
                "last_commit": "2021-07-27T14:24:28",
                "CI_type": "GitLab",
                "sha": "342409564ca6fec299cea3cb618156c649748a4c"
            },
            {
                "file_name": "/.gitlab-ci.yml",
                "commit_date": "2021-03-11T14:22:10",
                "status": "modified",
                "first_commit": "2020-07-01T13:56:46",
                "last_commit": "2021-07-27T14:24:28",
                "CI_type": "GitLab",
                "sha": "7da153e81873ca5a1037c0c43b5766dfa2357db5"
            },
            {
                "file_name": "/.gitlab-ci.yml",
                "commit_date": "2021-03-11T14:22:09",
                "status": "modified",
                "first_commit": "2020-07-01T13:56:46",
                "last_commit": "2021-07-27T14:24:28",
                "CI_type": "GitLab",
                "sha": "4a859abd1d24fa9eb7f048b82f7b015f9cf6a8c1"
            },
            {
                "file_name": "/.gitlab-ci.yml",
                "commit_date": "2021-03-11T14:22:08",
                "status": "modified",
                "first_commit": "2020-07-01T13:56:46",
                "last_commit": "2021-07-27T14:24:28",
                "CI_type": "GitLab",
                "sha": "dd188e41847ced8f49c9ab6bb392e39456690f63"
            },
            {
                "file_name": "/.gitlab-ci.yml",
                "commit_date": "2021-03-11T16:20:57",
                "status": "modified",
                "first_commit": "2020-07-01T13:56:46",
                "last_commit": "2021-07-27T14:24:28",
                "CI_type": "GitLab",
                "sha": "f4abdf32714d1845b7c01ec136dd2b04c2f7db47"
            },
            {
                "file_name": "/.gitlab-ci.yml",
                "commit_date": "2021-03-05T09:23:27",
                "status": "modified",
                "first_commit": "2020-07-01T13:56:46",
                "last_commit": "2021-07-27T14:24:28",
                "CI_type": "GitLab",
                "sha": "1bb12e172af1f9e308b8858230651326e3bf4587"
            },
            {
                "file_name": "/.gitlab-ci.yml",
                "commit_date": "2021-03-05T09:23:26",
                "status": "modified",
                "first_commit": "2020-07-01T13:56:46",
                "last_commit": "2021-07-27T14:24:28",
                "CI_type": "GitLab",
                "sha": "e6d27a9c0db828c1fa2854eddefaab757b1e8447"
            },
            {
                "file_name": "/.gitlab-ci.yml",
                "commit_date": "2021-02-24T18:39:52",
                "status": "modified",
                "first_commit": "2020-07-01T13:56:46",
                "last_commit": "2021-07-27T14:24:28",
                "CI_type": "GitLab",
                "sha": "2cc1a90166b5baa7ae9d00baf7099254e1353485"
            },
            {
                "file_name": "/.gitlab-ci.yml",
                "commit_date": "2021-03-03T13:06:44",
                "status": "modified",
                "first_commit": "2020-07-01T13:56:46",
                "last_commit": "2021-07-27T14:24:28",
                "CI_type": "GitLab",
                "sha": "9f3a24cf1f9a3a0e94102c69d92c3a8eea7debc4"
            },
            {
                "file_name": "/.gitlab-ci.yml",
                "commit_date": "2021-01-27T05:59:03",
                "status": "modified",
                "first_commit": "2020-07-01T13:56:46",
                "last_commit": "2021-07-27T14:24:28",
                "CI_type": "GitLab",
                "sha": "53c915c627898c3d196a9ae6bd1e08ce38c31777"
            },
            {
                "file_name": "/.gitlab-ci.yml",
                "commit_date": "2021-01-31T10:46:21",
                "status": "modified",
                "first_commit": "2020-07-01T13:56:46",
                "last_commit": "2021-07-27T14:24:28",
                "CI_type": "GitLab",
                "sha": "3473f6ed88169e755123396447a5c119e74814c3"
            },
            {
                "file_name": "/.gitlab-ci.yml",
                "commit_date": "2021-02-15T17:14:38",
                "status": "modified",
                "first_commit": "2020-07-01T13:56:46",
                "last_commit": "2021-07-27T14:24:28",
                "CI_type": "GitLab",
                "sha": "c071f19b0dfaedd87d7f4ef18d6dc3e1e298674d"
            },
            {
                "file_name": "/.gitlab-ci.yml",
                "commit_date": "2021-02-16T13:29:54",
                "status": "modified",
                "first_commit": "2020-07-01T13:56:46",
                "last_commit": "2021-07-27T14:24:28",
                "CI_type": "GitLab",
                "sha": "f5157dc770c6a8ac22872ea7959bc9d93d02ec10"
            },
            {
                "file_name": "/.gitlab-ci.yml",
                "commit_date": "2021-02-16T13:29:53",
                "status": "modified",
                "first_commit": "2020-07-01T13:56:46",
                "last_commit": "2021-07-27T14:24:28",
                "CI_type": "GitLab",
                "sha": "764a0747a7540ee216421c3f95de8ae46a433dab"
            },
            {
                "file_name": "/.gitlab-ci.yml",
                "commit_date": "2021-02-11T12:27:40",
                "status": "modified",
                "first_commit": "2020-07-01T13:56:46",
                "last_commit": "2021-07-27T14:24:28",
                "CI_type": "GitLab",
                "sha": "0c99f50c52c315d81071bb9255971e165e1d0a6f"
            },
            {
                "file_name": "/.gitlab-ci.yml",
                "commit_date": "2021-02-11T12:27:39",
                "status": "modified",
                "first_commit": "2020-07-01T13:56:46",
                "last_commit": "2021-07-27T14:24:28",
                "CI_type": "GitLab",
                "sha": "ac6d7074c0751f60ea0cbc4f0d3a3cf336033b69"
            },
            {
                "file_name": "/.gitlab-ci.yml",
                "commit_date": "2021-02-11T12:27:38",
                "status": "modified",
                "first_commit": "2020-07-01T13:56:46",
                "last_commit": "2021-07-27T14:24:28",
                "CI_type": "GitLab",
                "sha": "3382261c26d05a3c93977f9a8d7974faf60bcd31"
            },
            {
                "file_name": "/.gitlab-ci.yml",
                "commit_date": "2021-02-11T12:27:37",
                "status": "modified",
                "first_commit": "2020-07-01T13:56:46",
                "last_commit": "2021-07-27T14:24:28",
                "CI_type": "GitLab",
                "sha": "c2b33c43fd6f65897adbf5209dbc08ee5cb6d47e"
            },
            {
                "file_name": "/.gitlab-ci.yml",
                "commit_date": "2021-02-11T12:27:36",
                "status": "modified",
                "first_commit": "2020-07-01T13:56:46",
                "last_commit": "2021-07-27T14:24:28",
                "CI_type": "GitLab",
                "sha": "04250c69bc100daf95a221b39ee438e679d093e8"
            },
            {
                "file_name": "/.gitlab-ci.yml",
                "commit_date": "2021-01-11T11:50:14",
                "status": "modified",
                "first_commit": "2020-07-01T13:56:46",
                "last_commit": "2021-07-27T14:24:28",
                "CI_type": "GitLab",
                "sha": "b6053de79f975d7ba534d7eeecdad02900dc63b4"
            },
            {
                "file_name": "/.gitlab-ci.yml",
                "commit_date": "2021-01-26T06:57:57",
                "status": "modified",
                "first_commit": "2020-07-01T13:56:46",
                "last_commit": "2021-07-27T14:24:28",
                "CI_type": "GitLab",
                "sha": "12a917a14fb3cb01538c7e85d4569cd97f272281"
            },
            {
                "file_name": "/.gitlab-ci.yml",
                "commit_date": "2021-01-26T17:23:45",
                "status": "modified",
                "first_commit": "2020-07-01T13:56:46",
                "last_commit": "2021-07-27T14:24:28",
                "CI_type": "GitLab",
                "sha": "8cd95aec4c205f0285b378f36648e9f1654dd954"
            },
            {
                "file_name": "/.gitlab-ci.yml",
                "commit_date": "2021-01-21T17:44:51",
                "status": "modified",
                "first_commit": "2020-07-01T13:56:46",
                "last_commit": "2021-07-27T14:24:28",
                "CI_type": "GitLab",
                "sha": "db0108d5d846e9a83545cb8f78444100a8686acb"
            },
            {
                "file_name": "/.gitlab-ci.yml",
                "commit_date": "2021-01-21T17:28:29",
                "status": "modified",
                "first_commit": "2020-07-01T13:56:46",
                "last_commit": "2021-07-27T14:24:28",
                "CI_type": "GitLab",
                "sha": "4e41d4a34e4d9f11a99a03c2279f84e98df21984"
            },
            {
                "file_name": "/.gitlab-ci.yml",
                "commit_date": "2021-01-18T06:38:08",
                "status": "modified",
                "first_commit": "2020-07-01T13:56:46",
                "last_commit": "2021-07-27T14:24:28",
                "CI_type": "GitLab",
                "sha": "b22786eab0f070a1981201ecbd952bafc371c615"
            },
            {
                "file_name": "/.gitlab-ci.yml",
                "commit_date": "2021-01-15T15:44:49",
                "status": "modified",
                "first_commit": "2020-07-01T13:56:46",
                "last_commit": "2021-07-27T14:24:28",
                "CI_type": "GitLab",
                "sha": "b93f4fbdc48283a39089469c44a5529d79dc40a8"
            },
            {
                "file_name": "/.gitlab-ci.yml",
                "commit_date": "2021-01-14T16:57:29",
                "status": "modified",
                "first_commit": "2020-07-01T13:56:46",
                "last_commit": "2021-07-27T14:24:28",
                "CI_type": "GitLab",
                "sha": "22250a6ecd16114b202a55a0ae99963b0a3a8f67"
            },
            {
                "file_name": "/.gitlab-ci.yml",
                "commit_date": "2021-01-14T16:57:27",
                "status": "modified",
                "first_commit": "2020-07-01T13:56:46",
                "last_commit": "2021-07-27T14:24:28",
                "CI_type": "GitLab",
                "sha": "a8a3abe0b39766a155d3ebd0216313e631a7d115"
            },
            {
                "file_name": "/.gitlab-ci.yml",
                "commit_date": "2020-12-29T08:50:46",
                "status": "modified",
                "first_commit": "2020-07-01T13:56:46",
                "last_commit": "2021-07-27T14:24:28",
                "CI_type": "GitLab",
                "sha": "b115ea3a0d24e12da9025faef5b695d44a552228"
            },
            {
                "file_name": "/.gitlab-ci.yml",
                "commit_date": "2020-12-10T19:04:16",
                "status": "modified",
                "first_commit": "2020-07-01T13:56:46",
                "last_commit": "2021-07-27T14:24:28",
                "CI_type": "GitLab",
                "sha": "53f41245b0cac82cccb4fa13b65033c5e34992c1"
            },
            {
                "file_name": "/.gitlab-ci.yml",
                "commit_date": "2020-12-10T19:04:15",
                "status": "modified",
                "first_commit": "2020-07-01T13:56:46",
                "last_commit": "2021-07-27T14:24:28",
                "CI_type": "GitLab",
                "sha": "3fed93f312a8898ff391575748bdac240b477d0b"
            },
            {
                "file_name": "/.gitlab-ci.yml",
                "commit_date": "2020-12-11T18:38:27",
                "status": "modified",
                "first_commit": "2020-07-01T13:56:46",
                "last_commit": "2021-07-27T14:24:28",
                "CI_type": "GitLab",
                "sha": "df063546c2de1a5045e356253abd9a2e6e2bec6d"
            },
            {
                "file_name": "/.gitlab-ci.yml",
                "commit_date": "2020-12-11T18:38:26",
                "status": "modified",
                "first_commit": "2020-07-01T13:56:46",
                "last_commit": "2021-07-27T14:24:28",
                "CI_type": "GitLab",
                "sha": "ba2232bae6d67706b6a72e487fd57ccf38486a14"
            },
            {
                "file_name": "/.gitlab-ci.yml",
                "commit_date": "2020-12-09T20:08:54",
                "status": "modified",
                "first_commit": "2020-07-01T13:56:46",
                "last_commit": "2021-07-27T14:24:28",
                "CI_type": "GitLab",
                "sha": "5e7b204dbfae9a562fc73684986f936b97f63877"
            },
            {
                "file_name": "/.gitlab-ci.yml",
                "commit_date": "2020-11-25T10:06:40",
                "status": "modified",
                "first_commit": "2020-07-01T13:56:46",
                "last_commit": "2021-07-27T14:24:28",
                "CI_type": "GitLab",
                "sha": "c4698e360cf9e29fdbd37d0bd0c248fe2e6d3c3b"
            },
            {
                "file_name": "/.gitlab-ci.yml",
                "commit_date": "2020-11-08T20:45:30",
                "status": "modified",
                "first_commit": "2020-07-01T13:56:46",
                "last_commit": "2021-07-27T14:24:28",
                "CI_type": "GitLab",
                "sha": "d1a8b308a4ceb1071683bfcee22bd646b251f4a0"
            },
            {
                "file_name": "/.gitlab-ci.yml",
                "commit_date": "2020-11-08T20:45:28",
                "status": "modified",
                "first_commit": "2020-07-01T13:56:46",
                "last_commit": "2021-07-27T14:24:28",
                "CI_type": "GitLab",
                "sha": "d01bc2531c4055ca8b5c3a0cacb9e26d321550c7"
            },
            {
                "file_name": "/.gitlab-ci.yml",
                "commit_date": "2020-11-08T20:45:24",
                "status": "modified",
                "first_commit": "2020-07-01T13:56:46",
                "last_commit": "2021-07-27T14:24:28",
                "CI_type": "GitLab",
                "sha": "0c4d885f08485de1a4a51b31a7b5af66e181667e"
            },
            {
                "file_name": "/.gitlab-ci.yml",
                "commit_date": "2020-11-08T20:45:23",
                "status": "modified",
                "first_commit": "2020-07-01T13:56:46",
                "last_commit": "2021-07-27T14:24:28",
                "CI_type": "GitLab",
                "sha": "94a4f8167dd9dde35b27e1d82bdf6c2fa5071364"
            },
            {
                "file_name": "/.gitlab-ci.yml",
                "commit_date": "2020-12-07T13:14:59",
                "status": "modified",
                "first_commit": "2020-07-01T13:56:46",
                "last_commit": "2021-07-27T14:24:28",
                "CI_type": "GitLab",
                "sha": "37b6fd6658ff79dd8e3ef0d3bc0d13866d077b53"
            },
            {
                "file_name": "/.gitlab-ci.yml",
                "commit_date": "2020-11-17T17:36:35",
                "status": "modified",
                "first_commit": "2020-07-01T13:56:46",
                "last_commit": "2021-07-27T14:24:28",
                "CI_type": "GitLab",
                "sha": "1352d5688da004642d3e9e19697802989f2915d7"
            },
            {
                "file_name": "/.gitlab-ci.yml",
                "commit_date": "2020-11-17T17:36:33",
                "status": "modified",
                "first_commit": "2020-07-01T13:56:46",
                "last_commit": "2021-07-27T14:24:28",
                "CI_type": "GitLab",
                "sha": "ac74e282d4c769b4fb4f58b8f5e04df5c03f3c49"
            },
            {
                "file_name": "/.gitlab-ci.yml",
                "commit_date": "2020-11-02T13:09:24",
                "status": "modified",
                "first_commit": "2020-07-01T13:56:46",
                "last_commit": "2021-07-27T14:24:28",
                "CI_type": "GitLab",
                "sha": "d0f26e68a0545db5010e8fac7386739a2c7213b3"
            },
            {
                "file_name": "/.gitlab-ci.yml",
                "commit_date": "2020-11-02T13:09:23",
                "status": "modified",
                "first_commit": "2020-07-01T13:56:46",
                "last_commit": "2021-07-27T14:24:28",
                "CI_type": "GitLab",
                "sha": "4daa9055beffa17ed47a71d52e7af219acc38e29"
            },
            {
                "file_name": "/.gitlab-ci.yml",
                "commit_date": "2020-11-08T22:19:15",
                "status": "modified",
                "first_commit": "2020-07-01T13:56:46",
                "last_commit": "2021-07-27T14:24:28",
                "CI_type": "GitLab",
                "sha": "7433a6860bee36d570c69720760238252a92090b"
            },
            {
                "file_name": "/.gitlab-ci.yml",
                "commit_date": "2020-10-22T12:33:02",
                "status": "modified",
                "first_commit": "2020-07-01T13:56:46",
                "last_commit": "2021-07-27T14:24:28",
                "CI_type": "GitLab",
                "sha": "8d77ce1d89a208e2de14dc216e42a54657cdc614"
            },
            {
                "file_name": "/.gitlab-ci.yml",
                "commit_date": "2020-08-05T15:18:00",
                "status": "modified",
                "first_commit": "2020-07-01T13:56:46",
                "last_commit": "2021-07-27T14:24:28",
                "CI_type": "GitLab",
                "sha": "67202baeaa856e9fe66cffc3a9abeeada1f45a43"
            },
            {
                "file_name": "/.gitlab-ci.yml",
                "commit_date": "2020-10-16T09:49:28",
                "status": "modified",
                "first_commit": "2020-07-01T13:56:46",
                "last_commit": "2021-07-27T14:24:28",
                "CI_type": "GitLab",
                "sha": "c47110d90fa5401bcc42c17f8ae0724a1c96599a"
            },
            {
                "file_name": "/.gitlab-ci.yml",
                "commit_date": "2020-10-13T11:46:26",
                "status": "modified",
                "first_commit": "2020-07-01T13:56:46",
                "last_commit": "2021-07-27T14:24:28",
                "CI_type": "GitLab",
                "sha": "b37da837630ca7cdbc45de4c5339bbfc6d21beed"
            },
            {
                "file_name": "/.gitlab-ci.yml",
                "commit_date": "2020-09-18T13:29:02",
                "status": "modified",
                "first_commit": "2020-07-01T13:56:46",
                "last_commit": "2021-07-27T14:24:28",
                "CI_type": "GitLab",
                "sha": "34ed46a2845df4305aa35c22ea517b4241faae06"
            },
            {
                "file_name": "/.gitlab-ci.yml",
                "commit_date": "2020-09-18T13:29:01",
                "status": "modified",
                "first_commit": "2020-07-01T13:56:46",
                "last_commit": "2021-07-27T14:24:28",
                "CI_type": "GitLab",
                "sha": "1f47547256b72fecd9ebf629a8e48cd20282a758"
            },
            {
                "file_name": "/.gitlab-ci.yml",
                "commit_date": "2020-10-09T20:55:13",
                "status": "modified",
                "first_commit": "2020-07-01T13:56:46",
                "last_commit": "2021-07-27T14:24:28",
                "CI_type": "GitLab",
                "sha": "ec4d2feb27c5e46a69e2c2d588e982c9327e325e"
            },
            {
                "file_name": "/.gitlab-ci.yml",
                "commit_date": "2020-10-09T20:55:12",
                "status": "modified",
                "first_commit": "2020-07-01T13:56:46",
                "last_commit": "2021-07-27T14:24:28",
                "CI_type": "GitLab",
                "sha": "52dff285698a3c9c7d97d8a790439a16f5fdb038"
            },
            {
                "file_name": "/.gitlab-ci.yml",
                "commit_date": "2020-10-02T14:35:24",
                "status": "modified",
                "first_commit": "2020-07-01T13:56:46",
                "last_commit": "2021-07-27T14:24:28",
                "CI_type": "GitLab",
                "sha": "320c6e78930e588c548f7bfe84f43fe5dfe2e5ad"
            },
            {
                "file_name": "/.gitlab-ci.yml",
                "commit_date": "2020-10-07T10:43:03",
                "status": "modified",
                "first_commit": "2020-07-01T13:56:46",
                "last_commit": "2021-07-27T14:24:28",
                "CI_type": "GitLab",
                "sha": "d8a18da56df93b7f778fb97ba370031597d19ffd"
            },
            {
                "file_name": "/.gitlab-ci.yml",
                "commit_date": "2020-10-02T09:15:38",
                "status": "modified",
                "first_commit": "2020-07-01T13:56:46",
                "last_commit": "2021-07-27T14:24:28",
                "CI_type": "GitLab",
                "sha": "2614670b7585ce4ec503546bc3023844d392f270"
            },
            {
                "file_name": "/.gitlab-ci.yml",
                "commit_date": "2020-10-02T10:32:23",
                "status": "modified",
                "first_commit": "2020-07-01T13:56:46",
                "last_commit": "2021-07-27T14:24:28",
                "CI_type": "GitLab",
                "sha": "8cdb2cef3f1c5f0d7c1fb96ed337d27d9b6267d6"
            },
            {
                "file_name": "/.gitlab-ci.yml",
                "commit_date": "2020-09-25T15:40:22",
                "status": "modified",
                "first_commit": "2020-07-01T13:56:46",
                "last_commit": "2021-07-27T14:24:28",
                "CI_type": "GitLab",
                "sha": "5fdf6e22d9521b2c3a5a84b3d17141bf93572c0f"
            },
            {
                "file_name": "/.gitlab-ci.yml",
                "commit_date": "2020-09-15T13:43:17",
                "status": "modified",
                "first_commit": "2020-07-01T13:56:46",
                "last_commit": "2021-07-27T14:24:28",
                "CI_type": "GitLab",
                "sha": "3ffc7f013763bf4fc50c3b403cbacca2bee68cfa"
            },
            {
                "file_name": "/.gitlab-ci.yml",
                "commit_date": "2020-09-15T13:43:16",
                "status": "modified",
                "first_commit": "2020-07-01T13:56:46",
                "last_commit": "2021-07-27T14:24:28",
                "CI_type": "GitLab",
                "sha": "1c0c06b1ea29d6f81424011f9b69b77cb0ea87ce"
            },
            {
                "file_name": "/.gitlab-ci.yml",
                "commit_date": "2020-09-01T13:30:50",
                "status": "modified",
                "first_commit": "2020-07-01T13:56:46",
                "last_commit": "2021-07-27T14:24:28",
                "CI_type": "GitLab",
                "sha": "affcc09c2d54780b76f135bca79a65a1343a7269"
            },
            {
                "file_name": "/.gitlab-ci.yml",
                "commit_date": "2020-07-31T06:38:23",
                "status": "modified",
                "first_commit": "2020-07-01T13:56:46",
                "last_commit": "2021-07-27T14:24:28",
                "CI_type": "GitLab",
                "sha": "6bcb5fc0f7a543320fbfaabbb3ffe4a9db241222"
            },
            {
                "file_name": "/.gitlab-ci.yml",
                "commit_date": "2020-08-05T21:10:44",
                "status": "modified",
                "first_commit": "2020-07-01T13:56:46",
                "last_commit": "2021-07-27T14:24:28",
                "CI_type": "GitLab",
                "sha": "0a796d63bcd4e840bb94fbe894ae2ad77b9ee2f7"
            },
            {
                "file_name": "/.gitlab-ci.yml",
                "commit_date": "2020-08-05T20:59:09",
                "status": "modified",
                "first_commit": "2020-07-01T13:56:46",
                "last_commit": "2021-07-27T14:24:28",
                "CI_type": "GitLab",
                "sha": "5ab04d5e6ff34d38b5d9a57c2e2bd30350950f86"
            },
            {
                "file_name": "/.gitlab-ci.yml",
                "commit_date": "2020-08-05T19:19:59",
                "status": "modified",
                "first_commit": "2020-07-01T13:56:46",
                "last_commit": "2021-07-27T14:24:28",
                "CI_type": "GitLab",
                "sha": "a7524adb412b7db02b6ccb7d1eeaa6847edae62a"
            },
            {
                "file_name": "/.gitlab-ci.yml",
                "commit_date": "2020-08-03T15:04:25",
                "status": "modified",
                "first_commit": "2020-07-01T13:56:46",
                "last_commit": "2021-07-27T14:24:28",
                "CI_type": "GitLab",
                "sha": "64ed6f92ffebb419ba71ef61e7bdb5f165c5043a"
            },
            {
                "file_name": "/.gitlab-ci.yml",
                "commit_date": "2020-07-30T08:35:48",
                "status": "modified",
                "first_commit": "2020-07-01T13:56:46",
                "last_commit": "2021-07-27T14:24:28",
                "CI_type": "GitLab",
                "sha": "5896c5395476ca30caad6ddd48d4b9dca2c63c00"
            },
            {
                "file_name": "/.gitlab-ci.yml",
                "commit_date": "2020-07-14T15:35:45",
                "status": "modified",
                "first_commit": "2020-07-01T13:56:46",
                "last_commit": "2021-07-27T14:24:28",
                "CI_type": "GitLab",
                "sha": "699616db6465b01580d5ddea18887a562206d928"
            },
            {
                "file_name": "/.gitlab-ci.yml",
                "commit_date": "2020-07-16T16:33:30",
                "status": "modified",
                "first_commit": "2020-07-01T13:56:46",
                "last_commit": "2021-07-27T14:24:28",
                "CI_type": "GitLab",
                "sha": "48eac1019769ebc4647ba380a828c25d8014be37"
            },
            {
                "file_name": "/.gitlab-ci.yml",
                "commit_date": "2020-07-15T04:32:48",
                "status": "modified",
                "first_commit": "2020-07-01T13:56:46",
                "last_commit": "2021-07-27T14:24:28",
                "CI_type": "GitLab",
                "sha": "b610eba335d5c8ac7484dbb1c886b125e2dea058"
            },
            {
                "file_name": "/.gitlab-ci.yml",
                "commit_date": "2020-07-01T13:56:51",
                "status": "modified",
                "first_commit": "2020-07-01T13:56:46",
                "last_commit": "2021-07-27T14:24:28",
                "CI_type": "GitLab",
                "sha": "a6eeac3bf535514a2a4b29f5dd8c24306796d8d5"
            },
            {
                "file_name": "/.gitlab-ci.yml",
                "commit_date": "2020-07-01T13:56:47",
                "status": "modified",
                "first_commit": "2020-07-01T13:56:46",
                "last_commit": "2021-07-27T14:24:28",
                "CI_type": "GitLab",
                "sha": "6957fd98dc1b5c9501cb8e16d4b39d39a80a1820"
            },
            {
                "file_name": "/.gitlab-ci.yml",
                "commit_date": "2020-07-01T13:56:46",
                "status": "modified",
                "first_commit": "2020-07-01T13:56:46",
                "last_commit": "2021-07-27T14:24:28",
                "CI_type": "GitLab",
                "sha": "62c902e03b166de71ae93afdd21c1f2028a53100"
            },
            {
                "file_name": "/.gitlab-ci.yml",
                "commit_date": "2020-07-01T13:56:42",
                "status": "modified",
                "first_commit": "2020-07-01T13:56:46",
                "last_commit": "2021-07-27T14:24:28",
                "CI_type": "GitLab",
                "sha": "c5008c76eef0531a901ddb2951a08e81165a4365"
            },
            {
                "file_name": "/.gitlab-ci.yml",
                "commit_date": "2020-07-01T13:56:34",
                "status": "modified",
                "first_commit": "2020-07-01T13:56:46",
                "last_commit": "2021-07-27T14:24:28",
                "CI_type": "GitLab",
                "sha": "c962864f1de4078330d02a0b75029fd9b1db40a0"
            },
            {
                "file_name": "/.gitlab-ci.yml",
                "commit_date": "2020-07-01T13:56:33",
                "status": "modified",
                "first_commit": "2020-07-01T13:56:46",
                "last_commit": "2021-07-27T14:24:28",
                "CI_type": "GitLab",
                "sha": "fa821f23e14c4509bd1dc76b22635e2bbe111808"
            },
            {
                "file_name": "/.gitlab-ci.yml",
                "commit_date": "2020-07-01T13:56:32",
                "status": "modified",
                "first_commit": "2020-07-01T13:56:46",
                "last_commit": "2021-07-27T14:24:28",
                "CI_type": "GitLab",
                "sha": "d0caa0a8813d474749f4cac4ed7029b142a82189"
            },
            {
                "file_name": "/.gitlab-ci.yml",
                "commit_date": "2020-05-21T04:50:10",
                "status": "modified",
                "first_commit": "2020-07-01T13:56:46",
                "last_commit": "2021-07-27T14:24:28",
                "CI_type": "GitLab",
                "sha": "0016afa250d251a1b3fbc90c6d618e7f00e02f14"
            },
            {
                "file_name": "/.gitlab-ci.yml",
                "commit_date": "2020-05-20T08:38:37",
                "status": "modified",
                "first_commit": "2020-07-01T13:56:46",
                "last_commit": "2021-07-27T14:24:28",
                "CI_type": "GitLab",
                "sha": "b5d621ff4a7d86e82a58104d5706bda2b4238626"
            },
            {
                "file_name": "/.gitlab-ci.yml",
                "commit_date": "2020-05-20T07:45:58",
                "status": "modified",
                "first_commit": "2020-07-01T13:56:46",
                "last_commit": "2021-07-27T14:24:28",
                "CI_type": "GitLab",
                "sha": "922febe2af0a636636d3b0fd4309f26072cfd2cc"
            },
            {
                "file_name": "/.gitlab-ci.yml",
                "commit_date": "2020-03-12T19:36:14",
                "status": "modified",
                "first_commit": "2020-07-01T13:56:46",
                "last_commit": "2021-07-27T14:24:28",
                "CI_type": "GitLab",
                "sha": "65ea4e65df15682f058b3ef61c8d8fc278ddc0d3"
            },
            {
                "file_name": "/.gitlab-ci.yml",
                "commit_date": "2020-05-15T16:30:27",
                "status": "modified",
                "first_commit": "2020-07-01T13:56:46",
                "last_commit": "2021-07-27T14:24:28",
                "CI_type": "GitLab",
                "sha": "f3ea07c70debad6b8f6c084ad0e0c9ff27b3e73c"
            },
            {
                "file_name": "/.gitlab-ci.yml",
                "commit_date": "2020-02-24T13:39:44",
                "status": "modified",
                "first_commit": "2020-07-01T13:56:46",
                "last_commit": "2021-07-27T14:24:28",
                "CI_type": "GitLab",
                "sha": "c6fc0fc1a71a0cb09b472cf36dded3c52bd77880"
            },
            {
                "file_name": "/.gitlab-ci.yml",
                "commit_date": "2019-12-17T20:15:24",
                "status": "modified",
                "first_commit": "2020-07-01T13:56:46",
                "last_commit": "2021-07-27T14:24:28",
                "CI_type": "GitLab",
                "sha": "3a67848134d0c07da49033f9ed08bf0ddeec0c6d"
            },
            {
                "file_name": "/.gitlab-ci.yml",
                "commit_date": "2020-01-20T13:33:32",
                "status": "modified",
                "first_commit": "2020-07-01T13:56:46",
                "last_commit": "2021-07-27T14:24:28",
                "CI_type": "GitLab",
                "sha": "c7cf4ddb8068d83d6da1a626590ca67ba4c508ad"
            },
            {
                "file_name": "/.gitlab-ci.yml",
                "commit_date": "2020-01-03T11:26:25",
                "status": "modified",
                "first_commit": "2020-07-01T13:56:46",
                "last_commit": "2021-07-27T14:24:28",
                "CI_type": "GitLab",
                "sha": "71920809ceabedf7dbec67dda4d649bcbb11f55c"
            },
            {
                "file_name": "/.gitlab-ci.yml",
                "commit_date": "2019-09-26T15:51:57",
                "status": "modified",
                "first_commit": "2020-07-01T13:56:46",
                "last_commit": "2021-07-27T14:24:28",
                "CI_type": "GitLab",
                "sha": "c82b95489f8c33318101d18e643f7b50259d8e4e"
            },
            {
                "file_name": "/.gitlab-ci.yml",
                "commit_date": "2019-09-09T10:04:01",
                "status": "modified",
                "first_commit": "2020-07-01T13:56:46",
                "last_commit": "2021-07-27T14:24:28",
                "CI_type": "GitLab",
                "sha": "1e8a1fae7464ef79c9e50aa0f807d2c511be3c8e"
            },
            {
                "file_name": "/.gitlab-ci.yml",
                "commit_date": "2019-12-11T14:33:49",
                "status": "modified",
                "first_commit": "2020-07-01T13:56:46",
                "last_commit": "2021-07-27T14:24:28",
                "CI_type": "GitLab",
                "sha": "bc4486fb233573e77b6e9ad6d6379afb5e37ad8c"
            },
            {
                "file_name": "/.gitlab-ci.yml",
                "commit_date": "2019-11-20T09:10:14",
                "status": "modified",
                "first_commit": "2020-07-01T13:56:46",
                "last_commit": "2021-07-27T14:24:28",
                "CI_type": "GitLab",
                "sha": "2831a7e580e0ee85ff9dbb225a38e5741671542e"
            },
            {
                "file_name": "/.gitlab-ci.yml",
                "commit_date": "2019-11-29T14:21:26",
                "status": "modified",
                "first_commit": "2020-07-01T13:56:46",
                "last_commit": "2021-07-27T14:24:28",
                "CI_type": "GitLab",
                "sha": "24e15a0b690761c5eada94395650dd1b2dd130ec"
            },
            {
                "file_name": "/.gitlab-ci.yml",
                "commit_date": "2019-10-16T13:10:02",
                "status": "modified",
                "first_commit": "2020-07-01T13:56:46",
                "last_commit": "2021-07-27T14:24:28",
                "CI_type": "GitLab",
                "sha": "17db6bf4f1b8f3918d90b39cf99376a2c23946e3"
            },
            {
                "file_name": "/.gitlab-ci.yml",
                "commit_date": "2019-09-05T10:36:50",
                "status": "modified",
                "first_commit": "2020-07-01T13:56:46",
                "last_commit": "2021-07-27T14:24:28",
                "CI_type": "GitLab",
                "sha": "e7dc804ef0d7cac9ac8b4a1324ab7dbfafb55704"
            },
            {
                "file_name": "/.gitlab-ci.yml",
                "commit_date": "2019-07-16T09:30:35",
                "status": "modified",
                "first_commit": "2020-07-01T13:56:46",
                "last_commit": "2021-07-27T14:24:28",
                "CI_type": "GitLab",
                "sha": "72e031f3b80a421b309ce0d1759b26e428f944db"
            },
            {
                "file_name": "/.gitlab-ci.yml",
                "commit_date": "2019-04-10T12:35:50",
                "status": "modified",
                "first_commit": "2020-07-01T13:56:46",
                "last_commit": "2021-07-27T14:24:28",
                "CI_type": "GitLab",
                "sha": "5f55d64b38cd20c97c31929f1566f38e2c5ae44b"
            },
            {
                "file_name": "/.gitlab-ci.yml",
                "commit_date": "2019-02-13T11:54:41",
                "status": "added",
                "first_commit": "2020-07-01T13:56:46",
                "last_commit": "2021-07-27T14:24:28",
                "CI_type": "GitLab",
                "sha": "0a8b05c7cbd1412561d72e80beb9bead57a1a9aa"
            }
        ]
    },
    {
        "Jenkins": []
    }
]