{
    "id": 12446909,
    "name": "XenGT-Preview-kernel",
    "full_name": "intel/XenGT-Preview-kernel",
    "org_name": "Intel Corporation",
    "org_id": 17888862,
    "created_at": "2013-08-28T23:32:11",
    "pushed_at": "2022-08-04T23:00:34",
    "updated_at": "2023-01-27T22:31:33",
    "isFork": false,
    "forks": 14,
    "forks_count": 14,
    "has_downloads": true,
    "has_issues": true,
    "has_pages": false,
    "has_projects": true,
    "has_wiki": true,
    "homepage": null,
    "language": "C",
    "open_issues": 17,
    "open_issues_count": 17,
    "size": 882186,
    "stargazers_count": 32,
    "subscribers_count": 24,
    "watchers": 32,
    "watchers_count": 32,
    "first_commit": "2014-09-04T11:54:56",
    "last_commit": "2022-08-04T22:54:49",
    "branches_count": 7,
    "commit_comments_count": 0,
    "commits_count": 469375,
    "countributors_count": -1,
    "downloads_count": 0,
    "events_count": 0,
    "issues_count": 17,
    "labels_count": 6,
    "milestones_count": 0,
    "PR_count": 0,
    "open_PR_count": 0,
    "readme_size": 495,
    "release_count": 0,
    "topic_count": 0,
    "15_commits": 3,
    "16_commits": 0,
    "17_commits": 2,
    "18_commits": 0,
    "19_commits": 0,
    "20_commits": 0,
    "21_commits": 0,
    "22_commits": 1,
    "15_committer_num": 0,
    "16_committer_num": 0,
    "17_committer_num": 1,
    "18_committer_num": 0,
    "19_committer_num": 0,
    "20_committer_num": 0,
    "21_committer_num": 0,
    "22_committer_num": 1
}{
    "stargazer_date": {
        "279189": "2013-09-10T17:54:07",
        "5475564": "2013-09-17T06:08:38",
        "43473": "2013-11-14T17:09:54",
        "7262050": "2014-04-14T07:42:38",
        "2947458": "2014-05-06T13:55:39",
        "386933": "2014-09-19T22:47:41",
        "15549": "2014-11-20T20:32:57",
        "1917111": "2014-12-11T04:03:27",
        "3172829": "2015-01-13T15:52:11",
        "682607": "2015-01-14T17:29:30",
        "6472967": "2015-01-16T08:29:23",
        "6907706": "2015-01-19T03:32:19",
        "2706": "2015-02-17T11:23:51",
        "1238": "2015-02-24T18:21:11",
        "1694505": "2015-03-01T03:20:01",
        "2579719": "2015-03-02T05:12:27",
        "1121155": "2015-03-23T08:31:08",
        "592974": "2015-04-11T06:37:53",
        "426116": "2015-06-08T12:00:40",
        "6409992": "2015-06-15T07:15:48",
        "1243274": "2015-07-08T00:51:22",
        "252110": "2015-08-05T07:05:44",
        "14844053": "2015-09-25T22:41:48",
        "1522423": "2015-10-02T13:37:19",
        "1203358": "2015-12-15T14:53:08",
        "5523715": "2016-05-16T02:13:59",
        "148051": "2017-05-08T11:25:21",
        "3042156": "2018-06-11T22:10:30",
        "4684177": "2019-02-21T09:22:22",
        "49967792": "2020-09-29T11:45:07",
        "48541039": "2021-05-14T06:55:35",
        "77270007": "2022-08-24T16:07:47"
    }
}[
    {
        "GHA": {}
    },
    {
        "Travis": []
    },
    {
        "CircleCI": []
    },
    {
        "AppVeyor": []
    },
    {
        "Azure": []
    },
    {
        "GitLab": []
    },
    {
        "Jenkins": []
    }
]