{
    "id": 12577697,
    "name": "omxil_core",
    "full_name": "intel/omxil_core",
    "org_name": "Intel Corporation",
    "org_id": 17888862,
    "created_at": "2013-09-03T23:56:49",
    "pushed_at": "2014-12-08T01:10:57",
    "updated_at": "2023-01-28T18:30:30",
    "isFork": false,
    "forks": 10,
    "forks_count": 10,
    "has_downloads": true,
    "has_issues": true,
    "has_pages": false,
    "has_projects": true,
    "has_wiki": true,
    "homepage": null,
    "language": "C",
    "open_issues": 0,
    "open_issues_count": 0,
    "size": 634,
    "stargazers_count": 3,
    "subscribers_count": 28,
    "watchers": 3,
    "watchers_count": 3,
    "first_commit": "2009-12-31T01:00:25",
    "last_commit": "2014-12-05T05:23:37",
    "branches_count": 4,
    "commit_comments_count": 0,
    "commits_count": 288,
    "countributors_count": 12,
    "downloads_count": 0,
    "events_count": 0,
    "issues_count": 0,
    "labels_count": 6,
    "milestones_count": 0,
    "PR_count": 8,
    "open_PR_count": 0,
    "readme_size": 57,
    "release_count": 0,
    "topic_count": 0,
    "15_commits": 0,
    "16_commits": 0,
    "17_commits": 0,
    "18_commits": 0,
    "19_commits": 0,
    "20_commits": 0,
    "21_commits": 0,
    "22_commits": 0,
    "15_committer_num": 0,
    "16_committer_num": 0,
    "17_committer_num": 0,
    "18_committer_num": 0,
    "19_committer_num": 0,
    "20_committer_num": 0,
    "21_committer_num": 0,
    "22_committer_num": 0
}{
    "stargazer_date": {
        "69215": "2013-09-09T20:38:52",
        "3287107": "2013-11-23T16:14:23",
        "5788791": "2021-08-20T23:20:59"
    }
}[
    {
        "GHA": {}
    },
    {
        "Travis": []
    },
    {
        "CircleCI": []
    },
    {
        "AppVeyor": []
    },
    {
        "Azure": []
    },
    {
        "GitLab": []
    },
    {
        "Jenkins": []
    }
]