{
    "id": 125925255,
    "name": "HPC-containers-from-Intel",
    "full_name": "intel/HPC-containers-from-Intel",
    "org_name": "Intel Corporation",
    "org_id": 17888862,
    "created_at": "2018-03-19T21:54:45",
    "pushed_at": "2023-01-07T00:37:50",
    "updated_at": "2023-02-26T08:29:17",
    "isFork": false,
    "forks": 10,
    "forks_count": 10,
    "has_downloads": true,
    "has_issues": true,
    "has_pages": false,
    "has_projects": true,
    "has_wiki": true,
    "homepage": "https://intel.github.io/Intel-HPC-Container/.",
    "language": null,
    "open_issues": 3,
    "open_issues_count": 3,
    "size": 14556,
    "stargazers_count": 19,
    "subscribers_count": 9,
    "watchers": 19,
    "watchers_count": 19,
    "first_commit": "2018-07-26T16:25:58",
    "last_commit": "2023-01-07T00:37:47",
    "branches_count": 1,
    "commit_comments_count": 0,
    "commits_count": 50,
    "countributors_count": 3,
    "downloads_count": 0,
    "events_count": 2,
    "issues_count": 3,
    "labels_count": 8,
    "milestones_count": 0,
    "PR_count": 1,
    "open_PR_count": 0,
    "readme_size": 937,
    "release_count": 0,
    "topic_count": 4,
    "15_commits": 0,
    "16_commits": 0,
    "17_commits": 0,
    "18_commits": 18,
    "19_commits": 1,
    "20_commits": 13,
    "21_commits": 17,
    "22_commits": 0,
    "15_committer_num": 0,
    "16_committer_num": 0,
    "17_committer_num": 0,
    "18_committer_num": 1,
    "19_committer_num": 1,
    "20_committer_num": 1,
    "21_committer_num": 2,
    "22_committer_num": 0
}{
    "stargazer_date": {
        "5100735": "2018-03-29T03:57:22",
        "16548670": "2018-05-14T21:17:18",
        "6776431": "2018-05-15T08:20:48",
        "8717725": "2018-05-24T01:03:23",
        "37270051": "2018-06-07T22:06:22",
        "25473287": "2018-07-18T01:16:09",
        "2001688": "2019-04-09T10:37:59",
        "6474985": "2019-04-09T11:54:15",
        "279612": "2019-04-09T15:55:25",
        "11157543": "2019-06-17T16:32:46",
        "22888066": "2019-07-31T12:22:09",
        "10483719": "2020-04-08T00:40:17",
        "1825684": "2020-05-06T19:39:05",
        "32113895": "2020-05-11T06:49:31",
        "22905580": "2020-09-27T16:26:38",
        "32687739": "2021-01-12T21:25:56",
        "16232240": "2022-05-25T07:27:48",
        "36206423": "2022-10-02T08:29:19",
        "45995097": "2023-02-26T08:29:17"
    }
}[
    {
        "GHA": {}
    },
    {
        "Travis": []
    },
    {
        "CircleCI": []
    },
    {
        "AppVeyor": []
    },
    {
        "Azure": []
    },
    {
        "GitLab": []
    },
    {
        "Jenkins": []
    }
]