{
    "id": 126862368,
    "name": "external-weston",
    "full_name": "intel/external-weston",
    "org_name": "Intel Corporation",
    "org_id": 17888862,
    "created_at": "2018-03-26T17:08:41",
    "pushed_at": "2022-08-04T22:57:00",
    "updated_at": "2023-01-27T22:31:41",
    "isFork": false,
    "forks": 6,
    "forks_count": 6,
    "has_downloads": true,
    "has_issues": true,
    "has_pages": false,
    "has_projects": true,
    "has_wiki": true,
    "homepage": null,
    "language": "C",
    "open_issues": 0,
    "open_issues_count": 0,
    "size": 7371,
    "stargazers_count": 1,
    "subscribers_count": 10,
    "watchers": 1,
    "watchers_count": 1,
    "first_commit": "2018-01-26T16:47:57",
    "last_commit": "2022-08-04T22:51:16",
    "branches_count": 4,
    "commit_comments_count": 0,
    "commits_count": 6115,
    "countributors_count": 182,
    "downloads_count": 0,
    "events_count": 0,
    "issues_count": 0,
    "labels_count": 8,
    "milestones_count": 0,
    "PR_count": 1,
    "open_PR_count": 0,
    "readme_size": 495,
    "release_count": 0,
    "topic_count": 0,
    "15_commits": 675,
    "16_commits": 581,
    "17_commits": 366,
    "18_commits": 123,
    "19_commits": 0,
    "20_commits": 0,
    "21_commits": 0,
    "22_commits": 1,
    "15_committer_num": 43,
    "16_committer_num": 40,
    "17_committer_num": 40,
    "18_committer_num": 20,
    "19_committer_num": 0,
    "20_committer_num": 0,
    "21_committer_num": 0,
    "22_committer_num": 1
}{
    "stargazer_date": {
        "12490420": "2020-12-11T10:11:00"
    }
}[
    {
        "GHA": {}
    },
    {
        "Travis": []
    },
    {
        "CircleCI": []
    },
    {
        "AppVeyor": []
    },
    {
        "Azure": []
    },
    {
        "GitLab": []
    },
    {
        "Jenkins": []
    }
]