{
    "id": 129806672,
    "name": "ctf-infrastructure",
    "full_name": "intel/ctf-infrastructure",
    "org_name": "Intel Corporation",
    "org_id": 17888862,
    "created_at": "2018-04-16T21:15:20",
    "pushed_at": "2022-08-04T22:56:40",
    "updated_at": "2023-01-27T22:31:41",
    "isFork": false,
    "forks": 6,
    "forks_count": 6,
    "has_downloads": true,
    "has_issues": true,
    "has_pages": false,
    "has_projects": true,
    "has_wiki": true,
    "homepage": null,
    "language": "Shell",
    "open_issues": 0,
    "open_issues_count": 0,
    "size": 18,
    "stargazers_count": 2,
    "subscribers_count": 3,
    "watchers": 2,
    "watchers_count": 2,
    "first_commit": "2018-04-16T21:22:09",
    "last_commit": "2022-08-04T22:50:56",
    "branches_count": 1,
    "commit_comments_count": 0,
    "commits_count": 4,
    "countributors_count": 2,
    "downloads_count": 0,
    "events_count": 0,
    "issues_count": 0,
    "labels_count": 8,
    "milestones_count": 0,
    "PR_count": 0,
    "open_PR_count": 0,
    "readme_size": 3382,
    "release_count": 0,
    "topic_count": 0,
    "15_commits": 0,
    "16_commits": 0,
    "17_commits": 0,
    "18_commits": 3,
    "19_commits": 0,
    "20_commits": 0,
    "21_commits": 0,
    "22_commits": 1,
    "15_committer_num": 0,
    "16_committer_num": 0,
    "17_committer_num": 0,
    "18_committer_num": 1,
    "19_committer_num": 0,
    "20_committer_num": 0,
    "21_committer_num": 0,
    "22_committer_num": 1
}{
    "stargazer_date": {
        "7217419": "2019-11-05T07:07:22",
        "5212092": "2021-03-03T22:36:46"
    }
}[
    {
        "GHA": {}
    },
    {
        "Travis": []
    },
    {
        "CircleCI": []
    },
    {
        "AppVeyor": []
    },
    {
        "Azure": []
    },
    {
        "GitLab": []
    },
    {
        "Jenkins": []
    }
]