{
    "id": 131224254,
    "name": "net-test-tools",
    "full_name": "intel/net-test-tools",
    "org_name": "Intel Corporation",
    "org_id": 17888862,
    "created_at": "2018-04-27T00:23:55",
    "pushed_at": "2023-01-07T00:46:37",
    "updated_at": "2023-01-07T00:46:42",
    "isFork": false,
    "forks": 6,
    "forks_count": 6,
    "has_downloads": true,
    "has_issues": true,
    "has_pages": false,
    "has_projects": true,
    "has_wiki": true,
    "homepage": null,
    "language": "C",
    "open_issues": 0,
    "open_issues_count": 0,
    "size": 62,
    "stargazers_count": 4,
    "subscribers_count": 3,
    "watchers": 4,
    "watchers_count": 4,
    "first_commit": "2018-05-04T11:05:13",
    "last_commit": "2023-01-07T00:46:33",
    "branches_count": 1,
    "commit_comments_count": 0,
    "commits_count": 76,
    "countributors_count": 3,
    "downloads_count": 0,
    "events_count": 2,
    "issues_count": 0,
    "labels_count": 8,
    "milestones_count": 0,
    "PR_count": 2,
    "open_PR_count": 0,
    "readme_size": 3045,
    "release_count": 0,
    "topic_count": 0,
    "15_commits": 0,
    "16_commits": 0,
    "17_commits": 0,
    "18_commits": 7,
    "19_commits": 62,
    "20_commits": 5,
    "21_commits": 1,
    "22_commits": 0,
    "15_committer_num": 0,
    "16_committer_num": 0,
    "17_committer_num": 0,
    "18_committer_num": 1,
    "19_committer_num": 1,
    "20_committer_num": 2,
    "21_committer_num": 1,
    "22_committer_num": 0
}{
    "stargazer_date": {
        "183053": "2019-04-05T00:04:57",
        "18212165": "2019-08-17T04:25:25",
        "2672544": "2019-10-08T02:01:56",
        "55561087": "2022-02-07T11:37:58"
    }
}[
    {
        "GHA": {}
    },
    {
        "Travis": []
    },
    {
        "CircleCI": []
    },
    {
        "AppVeyor": []
    },
    {
        "Azure": []
    },
    {
        "GitLab": []
    },
    {
        "Jenkins": []
    }
]