{
    "id": 13653024,
    "name": "obs-service-gbs",
    "full_name": "intel/obs-service-gbs",
    "org_name": "Intel Corporation",
    "org_id": 17888862,
    "created_at": "2013-10-17T15:27:14",
    "pushed_at": "2014-10-20T09:01:44",
    "updated_at": "2023-01-28T18:30:27",
    "isFork": false,
    "forks": 7,
    "forks_count": 7,
    "has_downloads": true,
    "has_issues": true,
    "has_pages": false,
    "has_projects": true,
    "has_wiki": true,
    "homepage": null,
    "language": "Python",
    "open_issues": 0,
    "open_issues_count": 0,
    "size": 262,
    "stargazers_count": 2,
    "subscribers_count": 8,
    "watchers": 2,
    "watchers_count": 2,
    "first_commit": "2013-03-25T14:27:15",
    "last_commit": "2014-09-19T11:42:18",
    "branches_count": 1,
    "commit_comments_count": 0,
    "commits_count": 49,
    "countributors_count": 2,
    "downloads_count": 0,
    "events_count": 0,
    "issues_count": 0,
    "labels_count": 6,
    "milestones_count": 0,
    "PR_count": 1,
    "open_PR_count": 0,
    "readme_size": 2492,
    "release_count": 0,
    "topic_count": 0,
    "15_commits": 0,
    "16_commits": 0,
    "17_commits": 0,
    "18_commits": 0,
    "19_commits": 0,
    "20_commits": 0,
    "21_commits": 0,
    "22_commits": 0,
    "15_committer_num": 0,
    "16_committer_num": 0,
    "17_committer_num": 0,
    "18_committer_num": 0,
    "19_committer_num": 0,
    "20_committer_num": 0,
    "21_committer_num": 0,
    "22_committer_num": 0
}{
    "stargazer_date": {
        "1443399": "2013-12-03T10:02:33",
        "156627": "2018-12-01T13:43:31"
    }
}[
    {
        "GHA": {}
    },
    {
        "Travis": []
    },
    {
        "CircleCI": []
    },
    {
        "AppVeyor": []
    },
    {
        "Azure": []
    },
    {
        "GitLab": []
    },
    {
        "Jenkins": []
    }
]