{
    "id": 138806150,
    "name": "linux-intel-quilt",
    "full_name": "intel/linux-intel-quilt",
    "org_name": "Intel Corporation",
    "org_id": 17888862,
    "created_at": "2018-06-26T23:52:33",
    "pushed_at": "2023-03-09T05:29:12",
    "updated_at": "2023-02-16T12:55:17",
    "isFork": false,
    "forks": 7,
    "forks_count": 7,
    "has_downloads": true,
    "has_issues": true,
    "has_pages": false,
    "has_projects": true,
    "has_wiki": true,
    "homepage": null,
    "language": "Roff",
    "open_issues": 1,
    "open_issues_count": 1,
    "size": 150761,
    "stargazers_count": 12,
    "subscribers_count": 7,
    "watchers": 12,
    "watchers_count": 12,
    "first_commit": "2018-04-02T05:05:17",
    "last_commit": "2019-10-28T07:46:44",
    "branches_count": 40,
    "commit_comments_count": 0,
    "commits_count": 55,
    "countributors_count": 3,
    "downloads_count": 0,
    "events_count": 104,
    "issues_count": 1,
    "labels_count": 8,
    "milestones_count": 0,
    "PR_count": 1,
    "open_PR_count": 1,
    "readme_size": 0,
    "release_count": 0,
    "topic_count": 0,
    "15_commits": 0,
    "16_commits": 0,
    "17_commits": 0,
    "18_commits": 24,
    "19_commits": 31,
    "20_commits": 0,
    "21_commits": 0,
    "22_commits": 0,
    "15_committer_num": 0,
    "16_committer_num": 0,
    "17_committer_num": 0,
    "18_committer_num": 3,
    "19_committer_num": 1,
    "20_committer_num": 0,
    "21_committer_num": 0,
    "22_committer_num": 0
}{
    "stargazer_date": {
        "300149": "2018-09-10T22:32:31",
        "19978468": "2018-11-13T02:16:31",
        "686162": "2019-01-19T17:03:58",
        "30935": "2019-04-11T00:27:00",
        "6036356": "2019-05-14T06:07:37",
        "1042444": "2020-08-14T09:36:26",
        "14010787": "2021-03-01T04:38:27",
        "16440744": "2021-09-19T19:47:15",
        "8414050": "2022-08-21T09:58:48",
        "87304346": "2022-09-21T06:40:02",
        "167209": "2022-10-17T10:32:08",
        "5788791": "2023-02-16T12:55:17"
    }
}[
    {
        "GHA": {}
    },
    {
        "Travis": []
    },
    {
        "CircleCI": []
    },
    {
        "AppVeyor": []
    },
    {
        "Azure": []
    },
    {
        "GitLab": []
    },
    {
        "Jenkins": []
    }
]