{
    "id": 157788712,
    "name": "workload-collocation-agent",
    "full_name": "intel/workload-collocation-agent",
    "org_name": "Intel Corporation",
    "org_id": 17888862,
    "created_at": "2018-11-16T00:10:45",
    "pushed_at": "2023-01-10T00:57:55",
    "updated_at": "2023-01-10T00:57:55",
    "isFork": false,
    "forks": 36,
    "forks_count": 36,
    "has_downloads": true,
    "has_issues": true,
    "has_pages": false,
    "has_projects": false,
    "has_wiki": false,
    "homepage": "",
    "language": "Python",
    "open_issues": 8,
    "open_issues_count": 8,
    "size": 13391,
    "stargazers_count": 62,
    "subscribers_count": 11,
    "watchers": 62,
    "watchers_count": 62,
    "first_commit": "2020-04-24T15:37:00",
    "last_commit": "2023-01-10T00:57:51",
    "branches_count": 9,
    "commit_comments_count": 0,
    "commits_count": 1693,
    "countributors_count": 19,
    "downloads_count": 0,
    "events_count": 1,
    "issues_count": 8,
    "labels_count": 9,
    "milestones_count": 0,
    "PR_count": 539,
    "open_PR_count": 3,
    "readme_size": 531,
    "release_count": 15,
    "topic_count": 6,
    "15_commits": 0,
    "16_commits": 0,
    "17_commits": 0,
    "18_commits": 215,
    "19_commits": 922,
    "20_commits": 553,
    "21_commits": 1,
    "22_commits": 1,
    "15_committer_num": 0,
    "16_committer_num": 0,
    "17_committer_num": 0,
    "18_committer_num": 10,
    "19_committer_num": 9,
    "20_committer_num": 9,
    "21_committer_num": 1,
    "22_committer_num": 1
}{
    "stargazer_date": {
        "16825038": "2018-11-16T13:02:41",
        "939646": "2018-11-19T23:12:13",
        "41462385": "2018-11-20T03:07:43",
        "24308188": "2018-11-20T03:15:50",
        "9694425": "2018-11-20T16:37:04",
        "8466942": "2018-11-20T17:05:58",
        "9095621": "2018-11-20T21:46:01",
        "17066059": "2018-11-21T12:46:48",
        "16152568": "2018-11-23T11:24:02",
        "41495892": "2018-11-23T17:25:24",
        "30935": "2018-11-27T20:20:57",
        "585107": "2018-11-29T20:34:46",
        "5712318": "2018-11-30T00:41:05",
        "985445": "2018-12-04T08:20:08",
        "1481180": "2018-12-10T14:11:30",
        "18898734": "2018-12-10T17:37:49",
        "41462396": "2018-12-11T07:09:52",
        "3729236": "2018-12-18T21:49:51",
        "1194156": "2018-12-19T09:56:51",
        "3759759": "2018-12-22T23:27:24",
        "16508750": "2019-02-01T09:20:49",
        "9948199": "2019-03-03T10:16:58",
        "4486005": "2019-03-27T04:53:07",
        "183053": "2019-04-04T23:53:52",
        "41869709": "2019-04-30T02:34:40",
        "4332632": "2019-05-16T16:42:33",
        "3447495": "2019-06-04T12:14:26",
        "7316311": "2019-07-17T03:35:59",
        "13084624": "2019-08-10T06:32:58",
        "19766729": "2019-08-11T23:45:07",
        "7300298": "2019-08-28T11:16:17",
        "998633": "2019-09-25T11:41:21",
        "43765972": "2019-10-25T17:32:55",
        "1974863": "2019-11-19T02:11:40",
        "1404191": "2019-11-20T23:46:50",
        "20174683": "2020-01-29T16:27:59",
        "60185972": "2020-02-23T13:16:27",
        "18237007": "2020-04-16T12:21:16",
        "14830291": "2020-04-25T17:05:22",
        "63186223": "2020-04-26T03:57:58",
        "23352575": "2020-05-26T09:07:15",
        "11553689": "2020-05-27T18:10:06",
        "42262979": "2020-06-17T08:29:16",
        "4846457": "2020-09-24T22:57:08",
        "8476763": "2020-09-30T17:57:05",
        "14337210": "2020-10-01T14:04:01",
        "5207478": "2020-10-19T03:56:12",
        "4943114": "2020-11-06T18:05:21",
        "4017010": "2021-02-04T07:25:33",
        "3041923": "2021-02-24T05:49:10",
        "5969647": "2021-02-24T14:06:59",
        "378514": "2021-04-19T21:20:43",
        "7378566": "2021-04-21T08:29:34",
        "6413716": "2021-04-27T17:25:34",
        "17488719": "2021-05-18T22:46:32",
        "12897407": "2021-07-22T07:19:16",
        "4387357": "2021-08-30T07:07:41",
        "6742844": "2021-10-11T20:25:34",
        "89889429": "2021-11-13T14:44:36",
        "38838049": "2021-11-18T06:33:03",
        "49779503": "2022-04-01T03:50:44",
        "17484041": "2022-10-17T11:37:45"
    }
}[
    {
        "GHA": {}
    },
    {
        "Travis": [
            {
                "file_name": "/.travis.yml",
                "commit_date": "2020-02-12T12:49:44",
                "status": "modified",
                "first_commit": "2018-11-20T19:54:28",
                "last_commit": "2020-02-12T12:49:44",
                "CI_type": "Travis",
                "sha": "362d5a95811c8487f7aa944ccd1a7ef17abb36fd"
            },
            {
                "file_name": "/.travis.yml",
                "commit_date": "2019-03-14T12:49:45",
                "status": "modified",
                "first_commit": "2018-11-20T19:54:28",
                "last_commit": "2020-02-12T12:49:44",
                "CI_type": "Travis",
                "sha": "7681314c9627442cedd56e42220738a1419bccda"
            },
            {
                "file_name": "/.travis.yml",
                "commit_date": "2018-11-20T19:54:28",
                "status": "added",
                "first_commit": "2018-11-20T19:54:28",
                "last_commit": "2020-02-12T12:49:44",
                "CI_type": "Travis",
                "sha": "7ff10235c81f7020bab715da32e5b6d30cfeae4c"
            }
        ]
    },
    {
        "CircleCI": []
    },
    {
        "AppVeyor": []
    },
    {
        "Azure": []
    },
    {
        "GitLab": []
    },
    {
        "Jenkins": [
            {
                "file_name": "/Jenkinsfile",
                "commit_date": "2020-11-25T10:37:47",
                "status": "modified",
                "first_commit": "2019-02-14T10:25:41",
                "last_commit": "2020-11-25T10:37:47",
                "CI_type": "Jenkins",
                "sha": "13b9b8e8a0734ec388c39406e12eae95a0bab194"
            },
            {
                "file_name": "/Jenkinsfile",
                "commit_date": "2020-11-02T14:54:28",
                "status": "modified",
                "first_commit": "2019-02-14T10:25:41",
                "last_commit": "2020-11-25T10:37:47",
                "CI_type": "Jenkins",
                "sha": "07dccf00422e57c97d618a7617e4415c37db5ca5"
            },
            {
                "file_name": "/Jenkinsfile",
                "commit_date": "2020-11-02T11:22:01",
                "status": "modified",
                "first_commit": "2019-02-14T10:25:41",
                "last_commit": "2020-11-25T10:37:47",
                "CI_type": "Jenkins",
                "sha": "311dfffbd2941ddd45ffabe1e9c8c0d195a4acbc"
            },
            {
                "file_name": "/Jenkinsfile",
                "commit_date": "2020-10-08T11:12:32",
                "status": "modified",
                "first_commit": "2019-02-14T10:25:41",
                "last_commit": "2020-11-25T10:37:47",
                "CI_type": "Jenkins",
                "sha": "c6197010597fd4bd436086dafa8e358f2df18dc0"
            },
            {
                "file_name": "/Jenkinsfile",
                "commit_date": "2020-10-05T08:01:00",
                "status": "modified",
                "first_commit": "2019-02-14T10:25:41",
                "last_commit": "2020-11-25T10:37:47",
                "CI_type": "Jenkins",
                "sha": "b026b96f1b15981391a13f50f32fa4078fb51262"
            },
            {
                "file_name": "/Jenkinsfile",
                "commit_date": "2020-09-23T10:07:03",
                "status": "modified",
                "first_commit": "2019-02-14T10:25:41",
                "last_commit": "2020-11-25T10:37:47",
                "CI_type": "Jenkins",
                "sha": "6994c1cbf78554cd3ec39f24d1fc54f3025b6ea4"
            },
            {
                "file_name": "/Jenkinsfile",
                "commit_date": "2020-09-15T11:33:22",
                "status": "modified",
                "first_commit": "2019-02-14T10:25:41",
                "last_commit": "2020-11-25T10:37:47",
                "CI_type": "Jenkins",
                "sha": "e2e37b21ac98a84127010ba59aaa74948983e2fc"
            },
            {
                "file_name": "/Jenkinsfile",
                "commit_date": "2020-09-10T08:55:04",
                "status": "modified",
                "first_commit": "2019-02-14T10:25:41",
                "last_commit": "2020-11-25T10:37:47",
                "CI_type": "Jenkins",
                "sha": "9316f92e2d67f6c37da2dec33e5f769a4c3a465b"
            },
            {
                "file_name": "/Jenkinsfile",
                "commit_date": "2020-09-09T12:46:47",
                "status": "modified",
                "first_commit": "2019-02-14T10:25:41",
                "last_commit": "2020-11-25T10:37:47",
                "CI_type": "Jenkins",
                "sha": "ae9b1d3dafdfa59632eaf8bc0842b17554c38ed6"
            },
            {
                "file_name": "/Jenkinsfile",
                "commit_date": "2020-08-21T08:01:38",
                "status": "modified",
                "first_commit": "2019-02-14T10:25:41",
                "last_commit": "2020-11-25T10:37:47",
                "CI_type": "Jenkins",
                "sha": "7939bbf123b384f5ab6904b4f4df97b9f11a6894"
            },
            {
                "file_name": "/Jenkinsfile",
                "commit_date": "2020-07-28T13:26:45",
                "status": "modified",
                "first_commit": "2019-02-14T10:25:41",
                "last_commit": "2020-11-25T10:37:47",
                "CI_type": "Jenkins",
                "sha": "bbe832dd4222d069e3003a04846995cc93064c0e"
            },
            {
                "file_name": "/Jenkinsfile",
                "commit_date": "2020-07-16T07:58:23",
                "status": "modified",
                "first_commit": "2019-02-14T10:25:41",
                "last_commit": "2020-11-25T10:37:47",
                "CI_type": "Jenkins",
                "sha": "77276543c4ce4fa9f4c4b7a0c2f625bfc9826216"
            },
            {
                "file_name": "/Jenkinsfile",
                "commit_date": "2020-07-10T08:00:59",
                "status": "modified",
                "first_commit": "2019-02-14T10:25:41",
                "last_commit": "2020-11-25T10:37:47",
                "CI_type": "Jenkins",
                "sha": "05c18bc91c7b60ac267aa2f8a74808ee16c580e0"
            },
            {
                "file_name": "/Jenkinsfile",
                "commit_date": "2020-07-09T13:32:44",
                "status": "modified",
                "first_commit": "2019-02-14T10:25:41",
                "last_commit": "2020-11-25T10:37:47",
                "CI_type": "Jenkins",
                "sha": "7b25f2c03f3fbc6f125e5bf443b8ec4a633c37bc"
            },
            {
                "file_name": "/Jenkinsfile",
                "commit_date": "2020-07-07T14:24:26",
                "status": "modified",
                "first_commit": "2019-02-14T10:25:41",
                "last_commit": "2020-11-25T10:37:47",
                "CI_type": "Jenkins",
                "sha": "57b4567b663f660b5fea71e36071248514dfcef0"
            },
            {
                "file_name": "/Jenkinsfile",
                "commit_date": "2020-05-26T09:51:26",
                "status": "modified",
                "first_commit": "2019-02-14T10:25:41",
                "last_commit": "2020-11-25T10:37:47",
                "CI_type": "Jenkins",
                "sha": "52bb212588cccaf8b32e6ee83276bde3664b7da5"
            },
            {
                "file_name": "/Jenkinsfile",
                "commit_date": "2020-05-05T10:57:18",
                "status": "modified",
                "first_commit": "2019-02-14T10:25:41",
                "last_commit": "2020-11-25T10:37:47",
                "CI_type": "Jenkins",
                "sha": "55dfc0f1854c12ff9247954f8cbaf50a95c14e33"
            },
            {
                "file_name": "/Jenkinsfile",
                "commit_date": "2020-03-06T12:38:22",
                "status": "modified",
                "first_commit": "2019-02-14T10:25:41",
                "last_commit": "2020-11-25T10:37:47",
                "CI_type": "Jenkins",
                "sha": "ae634b8a4f45694a61c69b00526b3904d8a3a4a7"
            },
            {
                "file_name": "/Jenkinsfile",
                "commit_date": "2020-02-24T12:51:29",
                "status": "modified",
                "first_commit": "2019-02-14T10:25:41",
                "last_commit": "2020-11-25T10:37:47",
                "CI_type": "Jenkins",
                "sha": "0058d89f003abbda1c6ecf46e2d01813ce2f9b99"
            },
            {
                "file_name": "/Jenkinsfile",
                "commit_date": "2020-02-10T14:27:10",
                "status": "modified",
                "first_commit": "2019-02-14T10:25:41",
                "last_commit": "2020-11-25T10:37:47",
                "CI_type": "Jenkins",
                "sha": "5b29845e0b692fe50e4f02be7c18c86fc4eae074"
            },
            {
                "file_name": "/Jenkinsfile",
                "commit_date": "2020-02-07T13:31:40",
                "status": "modified",
                "first_commit": "2019-02-14T10:25:41",
                "last_commit": "2020-11-25T10:37:47",
                "CI_type": "Jenkins",
                "sha": "d6e5821cabe70656cb262967099ec68b7e4ec2c7"
            },
            {
                "file_name": "/Jenkinsfile",
                "commit_date": "2020-02-07T11:29:47",
                "status": "modified",
                "first_commit": "2019-02-14T10:25:41",
                "last_commit": "2020-11-25T10:37:47",
                "CI_type": "Jenkins",
                "sha": "7ad21bad6c5eaf3d980566c273fe4bd6e6891d23"
            },
            {
                "file_name": "/Jenkinsfile",
                "commit_date": "2020-02-05T09:23:19",
                "status": "modified",
                "first_commit": "2019-02-14T10:25:41",
                "last_commit": "2020-11-25T10:37:47",
                "CI_type": "Jenkins",
                "sha": "9f2499162fab9570a61f74a49d372508c1bd1271"
            },
            {
                "file_name": "/Jenkinsfile",
                "commit_date": "2020-02-03T17:48:28",
                "status": "modified",
                "first_commit": "2019-02-14T10:25:41",
                "last_commit": "2020-11-25T10:37:47",
                "CI_type": "Jenkins",
                "sha": "3cffb8b8dafe782ea4437d2144944984759dcf15"
            },
            {
                "file_name": "/Jenkinsfile",
                "commit_date": "2020-01-31T15:02:33",
                "status": "modified",
                "first_commit": "2019-02-14T10:25:41",
                "last_commit": "2020-11-25T10:37:47",
                "CI_type": "Jenkins",
                "sha": "ef64748c27de0b26227ad23948fc668af885272d"
            },
            {
                "file_name": "/Jenkinsfile",
                "commit_date": "2020-01-30T18:30:08",
                "status": "modified",
                "first_commit": "2019-02-14T10:25:41",
                "last_commit": "2020-11-25T10:37:47",
                "CI_type": "Jenkins",
                "sha": "806d709d2d52bb5beef17a9ea3a2f893597a5f9f"
            },
            {
                "file_name": "/Jenkinsfile",
                "commit_date": "2020-01-29T10:43:01",
                "status": "modified",
                "first_commit": "2019-02-14T10:25:41",
                "last_commit": "2020-11-25T10:37:47",
                "CI_type": "Jenkins",
                "sha": "8922552f4eb354e55432e871dccc7a06e25d453b"
            },
            {
                "file_name": "/Jenkinsfile",
                "commit_date": "2020-01-28T13:13:19",
                "status": "modified",
                "first_commit": "2019-02-14T10:25:41",
                "last_commit": "2020-11-25T10:37:47",
                "CI_type": "Jenkins",
                "sha": "10e4b7e9c31692de7a2eee2cc46daf9628faebe1"
            },
            {
                "file_name": "/Jenkinsfile",
                "commit_date": "2020-01-15T12:59:22",
                "status": "modified",
                "first_commit": "2019-02-14T10:25:41",
                "last_commit": "2020-11-25T10:37:47",
                "CI_type": "Jenkins",
                "sha": "127b5858e215fc83748d32e681bc6eab05043390"
            },
            {
                "file_name": "/Jenkinsfile",
                "commit_date": "2019-12-20T13:28:56",
                "status": "modified",
                "first_commit": "2019-02-14T10:25:41",
                "last_commit": "2020-11-25T10:37:47",
                "CI_type": "Jenkins",
                "sha": "0240659abaf571a09ab67739355c68d5c3408871"
            },
            {
                "file_name": "/Jenkinsfile",
                "commit_date": "2019-12-20T10:20:16",
                "status": "modified",
                "first_commit": "2019-02-14T10:25:41",
                "last_commit": "2020-11-25T10:37:47",
                "CI_type": "Jenkins",
                "sha": "2ae6a25dab6b5d07f6f68a9854879d3eb92cc3f9"
            },
            {
                "file_name": "/Jenkinsfile",
                "commit_date": "2019-12-17T16:10:34",
                "status": "modified",
                "first_commit": "2019-02-14T10:25:41",
                "last_commit": "2020-11-25T10:37:47",
                "CI_type": "Jenkins",
                "sha": "bb848bf017815fbf6520b0269965d90942cc836b"
            },
            {
                "file_name": "/Jenkinsfile",
                "commit_date": "2019-12-12T15:08:21",
                "status": "modified",
                "first_commit": "2019-02-14T10:25:41",
                "last_commit": "2020-11-25T10:37:47",
                "CI_type": "Jenkins",
                "sha": "a801312b686ad5d42e27dd720d5b16fbf8a228ae"
            },
            {
                "file_name": "/Jenkinsfile",
                "commit_date": "2019-12-11T11:20:25",
                "status": "modified",
                "first_commit": "2019-02-14T10:25:41",
                "last_commit": "2020-11-25T10:37:47",
                "CI_type": "Jenkins",
                "sha": "55492cb93d0f5565a1e9af5641de38a108e7c008"
            },
            {
                "file_name": "/Jenkinsfile",
                "commit_date": "2019-12-05T18:23:16",
                "status": "modified",
                "first_commit": "2019-02-14T10:25:41",
                "last_commit": "2020-11-25T10:37:47",
                "CI_type": "Jenkins",
                "sha": "2e5485b679757aa0a7f27f10c91cdc94327bf4db"
            },
            {
                "file_name": "/Jenkinsfile",
                "commit_date": "2019-12-05T17:32:12",
                "status": "modified",
                "first_commit": "2019-02-14T10:25:41",
                "last_commit": "2020-11-25T10:37:47",
                "CI_type": "Jenkins",
                "sha": "3ff189c6c678bb3e04ff0f3a90101fcc508b781d"
            },
            {
                "file_name": "/Jenkinsfile",
                "commit_date": "2019-12-05T09:40:19",
                "status": "modified",
                "first_commit": "2019-02-14T10:25:41",
                "last_commit": "2020-11-25T10:37:47",
                "CI_type": "Jenkins",
                "sha": "4e842daf37b6daaeae8cdd4f5a41319bca119563"
            },
            {
                "file_name": "/Jenkinsfile",
                "commit_date": "2019-12-05T09:36:41",
                "status": "modified",
                "first_commit": "2019-02-14T10:25:41",
                "last_commit": "2020-11-25T10:37:47",
                "CI_type": "Jenkins",
                "sha": "245a63fd521ae1fc72d4a5bd16e5010427d8cd25"
            },
            {
                "file_name": "/Jenkinsfile",
                "commit_date": "2019-12-04T13:30:40",
                "status": "modified",
                "first_commit": "2019-02-14T10:25:41",
                "last_commit": "2020-11-25T10:37:47",
                "CI_type": "Jenkins",
                "sha": "5585c9b18dfa010ce794813ee3a8fb1b667c0483"
            },
            {
                "file_name": "/Jenkinsfile",
                "commit_date": "2019-12-04T13:19:12",
                "status": "modified",
                "first_commit": "2019-02-14T10:25:41",
                "last_commit": "2020-11-25T10:37:47",
                "CI_type": "Jenkins",
                "sha": "340e64dce29608c125cafe0420a11d150a8a6573"
            },
            {
                "file_name": "/Jenkinsfile",
                "commit_date": "2019-12-04T13:12:31",
                "status": "modified",
                "first_commit": "2019-02-14T10:25:41",
                "last_commit": "2020-11-25T10:37:47",
                "CI_type": "Jenkins",
                "sha": "a679d00f521d8433ee554ae9a28ab7450d80f0fb"
            },
            {
                "file_name": "/Jenkinsfile",
                "commit_date": "2019-12-04T12:52:21",
                "status": "modified",
                "first_commit": "2019-02-14T10:25:41",
                "last_commit": "2020-11-25T10:37:47",
                "CI_type": "Jenkins",
                "sha": "41dcf04af4449f09b6f244aa85e58de511de81fb"
            },
            {
                "file_name": "/Jenkinsfile",
                "commit_date": "2019-12-04T12:47:22",
                "status": "modified",
                "first_commit": "2019-02-14T10:25:41",
                "last_commit": "2020-11-25T10:37:47",
                "CI_type": "Jenkins",
                "sha": "0415e634241c2a4fa8873a010604bc0023967e34"
            },
            {
                "file_name": "/Jenkinsfile",
                "commit_date": "2019-12-04T12:07:23",
                "status": "modified",
                "first_commit": "2019-02-14T10:25:41",
                "last_commit": "2020-11-25T10:37:47",
                "CI_type": "Jenkins",
                "sha": "a4af6735c405f74c465de2a1ea62ca9027b8e97a"
            },
            {
                "file_name": "/Jenkinsfile",
                "commit_date": "2019-12-04T12:05:20",
                "status": "modified",
                "first_commit": "2019-02-14T10:25:41",
                "last_commit": "2020-11-25T10:37:47",
                "CI_type": "Jenkins",
                "sha": "c45a4d523f3ef50fd1f1917d4929a43000d4e4f7"
            },
            {
                "file_name": "/Jenkinsfile",
                "commit_date": "2019-11-22T14:10:54",
                "status": "modified",
                "first_commit": "2019-02-14T10:25:41",
                "last_commit": "2020-11-25T10:37:47",
                "CI_type": "Jenkins",
                "sha": "7f75444c8385ccbdab3c2e0a7c353d2deb49fb79"
            },
            {
                "file_name": "/Jenkinsfile",
                "commit_date": "2019-11-21T11:26:12",
                "status": "modified",
                "first_commit": "2019-02-14T10:25:41",
                "last_commit": "2020-11-25T10:37:47",
                "CI_type": "Jenkins",
                "sha": "166a3af28f79f2279208523f9444dee352435998"
            },
            {
                "file_name": "/Jenkinsfile",
                "commit_date": "2019-11-06T08:09:14",
                "status": "modified",
                "first_commit": "2019-02-14T10:25:41",
                "last_commit": "2020-11-25T10:37:47",
                "CI_type": "Jenkins",
                "sha": "d0cd178f3b35ef5bb02555b6b84fd7294a4b92da"
            },
            {
                "file_name": "/Jenkinsfile",
                "commit_date": "2019-10-30T14:54:43",
                "status": "modified",
                "first_commit": "2019-02-14T10:25:41",
                "last_commit": "2020-11-25T10:37:47",
                "CI_type": "Jenkins",
                "sha": "edb0f2632e722aeaafa8f3fb81e2f9d17c96a537"
            },
            {
                "file_name": "/Jenkinsfile",
                "commit_date": "2019-10-30T11:01:00",
                "status": "modified",
                "first_commit": "2019-02-14T10:25:41",
                "last_commit": "2020-11-25T10:37:47",
                "CI_type": "Jenkins",
                "sha": "a53d2c01cedd3c6781c51e9eafe1da1daa420af7"
            },
            {
                "file_name": "/Jenkinsfile",
                "commit_date": "2019-10-25T11:33:35",
                "status": "modified",
                "first_commit": "2019-02-14T10:25:41",
                "last_commit": "2020-11-25T10:37:47",
                "CI_type": "Jenkins",
                "sha": "199e1f5d50ed4fc4b828f71d85301e9498576fce"
            },
            {
                "file_name": "/Jenkinsfile",
                "commit_date": "2019-10-17T09:49:37",
                "status": "modified",
                "first_commit": "2019-02-14T10:25:41",
                "last_commit": "2020-11-25T10:37:47",
                "CI_type": "Jenkins",
                "sha": "31eea632a7fb681d24d36ce04c895e06f4e6449a"
            },
            {
                "file_name": "/Jenkinsfile",
                "commit_date": "2019-10-11T12:12:01",
                "status": "modified",
                "first_commit": "2019-02-14T10:25:41",
                "last_commit": "2020-11-25T10:37:47",
                "CI_type": "Jenkins",
                "sha": "6c9945022d3219201237a6bd1d3fce4a47b066ad"
            },
            {
                "file_name": "/Jenkinsfile",
                "commit_date": "2019-10-11T11:44:54",
                "status": "modified",
                "first_commit": "2019-02-14T10:25:41",
                "last_commit": "2020-11-25T10:37:47",
                "CI_type": "Jenkins",
                "sha": "cfbe11c6bff0381770bd2dcd3d46536585ba2007"
            },
            {
                "file_name": "/Jenkinsfile",
                "commit_date": "2019-10-10T12:25:26",
                "status": "modified",
                "first_commit": "2019-02-14T10:25:41",
                "last_commit": "2020-11-25T10:37:47",
                "CI_type": "Jenkins",
                "sha": "88e862ca233f6da0fc3407d78cf2f1a2d60e9728"
            },
            {
                "file_name": "/Jenkinsfile",
                "commit_date": "2019-10-10T11:44:24",
                "status": "modified",
                "first_commit": "2019-02-14T10:25:41",
                "last_commit": "2020-11-25T10:37:47",
                "CI_type": "Jenkins",
                "sha": "0cfb877541ee75b3a57f6be7b2324f1387dfbf4d"
            },
            {
                "file_name": "/Jenkinsfile",
                "commit_date": "2019-10-10T11:40:11",
                "status": "modified",
                "first_commit": "2019-02-14T10:25:41",
                "last_commit": "2020-11-25T10:37:47",
                "CI_type": "Jenkins",
                "sha": "fdc4656a271af9a4793c8d5228fff1bd5096be5f"
            },
            {
                "file_name": "/Jenkinsfile",
                "commit_date": "2019-10-10T11:39:57",
                "status": "modified",
                "first_commit": "2019-02-14T10:25:41",
                "last_commit": "2020-11-25T10:37:47",
                "CI_type": "Jenkins",
                "sha": "dfaa7f59750b0b0934ef0e3b2f42bf6b3a4e7fa9"
            },
            {
                "file_name": "/Jenkinsfile",
                "commit_date": "2019-10-10T11:28:55",
                "status": "modified",
                "first_commit": "2019-02-14T10:25:41",
                "last_commit": "2020-11-25T10:37:47",
                "CI_type": "Jenkins",
                "sha": "0e57d335c74f709df06bb2762172cd42a3e43386"
            },
            {
                "file_name": "/Jenkinsfile",
                "commit_date": "2019-10-10T10:16:29",
                "status": "modified",
                "first_commit": "2019-02-14T10:25:41",
                "last_commit": "2020-11-25T10:37:47",
                "CI_type": "Jenkins",
                "sha": "6a29a2507e09ca24c43e418a56b83f8607cb3542"
            },
            {
                "file_name": "/Jenkinsfile",
                "commit_date": "2019-10-10T08:11:40",
                "status": "modified",
                "first_commit": "2019-02-14T10:25:41",
                "last_commit": "2020-11-25T10:37:47",
                "CI_type": "Jenkins",
                "sha": "f9518c29992ad8c467e5f569503510d49e09ad35"
            },
            {
                "file_name": "/Jenkinsfile",
                "commit_date": "2019-10-10T08:08:25",
                "status": "modified",
                "first_commit": "2019-02-14T10:25:41",
                "last_commit": "2020-11-25T10:37:47",
                "CI_type": "Jenkins",
                "sha": "caa0e824c34c9f6fcd9fd6b0c759547408e79bd3"
            },
            {
                "file_name": "/Jenkinsfile",
                "commit_date": "2019-10-09T09:21:19",
                "status": "modified",
                "first_commit": "2019-02-14T10:25:41",
                "last_commit": "2020-11-25T10:37:47",
                "CI_type": "Jenkins",
                "sha": "4ba7902b128e307bd2882fb1626f08c63c18e9b5"
            },
            {
                "file_name": "/Jenkinsfile",
                "commit_date": "2019-10-09T07:40:30",
                "status": "modified",
                "first_commit": "2019-02-14T10:25:41",
                "last_commit": "2020-11-25T10:37:47",
                "CI_type": "Jenkins",
                "sha": "9d2f8f8d1248883c53d82b312a83b8163cb8e6a6"
            },
            {
                "file_name": "/Jenkinsfile",
                "commit_date": "2019-10-09T07:13:31",
                "status": "modified",
                "first_commit": "2019-02-14T10:25:41",
                "last_commit": "2020-11-25T10:37:47",
                "CI_type": "Jenkins",
                "sha": "8c2f4ee133299d6b1e93badd1e9f06857303add4"
            },
            {
                "file_name": "/Jenkinsfile",
                "commit_date": "2019-10-09T07:01:09",
                "status": "modified",
                "first_commit": "2019-02-14T10:25:41",
                "last_commit": "2020-11-25T10:37:47",
                "CI_type": "Jenkins",
                "sha": "aa6ee4b78d7fd755abff7765880d0e4622c8f1b0"
            },
            {
                "file_name": "/Jenkinsfile",
                "commit_date": "2019-10-08T12:18:52",
                "status": "modified",
                "first_commit": "2019-02-14T10:25:41",
                "last_commit": "2020-11-25T10:37:47",
                "CI_type": "Jenkins",
                "sha": "c97e6789cf808004df3b50f917d24df460714696"
            },
            {
                "file_name": "/Jenkinsfile",
                "commit_date": "2019-10-08T12:07:54",
                "status": "modified",
                "first_commit": "2019-02-14T10:25:41",
                "last_commit": "2020-11-25T10:37:47",
                "CI_type": "Jenkins",
                "sha": "e97e04746c7bd27e481aa5cbcce65072c3d62cc2"
            },
            {
                "file_name": "/Jenkinsfile",
                "commit_date": "2019-10-07T13:38:45",
                "status": "modified",
                "first_commit": "2019-02-14T10:25:41",
                "last_commit": "2020-11-25T10:37:47",
                "CI_type": "Jenkins",
                "sha": "fb83951a16dfd3042d50f34b832ce758e9c8ed71"
            },
            {
                "file_name": "/Jenkinsfile",
                "commit_date": "2019-10-04T12:12:24",
                "status": "modified",
                "first_commit": "2019-02-14T10:25:41",
                "last_commit": "2020-11-25T10:37:47",
                "CI_type": "Jenkins",
                "sha": "ee5f1af08d74c923f5f4bfca4ec89bcfdc08d348"
            },
            {
                "file_name": "/Jenkinsfile",
                "commit_date": "2019-10-03T10:10:11",
                "status": "modified",
                "first_commit": "2019-02-14T10:25:41",
                "last_commit": "2020-11-25T10:37:47",
                "CI_type": "Jenkins",
                "sha": "b0381c6efd0992deff61cbd0284b2c1ace35e38f"
            },
            {
                "file_name": "/Jenkinsfile",
                "commit_date": "2019-10-02T10:21:28",
                "status": "modified",
                "first_commit": "2019-02-14T10:25:41",
                "last_commit": "2020-11-25T10:37:47",
                "CI_type": "Jenkins",
                "sha": "ed5b3020834e8fd22612220a0ddfd1891b091517"
            },
            {
                "file_name": "/Jenkinsfile",
                "commit_date": "2019-10-01T14:55:15",
                "status": "modified",
                "first_commit": "2019-02-14T10:25:41",
                "last_commit": "2020-11-25T10:37:47",
                "CI_type": "Jenkins",
                "sha": "77ae85ed3d0c84086d8692be3a947a71582e5820"
            },
            {
                "file_name": "/Jenkinsfile",
                "commit_date": "2019-09-27T11:31:07",
                "status": "modified",
                "first_commit": "2019-02-14T10:25:41",
                "last_commit": "2020-11-25T10:37:47",
                "CI_type": "Jenkins",
                "sha": "48a162b206a749bba1eb2eb810abbc7d427aea0d"
            },
            {
                "file_name": "/Jenkinsfile",
                "commit_date": "2019-09-26T09:40:09",
                "status": "modified",
                "first_commit": "2019-02-14T10:25:41",
                "last_commit": "2020-11-25T10:37:47",
                "CI_type": "Jenkins",
                "sha": "44913775bf1707bb9cbf43bad6d08a7d0148573d"
            },
            {
                "file_name": "/Jenkinsfile",
                "commit_date": "2019-09-19T08:45:42",
                "status": "modified",
                "first_commit": "2019-02-14T10:25:41",
                "last_commit": "2020-11-25T10:37:47",
                "CI_type": "Jenkins",
                "sha": "c326e3c124b77f75fa36b6a2e77f5a2558064643"
            },
            {
                "file_name": "/Jenkinsfile",
                "commit_date": "2019-09-17T12:07:49",
                "status": "modified",
                "first_commit": "2019-02-14T10:25:41",
                "last_commit": "2020-11-25T10:37:47",
                "CI_type": "Jenkins",
                "sha": "37fe0e2bde918ca5f190848651f34e597ecadfd4"
            },
            {
                "file_name": "/Jenkinsfile",
                "commit_date": "2019-08-22T14:47:12",
                "status": "modified",
                "first_commit": "2019-02-14T10:25:41",
                "last_commit": "2020-11-25T10:37:47",
                "CI_type": "Jenkins",
                "sha": "aa7fed9e16fbf8a1083172f8afdba4371366a3c3"
            },
            {
                "file_name": "/Jenkinsfile",
                "commit_date": "2019-08-22T13:13:59",
                "status": "modified",
                "first_commit": "2019-02-14T10:25:41",
                "last_commit": "2020-11-25T10:37:47",
                "CI_type": "Jenkins",
                "sha": "c792acb7c6ab73eea511849072c9d7eeefa24122"
            },
            {
                "file_name": "/Jenkinsfile",
                "commit_date": "2019-08-18T18:16:45",
                "status": "modified",
                "first_commit": "2019-02-14T10:25:41",
                "last_commit": "2020-11-25T10:37:47",
                "CI_type": "Jenkins",
                "sha": "9e8311168df987ce3d9cf18b67ce95ab5069b799"
            },
            {
                "file_name": "/Jenkinsfile",
                "commit_date": "2019-08-14T09:12:57",
                "status": "modified",
                "first_commit": "2019-02-14T10:25:41",
                "last_commit": "2020-11-25T10:37:47",
                "CI_type": "Jenkins",
                "sha": "b080113d402f6caefc5b5af8e52cbd032b2d7fb1"
            },
            {
                "file_name": "/Jenkinsfile",
                "commit_date": "2019-08-13T15:05:29",
                "status": "modified",
                "first_commit": "2019-02-14T10:25:41",
                "last_commit": "2020-11-25T10:37:47",
                "CI_type": "Jenkins",
                "sha": "390c016e2b4015736a523e8dde270b7051cec345"
            },
            {
                "file_name": "/Jenkinsfile",
                "commit_date": "2019-07-04T09:59:29",
                "status": "modified",
                "first_commit": "2019-02-14T10:25:41",
                "last_commit": "2020-11-25T10:37:47",
                "CI_type": "Jenkins",
                "sha": "fb91c704f12638260103e26f1decfdaaf81d54fe"
            },
            {
                "file_name": "/Jenkinsfile",
                "commit_date": "2019-07-18T12:34:40",
                "status": "modified",
                "first_commit": "2019-02-14T10:25:41",
                "last_commit": "2020-11-25T10:37:47",
                "CI_type": "Jenkins",
                "sha": "b9a33aedcdac6b7ea668ecf05e0e039c5725f835"
            },
            {
                "file_name": "/Jenkinsfile",
                "commit_date": "2019-07-03T11:05:41",
                "status": "modified",
                "first_commit": "2019-02-14T10:25:41",
                "last_commit": "2020-11-25T10:37:47",
                "CI_type": "Jenkins",
                "sha": "b9b3bbd3ddfcc98641bc0f53286c23990634d804"
            },
            {
                "file_name": "/Jenkinsfile",
                "commit_date": "2019-07-01T11:57:39",
                "status": "modified",
                "first_commit": "2019-02-14T10:25:41",
                "last_commit": "2020-11-25T10:37:47",
                "CI_type": "Jenkins",
                "sha": "67312710d2fc460b3b0bc32a480e53994939c07e"
            },
            {
                "file_name": "/Jenkinsfile",
                "commit_date": "2019-06-28T10:56:18",
                "status": "modified",
                "first_commit": "2019-02-14T10:25:41",
                "last_commit": "2020-11-25T10:37:47",
                "CI_type": "Jenkins",
                "sha": "e747a8c55e94b80d27dde9a7cab3048282968985"
            },
            {
                "file_name": "/Jenkinsfile",
                "commit_date": "2019-06-13T20:03:34",
                "status": "modified",
                "first_commit": "2019-02-14T10:25:41",
                "last_commit": "2020-11-25T10:37:47",
                "CI_type": "Jenkins",
                "sha": "ee7874eaf67506ab40bc68ea9c87c4df5c5398df"
            },
            {
                "file_name": "/Jenkinsfile",
                "commit_date": "2019-06-13T07:12:26",
                "status": "modified",
                "first_commit": "2019-02-14T10:25:41",
                "last_commit": "2020-11-25T10:37:47",
                "CI_type": "Jenkins",
                "sha": "84448df861332e8ed09f9fd0e822d8c7fe2844a8"
            },
            {
                "file_name": "/Jenkinsfile",
                "commit_date": "2019-06-11T11:21:15",
                "status": "modified",
                "first_commit": "2019-02-14T10:25:41",
                "last_commit": "2020-11-25T10:37:47",
                "CI_type": "Jenkins",
                "sha": "774c8024ec1a5e6b9607f88eb3bdd7e234f3dc2e"
            },
            {
                "file_name": "/Jenkinsfile",
                "commit_date": "2019-05-30T12:00:11",
                "status": "modified",
                "first_commit": "2019-02-14T10:25:41",
                "last_commit": "2020-11-25T10:37:47",
                "CI_type": "Jenkins",
                "sha": "737d945f883955b333b759acd20eedd907c2c57e"
            },
            {
                "file_name": "/Jenkinsfile",
                "commit_date": "2019-05-08T14:33:13",
                "status": "modified",
                "first_commit": "2019-02-14T10:25:41",
                "last_commit": "2020-11-25T10:37:47",
                "CI_type": "Jenkins",
                "sha": "7f366a60b79ea7aad764cb9278c5df33b7762d9f"
            },
            {
                "file_name": "/Jenkinsfile",
                "commit_date": "2019-05-07T11:55:22",
                "status": "modified",
                "first_commit": "2019-02-14T10:25:41",
                "last_commit": "2020-11-25T10:37:47",
                "CI_type": "Jenkins",
                "sha": "437f399c19034114445a1036d3f6be5d68bae911"
            },
            {
                "file_name": "/Jenkinsfile",
                "commit_date": "2019-04-24T10:54:08",
                "status": "modified",
                "first_commit": "2019-02-14T10:25:41",
                "last_commit": "2020-11-25T10:37:47",
                "CI_type": "Jenkins",
                "sha": "b13f7885870e8aa7f652ef5777c0f44218b22b65"
            },
            {
                "file_name": "/Jenkinsfile",
                "commit_date": "2019-04-17T07:56:28",
                "status": "modified",
                "first_commit": "2019-02-14T10:25:41",
                "last_commit": "2020-11-25T10:37:47",
                "CI_type": "Jenkins",
                "sha": "0d42de6549558ba6b75edaf5e245b0585bb3464c"
            },
            {
                "file_name": "/Jenkinsfile",
                "commit_date": "2019-03-29T10:37:58",
                "status": "modified",
                "first_commit": "2019-02-14T10:25:41",
                "last_commit": "2020-11-25T10:37:47",
                "CI_type": "Jenkins",
                "sha": "fe34b69b431a85e567ca0295db219fe2931d8d0b"
            },
            {
                "file_name": "/Jenkinsfile",
                "commit_date": "2019-03-26T10:40:46",
                "status": "modified",
                "first_commit": "2019-02-14T10:25:41",
                "last_commit": "2020-11-25T10:37:47",
                "CI_type": "Jenkins",
                "sha": "ee0ac22c8f4df4f9ee5bf361741f4efdd3f33048"
            },
            {
                "file_name": "/Jenkinsfile",
                "commit_date": "2019-03-14T12:49:45",
                "status": "modified",
                "first_commit": "2019-02-14T10:25:41",
                "last_commit": "2020-11-25T10:37:47",
                "CI_type": "Jenkins",
                "sha": "7681314c9627442cedd56e42220738a1419bccda"
            },
            {
                "file_name": "/Jenkinsfile",
                "commit_date": "2019-02-14T14:18:40",
                "status": "modified",
                "first_commit": "2019-02-14T10:25:41",
                "last_commit": "2020-11-25T10:37:47",
                "CI_type": "Jenkins",
                "sha": "e8d37051f3c6b7bcbdf7f65cbe167193baf4a22c"
            },
            {
                "file_name": "/Jenkinsfile",
                "commit_date": "2019-02-14T10:25:41",
                "status": "modified",
                "first_commit": "2019-02-14T10:25:41",
                "last_commit": "2020-11-25T10:37:47",
                "CI_type": "Jenkins",
                "sha": "0bf24aeb265825641a47666185e505d8512923bc"
            },
            {
                "file_name": "/Jenkinsfile",
                "commit_date": "2019-02-05T10:38:13",
                "status": "modified",
                "first_commit": "2019-02-14T10:25:41",
                "last_commit": "2020-11-25T10:37:47",
                "CI_type": "Jenkins",
                "sha": "0d72fdf0cd3dbd83b83c3821160e174b218c236f"
            },
            {
                "file_name": "/Jenkinsfile",
                "commit_date": "2018-11-07T20:27:18",
                "status": "modified",
                "first_commit": "2019-02-14T10:25:41",
                "last_commit": "2020-11-25T10:37:47",
                "CI_type": "Jenkins",
                "sha": "43a37f33136c420409ac7f348d144ab08842a8d0"
            },
            {
                "file_name": "/Jenkinsfile",
                "commit_date": "2018-09-25T10:53:14",
                "status": "modified",
                "first_commit": "2019-02-14T10:25:41",
                "last_commit": "2020-11-25T10:37:47",
                "CI_type": "Jenkins",
                "sha": "53647e179d4e54acde470065883424f31c650073"
            },
            {
                "file_name": "/Jenkinsfile",
                "commit_date": "2018-09-21T15:17:50",
                "status": "modified",
                "first_commit": "2019-02-14T10:25:41",
                "last_commit": "2020-11-25T10:37:47",
                "CI_type": "Jenkins",
                "sha": "63ca40a88c6b2e0b0f6182d60827a6c10d5ecb79"
            },
            {
                "file_name": "/Jenkinsfile",
                "commit_date": "2018-09-05T14:06:05",
                "status": "modified",
                "first_commit": "2019-02-14T10:25:41",
                "last_commit": "2020-11-25T10:37:47",
                "CI_type": "Jenkins",
                "sha": "e2321da98c864d98f68c437d8a467aad033bed50"
            },
            {
                "file_name": "/Jenkinsfile",
                "commit_date": "2018-09-04T15:40:03",
                "status": "modified",
                "first_commit": "2019-02-14T10:25:41",
                "last_commit": "2020-11-25T10:37:47",
                "CI_type": "Jenkins",
                "sha": "09588325aa41ed91ec6164bc514a66009cff6154"
            },
            {
                "file_name": "/Jenkinsfile",
                "commit_date": "2018-09-04T09:39:54",
                "status": "modified",
                "first_commit": "2019-02-14T10:25:41",
                "last_commit": "2020-11-25T10:37:47",
                "CI_type": "Jenkins",
                "sha": "4d5eb18be1db0eeaa7c74230bc7389bd765158b2"
            },
            {
                "file_name": "/Jenkinsfile",
                "commit_date": "2018-09-03T13:15:48",
                "status": "modified",
                "first_commit": "2019-02-14T10:25:41",
                "last_commit": "2020-11-25T10:37:47",
                "CI_type": "Jenkins",
                "sha": "fc07b9055656394939ad056012c4ae6712d0edd1"
            },
            {
                "file_name": "/Jenkinsfile",
                "commit_date": "2018-08-31T11:54:45",
                "status": "added",
                "first_commit": "2019-02-14T10:25:41",
                "last_commit": "2020-11-25T10:37:47",
                "CI_type": "Jenkins",
                "sha": "bec70dc298fcd4f34b2c65d78e9b395e972a637d"
            },
            {
                "file_name": "/Jenkinsfile",
                "commit_date": "2018-08-31T09:26:05",
                "status": "added",
                "first_commit": "2019-02-14T10:25:41",
                "last_commit": "2020-11-25T10:37:47",
                "CI_type": "Jenkins",
                "sha": "5720f5461965794fea5d3c2289c7d622ff5562d0"
            }
        ]
    }
]