{
    "id": 163965379,
    "name": "memory-optimizer",
    "full_name": "intel/memory-optimizer",
    "org_name": "Intel Corporation",
    "org_id": 17888862,
    "created_at": "2019-01-03T11:39:24",
    "pushed_at": "2023-01-07T00:10:18",
    "updated_at": "2023-01-07T00:10:24",
    "isFork": false,
    "forks": 18,
    "forks_count": 18,
    "has_downloads": true,
    "has_issues": true,
    "has_pages": false,
    "has_projects": true,
    "has_wiki": true,
    "homepage": null,
    "language": "C++",
    "open_issues": 1,
    "open_issues_count": 1,
    "size": 1028,
    "stargazers_count": 26,
    "subscribers_count": 5,
    "watchers": 26,
    "watchers_count": 26,
    "first_commit": "2019-08-14T02:05:48",
    "last_commit": "2023-01-07T00:10:15",
    "branches_count": 1,
    "commit_comments_count": 0,
    "commits_count": 997,
    "countributors_count": 4,
    "downloads_count": 0,
    "events_count": 3,
    "issues_count": 1,
    "labels_count": 8,
    "milestones_count": 0,
    "PR_count": 1,
    "open_PR_count": 1,
    "readme_size": 1617,
    "release_count": 0,
    "topic_count": 0,
    "15_commits": 0,
    "16_commits": 0,
    "17_commits": 0,
    "18_commits": 658,
    "19_commits": 338,
    "20_commits": 0,
    "21_commits": 0,
    "22_commits": 0,
    "15_committer_num": 0,
    "16_committer_num": 0,
    "17_committer_num": 0,
    "18_committer_num": 3,
    "19_committer_num": 2,
    "20_committer_num": 0,
    "21_committer_num": 0,
    "22_committer_num": 0
}{
    "stargazer_date": {
        "1139012": "2019-03-07T20:37:19",
        "19710423": "2019-03-11T17:14:00",
        "48255189": "2019-03-13T14:42:53",
        "15835510": "2019-04-17T03:30:59",
        "6450723": "2019-05-09T11:42:26",
        "19225626": "2019-10-23T06:07:33",
        "9283708": "2019-10-25T06:23:42",
        "31724164": "2020-03-03T19:54:58",
        "43765972": "2020-03-24T19:00:37",
        "5664387": "2020-07-10T07:47:45",
        "23121291": "2020-09-15T15:16:19",
        "37380896": "2020-11-10T05:47:44",
        "61629094": "2020-12-28T22:36:40",
        "54332754": "2021-04-12T06:55:02",
        "34513527": "2021-05-25T02:57:44",
        "36159219": "2021-05-25T04:32:14",
        "3883941": "2021-05-25T06:17:03",
        "37697612": "2021-10-25T12:45:34",
        "3696828": "2021-11-12T14:46:39",
        "1665426": "2021-12-23T16:04:02",
        "8584783": "2022-01-17T14:39:56",
        "10744290": "2022-01-20T09:45:55",
        "472928": "2022-02-18T11:43:13",
        "20657958": "2022-09-07T03:18:40",
        "35828679": "2022-10-20T08:43:00",
        "65444029": "2023-01-06T03:28:47"
    }
}[
    {
        "GHA": {}
    },
    {
        "Travis": []
    },
    {
        "CircleCI": []
    },
    {
        "AppVeyor": []
    },
    {
        "Azure": []
    },
    {
        "GitLab": []
    },
    {
        "Jenkins": []
    }
]