{
    "id": 168612632,
    "name": "vtune-perf-glibc-v2.7",
    "full_name": "intel/vtune-perf-glibc-v2.7",
    "org_name": "Intel Corporation",
    "org_id": 17888862,
    "created_at": "2019-01-31T23:28:53",
    "pushed_at": "2022-08-04T22:53:44",
    "updated_at": "2023-01-27T22:31:41",
    "isFork": false,
    "forks": 3,
    "forks_count": 3,
    "has_downloads": true,
    "has_issues": true,
    "has_pages": false,
    "has_projects": true,
    "has_wiki": true,
    "homepage": null,
    "language": null,
    "open_issues": 0,
    "open_issues_count": 0,
    "size": 2,
    "stargazers_count": 1,
    "subscribers_count": 4,
    "watchers": 1,
    "watchers_count": 1,
    "first_commit": "2019-02-06T21:24:06",
    "last_commit": "2022-08-04T22:48:00",
    "branches_count": 1,
    "commit_comments_count": 0,
    "commits_count": 4,
    "countributors_count": 1,
    "downloads_count": 0,
    "events_count": 0,
    "issues_count": 0,
    "labels_count": 8,
    "milestones_count": 0,
    "PR_count": 0,
    "open_PR_count": 0,
    "readme_size": 2629,
    "release_count": 0,
    "topic_count": 0,
    "15_commits": 0,
    "16_commits": 0,
    "17_commits": 0,
    "18_commits": 0,
    "19_commits": 3,
    "20_commits": 0,
    "21_commits": 0,
    "22_commits": 1,
    "15_committer_num": 0,
    "16_committer_num": 0,
    "17_committer_num": 0,
    "18_committer_num": 0,
    "19_committer_num": 0,
    "20_committer_num": 0,
    "21_committer_num": 0,
    "22_committer_num": 1
}{
    "stargazer_date": {
        "31040099": "2020-11-09T08:11:13"
    }
}[
    {
        "GHA": {}
    },
    {
        "Travis": []
    },
    {
        "CircleCI": []
    },
    {
        "AppVeyor": []
    },
    {
        "Azure": []
    },
    {
        "GitLab": []
    },
    {
        "Jenkins": []
    }
]