{
    "id": 169169578,
    "name": "vtune-perf-numactl",
    "full_name": "intel/vtune-perf-numactl",
    "org_name": "Intel Corporation",
    "org_id": 17888862,
    "created_at": "2019-02-05T00:11:05",
    "pushed_at": "2022-08-04T22:54:06",
    "updated_at": "2023-01-27T22:31:41",
    "isFork": true,
    "forks": 3,
    "forks_count": 3,
    "has_downloads": true,
    "has_issues": false,
    "has_pages": false,
    "has_projects": true,
    "has_wiki": false,
    "homepage": "",
    "language": "C",
    "open_issues": 0,
    "open_issues_count": 0,
    "size": 1496,
    "stargazers_count": 1,
    "subscribers_count": 2,
    "watchers": 1,
    "watchers_count": 1,
    "first_commit": "2014-08-05T04:33:18",
    "last_commit": "2022-08-04T22:48:22",
    "branches_count": 2,
    "commit_comments_count": 0,
    "commits_count": 282,
    "countributors_count": 27,
    "downloads_count": 0,
    "events_count": 0,
    "issues_count": 0,
    "labels_count": 8,
    "milestones_count": 0,
    "PR_count": 0,
    "open_PR_count": 0,
    "readme_size": 2259,
    "release_count": 0,
    "topic_count": 0,
    "15_commits": 6,
    "16_commits": 8,
    "17_commits": 11,
    "18_commits": 51,
    "19_commits": 4,
    "20_commits": 0,
    "21_commits": 0,
    "22_commits": 1,
    "15_committer_num": 3,
    "16_committer_num": 3,
    "17_committer_num": 4,
    "18_committer_num": 5,
    "19_committer_num": 3,
    "20_committer_num": 0,
    "21_committer_num": 0,
    "22_committer_num": 1
}{
    "stargazer_date": {
        "759784": "2020-07-27T14:28:18"
    }
}[
    {
        "GHA": {}
    },
    {
        "Travis": [
            {
                "file_name": "/.travis.yml",
                "commit_date": "2018-10-05T21:45:58",
                "status": "modified",
                "first_commit": "2014-08-05T22:54:44",
                "last_commit": "2018-10-05T21:45:58",
                "CI_type": "Travis",
                "sha": "6385e886d6a54c99f9092d11e7dfafe00c3c035a"
            },
            {
                "file_name": "/.travis.yml",
                "commit_date": "2014-08-05T22:54:44",
                "status": "added",
                "first_commit": "2014-08-05T22:54:44",
                "last_commit": "2018-10-05T21:45:58",
                "CI_type": "Travis",
                "sha": "38ecfc0853611dd8ecf1582d8d0400036e800707"
            }
        ]
    },
    {
        "CircleCI": []
    },
    {
        "AppVeyor": []
    },
    {
        "Azure": []
    },
    {
        "GitLab": []
    },
    {
        "Jenkins": []
    }
]