{
    "id": 171583357,
    "name": "Detectron",
    "full_name": "intel/Detectron",
    "org_name": "Intel Corporation",
    "org_id": 17888862,
    "created_at": "2019-02-20T02:06:00",
    "pushed_at": "2022-08-04T22:53:29",
    "updated_at": "2023-01-27T22:31:41",
    "isFork": true,
    "forks": 4,
    "forks_count": 4,
    "has_downloads": true,
    "has_issues": false,
    "has_pages": false,
    "has_projects": true,
    "has_wiki": true,
    "homepage": "",
    "language": "Python",
    "open_issues": 1,
    "open_issues_count": 1,
    "size": 4387,
    "stargazers_count": 2,
    "subscribers_count": 4,
    "watchers": 2,
    "watchers_count": 2,
    "first_commit": "2018-04-10T16:17:40",
    "last_commit": "2022-08-04T22:47:45",
    "branches_count": 1,
    "commit_comments_count": 0,
    "commits_count": 148,
    "countributors_count": 23,
    "downloads_count": 0,
    "events_count": 0,
    "issues_count": 1,
    "labels_count": 8,
    "milestones_count": 0,
    "PR_count": 2,
    "open_PR_count": 1,
    "readme_size": 7386,
    "release_count": 0,
    "topic_count": 0,
    "15_commits": 0,
    "16_commits": 0,
    "17_commits": 0,
    "18_commits": 131,
    "19_commits": 16,
    "20_commits": 0,
    "21_commits": 0,
    "22_commits": 1,
    "15_committer_num": 0,
    "16_committer_num": 0,
    "17_committer_num": 0,
    "18_committer_num": 23,
    "19_committer_num": 2,
    "20_committer_num": 0,
    "21_committer_num": 0,
    "22_committer_num": 1
}{
    "stargazer_date": {
        "6279565": "2019-02-28T19:34:58",
        "33883999": "2019-06-13T00:46:59"
    }
}[
    {
        "GHA": {}
    },
    {
        "Travis": []
    },
    {
        "CircleCI": []
    },
    {
        "AppVeyor": []
    },
    {
        "Azure": []
    },
    {
        "GitLab": []
    },
    {
        "Jenkins": []
    }
]