{
    "id": 174037199,
    "name": "sgx-cpu-feature-detection",
    "full_name": "intel/sgx-cpu-feature-detection",
    "org_name": "Intel Corporation",
    "org_id": 17888862,
    "created_at": "2019-03-05T23:38:08",
    "pushed_at": "2023-01-07T00:06:51",
    "updated_at": "2023-01-07T00:06:54",
    "isFork": false,
    "forks": 3,
    "forks_count": 3,
    "has_downloads": true,
    "has_issues": true,
    "has_pages": false,
    "has_projects": true,
    "has_wiki": true,
    "homepage": null,
    "language": "M4",
    "open_issues": 0,
    "open_issues_count": 0,
    "size": 29,
    "stargazers_count": 9,
    "subscribers_count": 2,
    "watchers": 9,
    "watchers_count": 9,
    "first_commit": "2019-04-09T22:58:56",
    "last_commit": "2023-01-07T00:06:47",
    "branches_count": 2,
    "commit_comments_count": 0,
    "commits_count": 7,
    "countributors_count": 2,
    "downloads_count": 0,
    "events_count": 1,
    "issues_count": 0,
    "labels_count": 8,
    "milestones_count": 0,
    "PR_count": 0,
    "open_PR_count": 0,
    "readme_size": 12812,
    "release_count": 1,
    "topic_count": 0,
    "15_commits": 0,
    "16_commits": 0,
    "17_commits": 0,
    "18_commits": 0,
    "19_commits": 6,
    "20_commits": 0,
    "21_commits": 0,
    "22_commits": 0,
    "15_committer_num": 0,
    "16_committer_num": 0,
    "17_committer_num": 0,
    "18_committer_num": 0,
    "19_committer_num": 1,
    "20_committer_num": 0,
    "21_committer_num": 0,
    "22_committer_num": 0
}{
    "stargazer_date": {
        "7992257": "2020-04-14T17:45:02",
        "46664299": "2020-05-09T04:13:25",
        "1098811": "2020-06-08T15:25:24",
        "17918147": "2020-07-21T07:42:50",
        "38746192": "2021-01-04T07:06:40",
        "38147001": "2021-03-20T07:23:35",
        "772042": "2021-03-29T03:48:56",
        "10843214": "2021-04-27T21:48:16",
        "5788791": "2021-10-31T11:44:13"
    }
}[
    {
        "GHA": {}
    },
    {
        "Travis": []
    },
    {
        "CircleCI": []
    },
    {
        "AppVeyor": []
    },
    {
        "Azure": []
    },
    {
        "GitLab": []
    },
    {
        "Jenkins": []
    }
]