{
    "id": 174231157,
    "name": "kubernetes-qat-envoy",
    "full_name": "intel/kubernetes-qat-envoy",
    "org_name": "Intel Corporation",
    "org_id": 17888862,
    "created_at": "2019-03-06T22:30:28",
    "pushed_at": "2022-03-19T04:24:29",
    "updated_at": "2022-12-19T05:39:44",
    "isFork": false,
    "forks": 24,
    "forks_count": 24,
    "has_downloads": true,
    "has_issues": true,
    "has_pages": false,
    "has_projects": true,
    "has_wiki": true,
    "homepage": null,
    "language": "C++",
    "open_issues": 4,
    "open_issues_count": 4,
    "size": 686,
    "stargazers_count": 23,
    "subscribers_count": 10,
    "watchers": 23,
    "watchers_count": 23,
    "first_commit": "2019-10-08T07:43:05",
    "last_commit": "2022-02-18T13:13:45",
    "branches_count": 2,
    "commit_comments_count": 0,
    "commits_count": 192,
    "countributors_count": 8,
    "downloads_count": 0,
    "events_count": 1,
    "issues_count": 4,
    "labels_count": 8,
    "milestones_count": 0,
    "PR_count": 59,
    "open_PR_count": 3,
    "readme_size": 4577,
    "release_count": 0,
    "topic_count": 0,
    "15_commits": 0,
    "16_commits": 0,
    "17_commits": 0,
    "18_commits": 1,
    "19_commits": 115,
    "20_commits": 65,
    "21_commits": 4,
    "22_commits": 7,
    "15_committer_num": 0,
    "16_committer_num": 0,
    "17_committer_num": 0,
    "18_committer_num": 1,
    "19_committer_num": 5,
    "20_committer_num": 4,
    "21_committer_num": 4,
    "22_committer_num": 2
}{
    "stargazer_date": {
        "13009432": "2019-06-14T16:55:29",
        "8356225": "2019-07-24T02:04:28",
        "6366270": "2019-08-19T13:58:24",
        "11828666": "2019-12-13T21:09:05",
        "30615": "2020-07-12T16:26:47",
        "861038": "2020-08-06T12:20:27",
        "68847302": "2020-08-24T06:30:55",
        "44137847": "2020-09-01T18:44:36",
        "855056": "2020-09-09T14:09:43",
        "30935": "2020-10-08T12:48:57",
        "25942028": "2020-11-30T01:07:54",
        "12726668": "2021-04-26T06:23:46",
        "61925099": "2021-07-31T03:11:31",
        "1217777": "2021-08-19T01:48:12",
        "9560490": "2021-09-02T19:39:03",
        "2134673": "2021-10-25T00:47:54",
        "92711272": "2021-10-25T12:46:15",
        "29827696": "2021-11-10T02:37:51",
        "12399190": "2021-12-23T18:19:31",
        "998633": "2022-01-28T14:11:21",
        "9432697": "2022-03-14T02:15:02",
        "13294789": "2022-07-11T16:38:09",
        "46479705": "2022-12-19T05:39:44"
    }
}[
    {
        "GHA": {}
    },
    {
        "Travis": []
    },
    {
        "CircleCI": []
    },
    {
        "AppVeyor": []
    },
    {
        "Azure": []
    },
    {
        "GitLab": []
    },
    {
        "Jenkins": []
    }
]