{
    "id": 175857679,
    "name": "rsp-sw-toolkit-nfc",
    "full_name": "intel/rsp-sw-toolkit-nfc",
    "org_name": "Intel Corporation",
    "org_id": 17888862,
    "created_at": "2019-03-15T16:43:13",
    "pushed_at": "2022-12-14T06:37:46",
    "updated_at": "2022-12-14T06:37:50",
    "isFork": false,
    "forks": 4,
    "forks_count": 4,
    "has_downloads": true,
    "has_issues": true,
    "has_pages": false,
    "has_projects": true,
    "has_wiki": true,
    "homepage": null,
    "language": "Java",
    "open_issues": 0,
    "open_issues_count": 0,
    "size": 1365,
    "stargazers_count": 0,
    "subscribers_count": 11,
    "watchers": 0,
    "watchers_count": 0,
    "first_commit": "2019-03-15T21:55:14",
    "last_commit": "2022-12-14T06:37:43",
    "branches_count": 1,
    "commit_comments_count": 0,
    "commits_count": 10,
    "countributors_count": 2,
    "downloads_count": 0,
    "events_count": 1,
    "issues_count": 0,
    "labels_count": 8,
    "milestones_count": 0,
    "PR_count": 0,
    "open_PR_count": 0,
    "readme_size": 2246,
    "release_count": 0,
    "topic_count": 0,
    "15_commits": 0,
    "16_commits": 0,
    "17_commits": 0,
    "18_commits": 0,
    "19_commits": 6,
    "20_commits": 3,
    "21_commits": 0,
    "22_commits": 1,
    "15_committer_num": 0,
    "16_committer_num": 0,
    "17_committer_num": 0,
    "18_committer_num": 0,
    "19_committer_num": 1,
    "20_committer_num": 1,
    "21_committer_num": 0,
    "22_committer_num": 1
}{
    "stargazer_date": {}
}[
    {
        "GHA": {}
    },
    {
        "Travis": []
    },
    {
        "CircleCI": []
    },
    {
        "AppVeyor": []
    },
    {
        "Azure": []
    },
    {
        "GitLab": []
    },
    {
        "Jenkins": []
    }
]