{
    "id": 185689961,
    "name": "rsp-sw-toolkit-im-suite-inventory-service",
    "full_name": "intel/rsp-sw-toolkit-im-suite-inventory-service",
    "org_name": "Intel Corporation",
    "org_id": 17888862,
    "created_at": "2019-05-08T22:55:11",
    "pushed_at": "2022-12-14T06:37:13",
    "updated_at": "2022-12-14T06:37:16",
    "isFork": false,
    "forks": 4,
    "forks_count": 4,
    "has_downloads": true,
    "has_issues": true,
    "has_pages": false,
    "has_projects": true,
    "has_wiki": true,
    "homepage": null,
    "language": "Go",
    "open_issues": 0,
    "open_issues_count": 0,
    "size": 496,
    "stargazers_count": 0,
    "subscribers_count": 8,
    "watchers": 0,
    "watchers_count": 0,
    "first_commit": "2019-07-29T18:34:04",
    "last_commit": "2022-12-14T06:37:09",
    "branches_count": 1,
    "commit_comments_count": 0,
    "commits_count": 212,
    "countributors_count": 7,
    "downloads_count": 0,
    "events_count": 1,
    "issues_count": 0,
    "labels_count": 8,
    "milestones_count": 0,
    "PR_count": 1,
    "open_PR_count": 0,
    "readme_size": 1432,
    "release_count": 0,
    "topic_count": 0,
    "15_commits": 0,
    "16_commits": 0,
    "17_commits": 0,
    "18_commits": 0,
    "19_commits": 210,
    "20_commits": 1,
    "21_commits": 0,
    "22_commits": 1,
    "15_committer_num": 0,
    "16_committer_num": 0,
    "17_committer_num": 0,
    "18_committer_num": 0,
    "19_committer_num": 5,
    "20_committer_num": 1,
    "21_committer_num": 0,
    "22_committer_num": 1
}{
    "stargazer_date": {}
}[
    {
        "GHA": {}
    },
    {
        "Travis": []
    },
    {
        "CircleCI": []
    },
    {
        "AppVeyor": []
    },
    {
        "Azure": []
    },
    {
        "GitLab": []
    },
    {
        "Jenkins": [
            {
                "file_name": "/Jenkinsfile",
                "commit_date": "2019-12-19T20:02:59",
                "status": "removed",
                "first_commit": "2019-03-18T23:51:29",
                "last_commit": "2019-12-19T20:02:59",
                "CI_type": "Jenkins",
                "sha": "61e0c26adeb97a6b8680249adaf4c49f2f4a60e5"
            },
            {
                "file_name": "/Jenkinsfile",
                "commit_date": "2019-11-14T22:44:14",
                "status": "modified",
                "first_commit": "2019-03-18T23:51:29",
                "last_commit": "2019-12-19T20:02:59",
                "CI_type": "Jenkins",
                "sha": "bcb29a02f0124169fd70c1e5825dcd18a4d84af6"
            },
            {
                "file_name": "/Jenkinsfile",
                "commit_date": "2019-04-25T17:23:58",
                "status": "modified",
                "first_commit": "2019-03-18T23:51:29",
                "last_commit": "2019-12-19T20:02:59",
                "CI_type": "Jenkins",
                "sha": "05e1dca0584f0b255231a66590a941798ea6ea26"
            },
            {
                "file_name": "/Jenkinsfile",
                "commit_date": "2019-04-24T21:44:57",
                "status": "modified",
                "first_commit": "2019-03-18T23:51:29",
                "last_commit": "2019-12-19T20:02:59",
                "CI_type": "Jenkins",
                "sha": "a2691395549b21b0484bedbcdfafc169cd430c9b"
            },
            {
                "file_name": "/Jenkinsfile",
                "commit_date": "2019-04-17T18:53:16",
                "status": "modified",
                "first_commit": "2019-03-18T23:51:29",
                "last_commit": "2019-12-19T20:02:59",
                "CI_type": "Jenkins",
                "sha": "de964e492674a9cd03cc0aa991c140662edd49c1"
            },
            {
                "file_name": "/Jenkinsfile",
                "commit_date": "2019-04-17T18:41:16",
                "status": "modified",
                "first_commit": "2019-03-18T23:51:29",
                "last_commit": "2019-12-19T20:02:59",
                "CI_type": "Jenkins",
                "sha": "b3b64ea29134148ba018e84f3709c96a8faa952e"
            },
            {
                "file_name": "/Jenkinsfile",
                "commit_date": "2019-04-17T18:34:33",
                "status": "modified",
                "first_commit": "2019-03-18T23:51:29",
                "last_commit": "2019-12-19T20:02:59",
                "CI_type": "Jenkins",
                "sha": "e8a19e4ea1df0ac20cab14c4002972763e053aaf"
            },
            {
                "file_name": "/Jenkinsfile",
                "commit_date": "2019-04-17T18:28:31",
                "status": "modified",
                "first_commit": "2019-03-18T23:51:29",
                "last_commit": "2019-12-19T20:02:59",
                "CI_type": "Jenkins",
                "sha": "08942ad1fbbd99a53f5c9cfb960c2406dac9a2d6"
            },
            {
                "file_name": "/Jenkinsfile",
                "commit_date": "2019-04-17T18:02:07",
                "status": "modified",
                "first_commit": "2019-03-18T23:51:29",
                "last_commit": "2019-12-19T20:02:59",
                "CI_type": "Jenkins",
                "sha": "4fbecf8f76f1ec70d672c6b999e9e62d44ee3f12"
            },
            {
                "file_name": "/Jenkinsfile",
                "commit_date": "2019-04-17T17:56:08",
                "status": "modified",
                "first_commit": "2019-03-18T23:51:29",
                "last_commit": "2019-12-19T20:02:59",
                "CI_type": "Jenkins",
                "sha": "e97aae0c176ad7fea8b2b2c078dd1b3873045d3c"
            },
            {
                "file_name": "/Jenkinsfile",
                "commit_date": "2019-04-17T17:19:07",
                "status": "modified",
                "first_commit": "2019-03-18T23:51:29",
                "last_commit": "2019-12-19T20:02:59",
                "CI_type": "Jenkins",
                "sha": "2ab19758670ae3750785b0e22e24b071fb7f28a6"
            },
            {
                "file_name": "/Jenkinsfile",
                "commit_date": "2019-04-17T17:14:01",
                "status": "modified",
                "first_commit": "2019-03-18T23:51:29",
                "last_commit": "2019-12-19T20:02:59",
                "CI_type": "Jenkins",
                "sha": "847f0952c4d9ed61531f4077c426e0f760f5875c"
            },
            {
                "file_name": "/Jenkinsfile",
                "commit_date": "2019-04-17T17:05:46",
                "status": "modified",
                "first_commit": "2019-03-18T23:51:29",
                "last_commit": "2019-12-19T20:02:59",
                "CI_type": "Jenkins",
                "sha": "3b45fc952b5b74276e75a76ec9d316d9ade6d2eb"
            },
            {
                "file_name": "/Jenkinsfile",
                "commit_date": "2019-04-17T16:58:51",
                "status": "modified",
                "first_commit": "2019-03-18T23:51:29",
                "last_commit": "2019-12-19T20:02:59",
                "CI_type": "Jenkins",
                "sha": "38820c5c31fdd03b7367282b3ac3de1cb3887418"
            },
            {
                "file_name": "/Jenkinsfile",
                "commit_date": "2019-03-20T16:40:21",
                "status": "modified",
                "first_commit": "2019-03-18T23:51:29",
                "last_commit": "2019-12-19T20:02:59",
                "CI_type": "Jenkins",
                "sha": "08f5f0e9d0a31b51d986a4d1edc215f287eb8a37"
            },
            {
                "file_name": "/Jenkinsfile",
                "commit_date": "2019-03-20T16:27:00",
                "status": "modified",
                "first_commit": "2019-03-18T23:51:29",
                "last_commit": "2019-12-19T20:02:59",
                "CI_type": "Jenkins",
                "sha": "0d8a73bac6fab36f688d97b6f1a9731e1f0ac22e"
            },
            {
                "file_name": "/Jenkinsfile",
                "commit_date": "2019-03-19T22:47:34",
                "status": "modified",
                "first_commit": "2019-03-18T23:51:29",
                "last_commit": "2019-12-19T20:02:59",
                "CI_type": "Jenkins",
                "sha": "8a10a23589225740ce5e1473cef8e3c3c30c17e7"
            },
            {
                "file_name": "/Jenkinsfile",
                "commit_date": "2019-03-19T16:24:42",
                "status": "modified",
                "first_commit": "2019-03-18T23:51:29",
                "last_commit": "2019-12-19T20:02:59",
                "CI_type": "Jenkins",
                "sha": "b8e0d695aded87942dea3a3e40d844f716186960"
            },
            {
                "file_name": "/Jenkinsfile",
                "commit_date": "2019-03-18T23:51:29",
                "status": "added",
                "first_commit": "2019-03-18T23:51:29",
                "last_commit": "2019-12-19T20:02:59",
                "CI_type": "Jenkins",
                "sha": "a966c24456393c271f7056ec0e068ccd04d06c54"
            }
        ]
    }
]