{
    "id": 188208824,
    "name": "Immintrin-debug",
    "full_name": "intel/Immintrin-debug",
    "org_name": "Intel Corporation",
    "org_id": 17888862,
    "created_at": "2019-05-23T10:02:33",
    "pushed_at": "2023-01-07T00:44:11",
    "updated_at": "2023-02-24T07:29:12",
    "isFork": false,
    "forks": 9,
    "forks_count": 9,
    "has_downloads": true,
    "has_issues": true,
    "has_pages": false,
    "has_projects": true,
    "has_wiki": true,
    "homepage": "",
    "language": "C",
    "open_issues": 2,
    "open_issues_count": 2,
    "size": 1203,
    "stargazers_count": 52,
    "subscribers_count": 8,
    "watchers": 52,
    "watchers_count": 52,
    "first_commit": "2019-05-23T12:16:51",
    "last_commit": "2023-01-07T00:44:07",
    "branches_count": 2,
    "commit_comments_count": 0,
    "commits_count": 64,
    "countributors_count": 3,
    "downloads_count": 0,
    "events_count": 3,
    "issues_count": 2,
    "labels_count": 8,
    "milestones_count": 0,
    "PR_count": 2,
    "open_PR_count": 0,
    "readme_size": 531,
    "release_count": 0,
    "topic_count": 0,
    "15_commits": 0,
    "16_commits": 0,
    "17_commits": 0,
    "18_commits": 0,
    "19_commits": 57,
    "20_commits": 5,
    "21_commits": 1,
    "22_commits": 0,
    "15_committer_num": 0,
    "16_committer_num": 0,
    "17_committer_num": 0,
    "18_committer_num": 0,
    "19_committer_num": 2,
    "20_committer_num": 1,
    "21_committer_num": 1,
    "22_committer_num": 0
}{
    "stargazer_date": {
        "1215668": "2019-05-24T10:56:51",
        "10080078": "2019-05-30T09:43:08",
        "1781701": "2019-05-30T10:50:33",
        "26859944": "2019-05-30T22:11:12",
        "9891198": "2019-05-31T10:06:20",
        "1502824": "2019-05-31T12:10:20",
        "14836099": "2019-06-04T15:31:43",
        "130135": "2019-08-04T14:34:46",
        "34513461": "2019-08-04T14:49:51",
        "43664": "2019-08-04T15:14:03",
        "1905496": "2019-08-04T15:42:25",
        "47149884": "2019-08-04T15:58:48",
        "6748085": "2019-08-04T20:16:21",
        "3004941": "2019-08-04T20:48:51",
        "7133685": "2019-08-04T21:06:51",
        "1394254": "2019-08-05T00:09:47",
        "5866465": "2019-08-05T07:17:13",
        "3759759": "2019-08-05T08:04:40",
        "1182836": "2019-08-05T09:07:19",
        "805057": "2019-08-05T11:24:32",
        "9157986": "2019-08-05T13:22:17",
        "5712815": "2019-08-05T16:27:36",
        "16981248": "2019-08-05T22:43:49",
        "18043941": "2019-08-10T01:19:05",
        "406118": "2019-08-14T22:59:27",
        "7320657": "2019-08-15T01:53:43",
        "9058516": "2019-08-15T04:19:06",
        "7134030": "2019-08-15T06:18:11",
        "23210391": "2019-08-15T12:34:49",
        "23103705": "2019-08-16T06:32:35",
        "1379149": "2019-08-20T19:22:04",
        "6953047": "2019-09-11T13:04:11",
        "73767": "2019-09-15T15:57:30",
        "6366270": "2019-09-25T11:24:38",
        "10193083": "2019-10-25T09:11:58",
        "12935771": "2019-11-19T09:34:25",
        "6205619": "2019-12-04T13:53:07",
        "31843217": "2020-03-05T11:54:38",
        "553899": "2020-03-24T18:09:10",
        "237573": "2020-05-21T10:31:37",
        "22865698": "2020-11-01T02:48:11",
        "2458265": "2021-05-14T15:46:21",
        "5798383": "2021-05-14T16:06:43",
        "10137567": "2021-05-18T02:54:29",
        "10127691": "2021-09-18T15:39:37",
        "994445": "2021-09-18T16:01:41",
        "7666511": "2021-11-25T11:22:32",
        "6604751": "2021-12-18T08:26:27",
        "402462": "2022-10-24T16:09:21",
        "2989212": "2023-02-24T05:23:06",
        "24611394": "2023-02-24T07:29:12"
    }
}[
    {
        "GHA": {}
    },
    {
        "Travis": []
    },
    {
        "CircleCI": []
    },
    {
        "AppVeyor": []
    },
    {
        "Azure": []
    },
    {
        "GitLab": []
    },
    {
        "Jenkins": []
    }
]