{
    "id": 190823185,
    "name": "meta-acrn",
    "full_name": "intel/meta-acrn",
    "org_name": "Intel Corporation",
    "org_id": 17888862,
    "created_at": "2019-06-07T23:24:08",
    "pushed_at": "2023-03-10T09:32:31",
    "updated_at": "2023-03-10T09:32:37",
    "isFork": false,
    "forks": 42,
    "forks_count": 42,
    "has_downloads": true,
    "has_issues": true,
    "has_pages": false,
    "has_projects": false,
    "has_wiki": true,
    "homepage": "http://projectacrn.org/",
    "language": "Shell",
    "open_issues": 14,
    "open_issues_count": 14,
    "size": 639,
    "stargazers_count": 16,
    "subscribers_count": 8,
    "watchers": 16,
    "watchers_count": 16,
    "first_commit": "2021-06-22T03:35:35",
    "last_commit": "2023-03-10T06:08:37",
    "branches_count": 10,
    "commit_comments_count": 0,
    "commits_count": 342,
    "countributors_count": 16,
    "downloads_count": 0,
    "events_count": 16,
    "issues_count": 14,
    "labels_count": 9,
    "milestones_count": 1,
    "PR_count": 496,
    "open_PR_count": 3,
    "readme_size": 143,
    "release_count": 8,
    "topic_count": 0,
    "15_commits": 0,
    "16_commits": 0,
    "17_commits": 0,
    "18_commits": 0,
    "19_commits": 52,
    "20_commits": 151,
    "21_commits": 83,
    "22_commits": 52,
    "15_committer_num": 0,
    "16_committer_num": 0,
    "17_committer_num": 0,
    "18_committer_num": 0,
    "19_committer_num": 4,
    "20_committer_num": 10,
    "21_committer_num": 6,
    "22_committer_num": 4
}{
    "stargazer_date": {
        "32394": "2019-06-08T08:53:42",
        "26591695": "2019-06-09T09:36:21",
        "19978468": "2019-09-18T08:01:22",
        "60185972": "2020-02-26T10:45:32",
        "7658273": "2020-02-28T16:41:47",
        "2183293": "2020-03-25T23:18:40",
        "31308418": "2020-03-26T12:09:58",
        "31113136": "2020-10-21T08:37:37",
        "19812231": "2020-12-24T23:11:34",
        "54892143": "2021-05-19T01:59:53",
        "8431432": "2021-11-09T15:39:14",
        "7610584": "2022-05-28T19:21:44",
        "8414050": "2022-11-03T08:03:29",
        "113920127": "2022-12-02T18:17:28",
        "7732997": "2023-03-06T04:21:17"
    }
}[
    {
        "GHA": {}
    },
    {
        "Travis": [
            {
                "file_name": "/.travis.yml",
                "commit_date": "2021-01-21T03:32:57",
                "status": "modified",
                "first_commit": "2019-06-10T12:57:59",
                "last_commit": "2021-01-21T03:32:57",
                "CI_type": "Travis",
                "sha": "a60929461cae4b419517a43dd72addf99bf5968b"
            },
            {
                "file_name": "/.travis.yml",
                "commit_date": "2020-05-12T03:08:40",
                "status": "modified",
                "first_commit": "2019-06-10T12:57:59",
                "last_commit": "2021-01-21T03:32:57",
                "CI_type": "Travis",
                "sha": "2c645dcef9c88cf79a3e7c569e6bf4106e585bfe"
            },
            {
                "file_name": "/.travis.yml",
                "commit_date": "2019-11-06T03:31:00",
                "status": "modified",
                "first_commit": "2019-06-10T12:57:59",
                "last_commit": "2021-01-21T03:32:57",
                "CI_type": "Travis",
                "sha": "bd81d37d8619688130ac704152982dee96a1c7d0"
            },
            {
                "file_name": "/.travis.yml",
                "commit_date": "2019-10-23T12:49:19",
                "status": "modified",
                "first_commit": "2019-06-10T12:57:59",
                "last_commit": "2021-01-21T03:32:57",
                "CI_type": "Travis",
                "sha": "b23649cf2d01b6ff8b26218b00077ea19e9059a7"
            },
            {
                "file_name": "/.travis.yml",
                "commit_date": "2019-06-10T12:57:59",
                "status": "added",
                "first_commit": "2019-06-10T12:57:59",
                "last_commit": "2021-01-21T03:32:57",
                "CI_type": "Travis",
                "sha": "df868515f703e5834f9ff4f2f100df2bb016bbfd"
            }
        ]
    },
    {
        "CircleCI": []
    },
    {
        "AppVeyor": []
    },
    {
        "Azure": []
    },
    {
        "GitLab": []
    },
    {
        "Jenkins": []
    }
]