{
    "id": 191653832,
    "name": "rni-profile-base-rancheros",
    "full_name": "intel/rni-profile-base-rancheros",
    "org_name": "Intel Corporation",
    "org_id": 17888862,
    "created_at": "2019-06-12T22:36:36",
    "pushed_at": "2023-01-07T00:08:07",
    "updated_at": "2023-01-07T00:08:11",
    "isFork": false,
    "forks": 4,
    "forks_count": 4,
    "has_downloads": true,
    "has_issues": true,
    "has_pages": false,
    "has_projects": true,
    "has_wiki": true,
    "homepage": null,
    "language": "Shell",
    "open_issues": 0,
    "open_issues_count": 0,
    "size": 7,
    "stargazers_count": 4,
    "subscribers_count": 5,
    "watchers": 4,
    "watchers_count": 4,
    "first_commit": "2019-06-19T20:28:46",
    "last_commit": "2023-01-07T00:08:04",
    "branches_count": 1,
    "commit_comments_count": 0,
    "commits_count": 3,
    "countributors_count": 3,
    "downloads_count": 0,
    "events_count": 1,
    "issues_count": 0,
    "labels_count": 9,
    "milestones_count": 0,
    "PR_count": 0,
    "open_PR_count": 0,
    "readme_size": 5604,
    "release_count": 0,
    "topic_count": 0,
    "15_commits": 0,
    "16_commits": 0,
    "17_commits": 0,
    "18_commits": 0,
    "19_commits": 2,
    "20_commits": 0,
    "21_commits": 0,
    "22_commits": 0,
    "15_committer_num": 0,
    "16_committer_num": 0,
    "17_committer_num": 0,
    "18_committer_num": 0,
    "19_committer_num": 2,
    "20_committer_num": 0,
    "21_committer_num": 0,
    "22_committer_num": 0
}{
    "stargazer_date": {
        "1890273": "2019-06-21T15:44:04",
        "58460177": "2020-04-03T03:07:58",
        "6691194": "2021-07-14T23:08:22"
    }
}[
    {
        "GHA": {}
    },
    {
        "Travis": []
    },
    {
        "CircleCI": []
    },
    {
        "AppVeyor": []
    },
    {
        "Azure": []
    },
    {
        "GitLab": []
    },
    {
        "Jenkins": []
    }
]