{
    "id": 192626403,
    "name": "softhsm-tokens",
    "full_name": "intel/softhsm-tokens",
    "org_name": "Intel Corporation",
    "org_id": 17888862,
    "created_at": "2019-06-18T23:41:42",
    "pushed_at": "2022-08-04T22:44:46",
    "updated_at": "2023-01-27T22:31:42",
    "isFork": false,
    "forks": 4,
    "forks_count": 4,
    "has_downloads": true,
    "has_issues": true,
    "has_pages": false,
    "has_projects": true,
    "has_wiki": true,
    "homepage": null,
    "language": "C++",
    "open_issues": 0,
    "open_issues_count": 0,
    "size": 1404,
    "stargazers_count": 1,
    "subscribers_count": 4,
    "watchers": 1,
    "watchers_count": 1,
    "first_commit": "2019-07-02T16:03:25",
    "last_commit": "2022-08-04T22:39:02",
    "branches_count": 1,
    "commit_comments_count": 0,
    "commits_count": 3,
    "countributors_count": 2,
    "downloads_count": 0,
    "events_count": 0,
    "issues_count": 0,
    "labels_count": 9,
    "milestones_count": 0,
    "PR_count": 0,
    "open_PR_count": 0,
    "readme_size": 495,
    "release_count": 0,
    "topic_count": 0,
    "15_commits": 0,
    "16_commits": 0,
    "17_commits": 0,
    "18_commits": 0,
    "19_commits": 2,
    "20_commits": 0,
    "21_commits": 0,
    "22_commits": 1,
    "15_committer_num": 0,
    "16_committer_num": 0,
    "17_committer_num": 0,
    "18_committer_num": 0,
    "19_committer_num": 1,
    "20_committer_num": 0,
    "21_committer_num": 0,
    "22_committer_num": 1
}{
    "stargazer_date": {
        "13245787": "2019-12-14T00:01:47"
    }
}[
    {
        "GHA": {}
    },
    {
        "Travis": []
    },
    {
        "CircleCI": []
    },
    {
        "AppVeyor": []
    },
    {
        "Azure": []
    },
    {
        "GitLab": []
    },
    {
        "Jenkins": []
    }
]