{
    "id": 206885250,
    "name": "pinball2elf",
    "full_name": "intel/pinball2elf",
    "org_name": "Intel Corporation",
    "org_id": 17888862,
    "created_at": "2019-09-06T22:51:53",
    "pushed_at": "2023-03-08T19:22:06",
    "updated_at": "2023-02-21T06:49:19",
    "isFork": false,
    "forks": 3,
    "forks_count": 3,
    "has_downloads": true,
    "has_issues": true,
    "has_pages": false,
    "has_projects": true,
    "has_wiki": true,
    "homepage": null,
    "language": "C++",
    "open_issues": 2,
    "open_issues_count": 2,
    "size": 4239,
    "stargazers_count": 23,
    "subscribers_count": 7,
    "watchers": 23,
    "watchers_count": 23,
    "first_commit": "2019-09-10T23:45:32",
    "last_commit": "2023-03-08T19:21:31",
    "branches_count": 3,
    "commit_comments_count": 0,
    "commits_count": 86,
    "countributors_count": 2,
    "downloads_count": 0,
    "events_count": 8,
    "issues_count": 2,
    "labels_count": 9,
    "milestones_count": 0,
    "PR_count": 0,
    "open_PR_count": 0,
    "readme_size": 15681,
    "release_count": 0,
    "topic_count": 0,
    "15_commits": 0,
    "16_commits": 0,
    "17_commits": 0,
    "18_commits": 0,
    "19_commits": 9,
    "20_commits": 4,
    "21_commits": 49,
    "22_commits": 22,
    "15_committer_num": 0,
    "16_committer_num": 0,
    "17_committer_num": 0,
    "18_committer_num": 0,
    "19_committer_num": 1,
    "20_committer_num": 2,
    "21_committer_num": 1,
    "22_committer_num": 1
}{
    "stargazer_date": {
        "6366270": "2020-11-07T02:20:42",
        "818687": "2020-12-15T12:58:42",
        "16703505": "2021-01-04T03:53:38",
        "130135": "2021-03-01T17:26:09",
        "805057": "2021-03-03T10:40:32",
        "3759759": "2021-03-15T22:08:13",
        "1177385": "2021-04-13T14:09:09",
        "1790717": "2021-05-04T20:06:12",
        "9162471": "2021-05-06T02:39:30",
        "15258136": "2021-05-08T10:52:36",
        "15712308": "2022-03-11T12:04:05",
        "15780268": "2022-06-01T20:34:12",
        "11970724": "2022-06-21T08:40:27",
        "17172973": "2022-06-22T14:43:22",
        "5930729": "2022-06-23T23:05:54",
        "57350104": "2022-07-12T09:19:42",
        "38552154": "2022-07-29T03:47:17",
        "2715754": "2022-09-05T12:03:55",
        "187848": "2022-09-05T12:14:00",
        "6676048": "2022-09-05T13:51:17",
        "45265822": "2022-10-10T06:43:11",
        "31953787": "2023-02-08T06:33:36",
        "1198361": "2023-02-21T06:49:19"
    }
}[
    {
        "GHA": {}
    },
    {
        "Travis": []
    },
    {
        "CircleCI": []
    },
    {
        "AppVeyor": []
    },
    {
        "Azure": []
    },
    {
        "GitLab": []
    },
    {
        "Jenkins": []
    }
]