{
    "id": 20904107,
    "name": "workflow-profiler",
    "full_name": "intel/workflow-profiler",
    "org_name": "Intel Corporation",
    "org_id": 17888862,
    "created_at": "2014-06-16T23:39:34",
    "pushed_at": "2015-09-22T15:48:37",
    "updated_at": "2023-01-28T15:43:21",
    "isFork": false,
    "forks": 12,
    "forks_count": 12,
    "has_downloads": true,
    "has_issues": true,
    "has_pages": false,
    "has_projects": true,
    "has_wiki": true,
    "homepage": null,
    "language": "Python",
    "open_issues": 2,
    "open_issues_count": 2,
    "size": 888,
    "stargazers_count": 20,
    "subscribers_count": 11,
    "watchers": 20,
    "watchers_count": 20,
    "first_commit": "2014-06-30T20:47:50",
    "last_commit": "2014-08-07T18:54:09",
    "branches_count": 2,
    "commit_comments_count": 0,
    "commits_count": 4,
    "countributors_count": 1,
    "downloads_count": 0,
    "events_count": 0,
    "issues_count": 2,
    "labels_count": 7,
    "milestones_count": 0,
    "PR_count": 0,
    "open_PR_count": 0,
    "readme_size": 15711,
    "release_count": 0,
    "topic_count": 0,
    "15_commits": 0,
    "16_commits": 0,
    "17_commits": 0,
    "18_commits": 0,
    "19_commits": 0,
    "20_commits": 0,
    "21_commits": 0,
    "22_commits": 0,
    "15_committer_num": 0,
    "16_committer_num": 0,
    "17_committer_num": 0,
    "18_committer_num": 0,
    "19_committer_num": 0,
    "20_committer_num": 0,
    "21_committer_num": 0,
    "22_committer_num": 0
}{
    "stargazer_date": {
        "2174277": "2014-07-23T14:47:10",
        "291551": "2014-07-26T00:26:23",
        "39391": "2014-07-26T09:48:04",
        "83170": "2014-07-27T13:46:34",
        "83314": "2014-12-15T09:50:22",
        "2665962": "2015-03-27T19:27:00",
        "10817243": "2015-06-23T21:30:55",
        "1525579": "2015-07-15T16:42:14",
        "2716047": "2015-08-03T16:27:38",
        "14152062": "2015-09-18T17:14:36",
        "2493827": "2016-02-24T21:47:48",
        "1594938": "2016-03-06T03:21:59",
        "6693883": "2016-03-07T01:35:35",
        "18459954": "2016-05-19T03:45:16",
        "549284": "2016-06-20T13:32:03",
        "1330696": "2016-10-18T18:01:13",
        "7053284": "2017-08-25T19:40:06",
        "12564048": "2017-11-25T07:52:30",
        "5512193": "2017-12-15T07:35:47",
        "3843742": "2019-09-25T14:26:19"
    }
}[
    {
        "GHA": {}
    },
    {
        "Travis": []
    },
    {
        "CircleCI": []
    },
    {
        "AppVeyor": []
    },
    {
        "Azure": []
    },
    {
        "GitLab": []
    },
    {
        "Jenkins": []
    }
]