{
    "id": 21015648,
    "name": "libyami_doxygen",
    "full_name": "intel/libyami_doxygen",
    "org_name": "Intel Corporation",
    "org_id": 17888862,
    "created_at": "2014-06-19T21:08:16",
    "pushed_at": "2015-08-11T00:06:56",
    "updated_at": "2023-01-28T18:30:31",
    "isFork": false,
    "forks": 5,
    "forks_count": 5,
    "has_downloads": true,
    "has_issues": true,
    "has_pages": true,
    "has_projects": true,
    "has_wiki": true,
    "homepage": "http://01org.github.io/libyami_doxygen/index.html",
    "language": "HTML",
    "open_issues": 0,
    "open_issues_count": 0,
    "size": 1268,
    "stargazers_count": 0,
    "subscribers_count": 23,
    "watchers": 0,
    "watchers_count": 0,
    "first_commit": "2014-06-19T21:08:16",
    "last_commit": "2015-08-11T00:06:55",
    "branches_count": 2,
    "commit_comments_count": 0,
    "commits_count": 4,
    "countributors_count": 2,
    "downloads_count": 0,
    "events_count": 0,
    "issues_count": 0,
    "labels_count": 7,
    "milestones_count": 0,
    "PR_count": 2,
    "open_PR_count": 0,
    "readme_size": 68,
    "release_count": 0,
    "topic_count": 0,
    "15_commits": 2,
    "16_commits": 0,
    "17_commits": 0,
    "18_commits": 0,
    "19_commits": 0,
    "20_commits": 0,
    "21_commits": 0,
    "22_commits": 0,
    "15_committer_num": 2,
    "16_committer_num": 0,
    "17_committer_num": 0,
    "18_committer_num": 0,
    "19_committer_num": 0,
    "20_committer_num": 0,
    "21_committer_num": 0,
    "22_committer_num": 0
}{
    "stargazer_date": {}
}[
    {
        "GHA": {}
    },
    {
        "Travis": []
    },
    {
        "CircleCI": []
    },
    {
        "AppVeyor": []
    },
    {
        "Azure": []
    },
    {
        "GitLab": []
    },
    {
        "Jenkins": []
    }
]