{
    "id": 218622178,
    "name": "rsp-sw-toolkit-im-suite-tagcode",
    "full_name": "intel/rsp-sw-toolkit-im-suite-tagcode",
    "org_name": "Intel Corporation",
    "org_id": 17888862,
    "created_at": "2019-10-30T20:43:32",
    "pushed_at": "2022-12-14T06:37:38",
    "updated_at": "2022-12-14T06:37:41",
    "isFork": false,
    "forks": 3,
    "forks_count": 3,
    "has_downloads": true,
    "has_issues": true,
    "has_pages": false,
    "has_projects": true,
    "has_wiki": true,
    "homepage": null,
    "language": "Go",
    "open_issues": 0,
    "open_issues_count": 0,
    "size": 48,
    "stargazers_count": 0,
    "subscribers_count": 7,
    "watchers": 0,
    "watchers_count": 0,
    "first_commit": "2019-09-03T15:08:28",
    "last_commit": "2022-12-14T06:37:34",
    "branches_count": 1,
    "commit_comments_count": 0,
    "commits_count": 16,
    "countributors_count": 3,
    "downloads_count": 0,
    "events_count": 1,
    "issues_count": 0,
    "labels_count": 9,
    "milestones_count": 0,
    "PR_count": 0,
    "open_PR_count": 0,
    "readme_size": 572,
    "release_count": 2,
    "topic_count": 0,
    "15_commits": 0,
    "16_commits": 0,
    "17_commits": 0,
    "18_commits": 0,
    "19_commits": 15,
    "20_commits": 0,
    "21_commits": 0,
    "22_commits": 1,
    "15_committer_num": 0,
    "16_committer_num": 0,
    "17_committer_num": 0,
    "18_committer_num": 0,
    "19_committer_num": 2,
    "20_committer_num": 0,
    "21_committer_num": 0,
    "22_committer_num": 1
}{
    "stargazer_date": {}
}[
    {
        "GHA": {}
    },
    {
        "Travis": []
    },
    {
        "CircleCI": []
    },
    {
        "AppVeyor": []
    },
    {
        "Azure": []
    },
    {
        "GitLab": []
    },
    {
        "Jenkins": [
            {
                "file_name": "/Jenkinsfile",
                "commit_date": "2019-12-19T22:59:55",
                "status": "removed",
                "first_commit": "2019-10-25T19:00:34",
                "last_commit": "2019-12-19T22:59:55",
                "CI_type": "Jenkins",
                "sha": "18cd38cb1c1086e383180812d0f6d495974bdd0f"
            },
            {
                "file_name": "/Jenkinsfile",
                "commit_date": "2019-10-25T19:48:59",
                "status": "modified",
                "first_commit": "2019-10-25T19:00:34",
                "last_commit": "2019-12-19T22:59:55",
                "CI_type": "Jenkins",
                "sha": "aff4bba605c798fdeff829e9e62d4c8b0d9942d6"
            },
            {
                "file_name": "/Jenkinsfile",
                "commit_date": "2019-10-25T19:00:34",
                "status": "added",
                "first_commit": "2019-10-25T19:00:34",
                "last_commit": "2019-12-19T22:59:55",
                "CI_type": "Jenkins",
                "sha": "120c69da32a55fe4a9d2cbd6e2c2870085c214bc"
            }
        ]
    }
]