{
    "id": 221330962,
    "name": "AiKit-code-samples",
    "full_name": "intel/AiKit-code-samples",
    "org_name": "Intel Corporation",
    "org_id": 17888862,
    "created_at": "2019-11-12T23:22:43",
    "pushed_at": "2023-01-07T00:10:38",
    "updated_at": "2023-01-31T17:42:16",
    "isFork": false,
    "forks": 10,
    "forks_count": 10,
    "has_downloads": true,
    "has_issues": true,
    "has_pages": false,
    "has_projects": true,
    "has_wiki": true,
    "homepage": null,
    "language": null,
    "open_issues": 0,
    "open_issues_count": 0,
    "size": 50074,
    "stargazers_count": 26,
    "subscribers_count": 10,
    "watchers": 26,
    "watchers_count": 26,
    "first_commit": "2019-11-14T19:28:37",
    "last_commit": "2023-01-07T00:10:34",
    "branches_count": 8,
    "commit_comments_count": 0,
    "commits_count": 10,
    "countributors_count": 4,
    "downloads_count": 0,
    "events_count": 2,
    "issues_count": 0,
    "labels_count": 9,
    "milestones_count": 0,
    "PR_count": 0,
    "open_PR_count": 0,
    "readme_size": 2212,
    "release_count": 0,
    "topic_count": 0,
    "15_commits": 0,
    "16_commits": 0,
    "17_commits": 0,
    "18_commits": 0,
    "19_commits": 2,
    "20_commits": 7,
    "21_commits": 0,
    "22_commits": 0,
    "15_committer_num": 0,
    "16_committer_num": 0,
    "17_committer_num": 0,
    "18_committer_num": 0,
    "19_committer_num": 1,
    "20_committer_num": 3,
    "21_committer_num": 0,
    "22_committer_num": 0
}{
    "stargazer_date": {
        "18281010": "2019-11-22T15:54:35",
        "6055551": "2019-11-27T08:31:21",
        "1243127": "2020-01-20T14:46:55",
        "18555970": "2020-03-24T09:23:05",
        "4735784": "2020-03-29T01:57:37",
        "1477488": "2020-04-23T00:37:32",
        "1670788": "2020-05-15T14:08:00",
        "10427822": "2020-08-05T16:03:35",
        "29919206": "2020-08-05T16:05:09",
        "1570917": "2020-08-05T16:07:05",
        "53050849": "2020-08-05T17:01:14",
        "5398746": "2020-08-08T23:54:12",
        "49747499": "2020-08-09T11:22:46",
        "1640053": "2020-08-10T06:02:35",
        "1322055": "2020-08-19T16:10:52",
        "4824231": "2020-08-20T02:04:10",
        "56032681": "2020-08-27T12:15:29",
        "48685444": "2020-09-03T21:23:32",
        "70152683": "2020-09-08T07:18:29",
        "28015398": "2020-11-15T19:00:56",
        "80666145": "2021-03-15T07:15:56",
        "46385936": "2021-05-22T05:58:12",
        "35090369": "2021-06-15T18:48:19",
        "58472010": "2022-07-21T22:16:14",
        "85131631": "2022-12-09T18:02:05",
        "36206423": "2022-12-25T04:56:18"
    }
}[
    {
        "GHA": {}
    },
    {
        "Travis": []
    },
    {
        "CircleCI": []
    },
    {
        "AppVeyor": []
    },
    {
        "Azure": []
    },
    {
        "GitLab": []
    },
    {
        "Jenkins": []
    }
]