{
    "id": 22402312,
    "name": "wayland-tracker",
    "full_name": "intel/wayland-tracker",
    "org_name": "Intel Corporation",
    "org_id": 17888862,
    "created_at": "2014-07-30T00:53:35",
    "pushed_at": "2022-08-04T23:10:24",
    "updated_at": "2023-01-27T22:31:31",
    "isFork": false,
    "forks": 9,
    "forks_count": 9,
    "has_downloads": true,
    "has_issues": true,
    "has_pages": false,
    "has_projects": true,
    "has_wiki": true,
    "homepage": "",
    "language": "Haskell",
    "open_issues": 0,
    "open_issues_count": 0,
    "size": 99,
    "stargazers_count": 19,
    "subscribers_count": 8,
    "watchers": 19,
    "watchers_count": 19,
    "first_commit": "2014-07-22T10:08:02",
    "last_commit": "2022-08-04T23:04:41",
    "branches_count": 1,
    "commit_comments_count": 0,
    "commits_count": 115,
    "countributors_count": 2,
    "downloads_count": 0,
    "events_count": 2,
    "issues_count": 0,
    "labels_count": 7,
    "milestones_count": 0,
    "PR_count": 2,
    "open_PR_count": 0,
    "readme_size": 8896,
    "release_count": 0,
    "topic_count": 0,
    "15_commits": 4,
    "16_commits": 7,
    "17_commits": 0,
    "18_commits": 0,
    "19_commits": 0,
    "20_commits": 0,
    "21_commits": 0,
    "22_commits": 1,
    "15_committer_num": 1,
    "16_committer_num": 1,
    "17_committer_num": 0,
    "18_committer_num": 0,
    "19_committer_num": 0,
    "20_committer_num": 0,
    "21_committer_num": 0,
    "22_committer_num": 1
}{
    "stargazer_date": {
        "480330": "2014-08-06T11:10:14",
        "863663": "2014-08-08T01:56:15",
        "39703": "2014-08-14T05:22:46",
        "1198635": "2014-10-02T11:03:06",
        "2010838": "2014-11-16T09:59:18",
        "83314": "2014-12-15T09:48:34",
        "1281144": "2015-01-04T08:42:20",
        "20602219": "2016-08-01T21:07:32",
        "451076": "2017-04-03T11:23:24",
        "100931": "2017-04-05T06:58:22",
        "957536": "2017-06-30T18:13:51",
        "1308748": "2017-07-13T04:31:22",
        "9730330": "2017-08-15T22:27:44",
        "4404502": "2018-03-15T23:55:16",
        "1263571": "2019-09-13T10:07:47",
        "1698984": "2019-09-19T10:22:48",
        "38746192": "2021-01-04T07:06:38",
        "8002634": "2021-08-28T15:19:42",
        "24508452": "2021-12-18T23:52:07"
    }
}[
    {
        "GHA": {}
    },
    {
        "Travis": []
    },
    {
        "CircleCI": []
    },
    {
        "AppVeyor": []
    },
    {
        "Azure": []
    },
    {
        "GitLab": []
    },
    {
        "Jenkins": []
    }
]