{
    "id": 224528332,
    "name": "rsp-sw-toolkit-im-suite-inventory-suite",
    "full_name": "intel/rsp-sw-toolkit-im-suite-inventory-suite",
    "org_name": "Intel Corporation",
    "org_id": 17888862,
    "created_at": "2019-11-27T22:35:29",
    "pushed_at": "2022-12-14T06:37:17",
    "updated_at": "2022-12-14T06:37:21",
    "isFork": false,
    "forks": 2,
    "forks_count": 2,
    "has_downloads": true,
    "has_issues": true,
    "has_pages": true,
    "has_projects": true,
    "has_wiki": true,
    "homepage": null,
    "language": "Shell",
    "open_issues": 0,
    "open_issues_count": 0,
    "size": 497,
    "stargazers_count": 0,
    "subscribers_count": 8,
    "watchers": 0,
    "watchers_count": 0,
    "first_commit": "2019-11-11T23:13:49",
    "last_commit": "2022-12-14T06:37:13",
    "branches_count": 2,
    "commit_comments_count": 0,
    "commits_count": 235,
    "countributors_count": 7,
    "downloads_count": 0,
    "events_count": 1,
    "issues_count": 0,
    "labels_count": 9,
    "milestones_count": 0,
    "PR_count": 2,
    "open_PR_count": 0,
    "readme_size": 11094,
    "release_count": 0,
    "topic_count": 0,
    "15_commits": 0,
    "16_commits": 0,
    "17_commits": 0,
    "18_commits": 0,
    "19_commits": 232,
    "20_commits": 2,
    "21_commits": 0,
    "22_commits": 1,
    "15_committer_num": 0,
    "16_committer_num": 0,
    "17_committer_num": 0,
    "18_committer_num": 0,
    "19_committer_num": 5,
    "20_committer_num": 1,
    "21_committer_num": 0,
    "22_committer_num": 1
}{
    "stargazer_date": {}
}[
    {
        "GHA": {}
    },
    {
        "Travis": []
    },
    {
        "CircleCI": []
    },
    {
        "AppVeyor": []
    },
    {
        "Azure": []
    },
    {
        "GitLab": []
    },
    {
        "Jenkins": [
            {
                "file_name": "/Jenkinsfile",
                "commit_date": "2019-12-19T23:44:48",
                "status": "removed",
                "first_commit": "2019-10-10T20:17:49",
                "last_commit": "2019-12-19T23:44:48",
                "CI_type": "Jenkins",
                "sha": "f7f02f0e83328d2a6d0d4cfe5d858faf6007ab3b"
            },
            {
                "file_name": "/Jenkinsfile",
                "commit_date": "2019-10-10T20:17:49",
                "status": "added",
                "first_commit": "2019-10-10T20:17:49",
                "last_commit": "2019-12-19T23:44:48",
                "CI_type": "Jenkins",
                "sha": "8767936ce4712fa7fb92694b348f526c681ad576"
            }
        ]
    }
]