{
    "id": 228932198,
    "name": "intel-ipu3-pipecfg",
    "full_name": "intel/intel-ipu3-pipecfg",
    "org_name": "Intel Corporation",
    "org_id": 17888862,
    "created_at": "2019-12-18T22:31:03",
    "pushed_at": "2023-01-07T00:45:59",
    "updated_at": "2023-01-07T00:46:04",
    "isFork": false,
    "forks": 2,
    "forks_count": 2,
    "has_downloads": true,
    "has_issues": true,
    "has_pages": false,
    "has_projects": true,
    "has_wiki": true,
    "homepage": "",
    "language": "Python",
    "open_issues": 3,
    "open_issues_count": 3,
    "size": 17,
    "stargazers_count": 3,
    "subscribers_count": 2,
    "watchers": 3,
    "watchers_count": 3,
    "first_commit": "2019-12-19T04:13:24",
    "last_commit": "2023-01-07T00:45:55",
    "branches_count": 1,
    "commit_comments_count": 0,
    "commits_count": 10,
    "countributors_count": 2,
    "downloads_count": 0,
    "events_count": 2,
    "issues_count": 3,
    "labels_count": 9,
    "milestones_count": 0,
    "PR_count": 0,
    "open_PR_count": 0,
    "readme_size": 1606,
    "release_count": 0,
    "topic_count": 1,
    "15_commits": 0,
    "16_commits": 0,
    "17_commits": 0,
    "18_commits": 0,
    "19_commits": 4,
    "20_commits": 4,
    "21_commits": 1,
    "22_commits": 0,
    "15_committer_num": 0,
    "16_committer_num": 0,
    "17_committer_num": 0,
    "18_committer_num": 0,
    "19_committer_num": 1,
    "20_committer_num": 1,
    "21_committer_num": 1,
    "22_committer_num": 0
}{
    "stargazer_date": {
        "58936581": "2019-12-19T03:29:47",
        "163764": "2020-06-05T11:05:55",
        "5788791": "2022-12-20T19:47:17"
    }
}[
    {
        "GHA": {}
    },
    {
        "Travis": []
    },
    {
        "CircleCI": []
    },
    {
        "AppVeyor": []
    },
    {
        "Azure": []
    },
    {
        "GitLab": []
    },
    {
        "Jenkins": []
    }
]