{
    "id": 23216572,
    "name": "android-bluez-glib",
    "full_name": "intel/android-bluez-glib",
    "org_name": "Intel Corporation",
    "org_id": 17888862,
    "created_at": "2014-08-22T07:18:22",
    "pushed_at": "2014-08-22T07:21:31",
    "updated_at": "2023-01-28T15:30:07",
    "isFork": false,
    "forks": 3,
    "forks_count": 3,
    "has_downloads": true,
    "has_issues": true,
    "has_pages": false,
    "has_projects": true,
    "has_wiki": true,
    "homepage": null,
    "language": "C",
    "open_issues": 0,
    "open_issues_count": 0,
    "size": 40616,
    "stargazers_count": 3,
    "subscribers_count": 6,
    "watchers": 3,
    "watchers_count": 3,
    "first_commit": "2012-03-03T16:31:05",
    "last_commit": "2013-10-21T12:29:00",
    "branches_count": 1,
    "commit_comments_count": 0,
    "commits_count": 12338,
    "countributors_count": 172,
    "downloads_count": 0,
    "events_count": 0,
    "issues_count": 0,
    "labels_count": 7,
    "milestones_count": 0,
    "PR_count": 0,
    "open_PR_count": 0,
    "readme_size": 3042,
    "release_count": 0,
    "topic_count": 0,
    "15_commits": 0,
    "16_commits": 0,
    "17_commits": 0,
    "18_commits": 0,
    "19_commits": 0,
    "20_commits": 0,
    "21_commits": 0,
    "22_commits": 0,
    "15_committer_num": 0,
    "16_committer_num": 0,
    "17_committer_num": 0,
    "18_committer_num": 0,
    "19_committer_num": 0,
    "20_committer_num": 0,
    "21_committer_num": 0,
    "22_committer_num": 0
}{
    "stargazer_date": {
        "975889": "2016-07-18T19:59:55",
        "3823635": "2018-08-11T06:44:16",
        "1812530": "2019-02-14T12:18:27"
    }
}[
    {
        "GHA": {}
    },
    {
        "Travis": []
    },
    {
        "CircleCI": []
    },
    {
        "AppVeyor": []
    },
    {
        "Azure": []
    },
    {
        "GitLab": []
    },
    {
        "Jenkins": []
    }
]