{
    "id": 23877396,
    "name": "nlpljs",
    "full_name": "intel/nlpljs",
    "org_name": "Intel Corporation",
    "org_id": 17888862,
    "created_at": "2014-09-10T14:25:34",
    "pushed_at": "2016-09-19T14:26:02",
    "updated_at": "2023-01-28T18:29:28",
    "isFork": false,
    "forks": 9,
    "forks_count": 9,
    "has_downloads": true,
    "has_issues": true,
    "has_pages": false,
    "has_projects": true,
    "has_wiki": true,
    "homepage": null,
    "language": "HTML",
    "open_issues": 2,
    "open_issues_count": 2,
    "size": 8021,
    "stargazers_count": 12,
    "subscribers_count": 6,
    "watchers": 12,
    "watchers_count": 12,
    "first_commit": "2015-02-23T11:39:32",
    "last_commit": "2016-01-04T09:30:35",
    "branches_count": 4,
    "commit_comments_count": 5,
    "commits_count": 881,
    "countributors_count": 3,
    "downloads_count": 0,
    "events_count": 0,
    "issues_count": 2,
    "labels_count": 7,
    "milestones_count": 0,
    "PR_count": 222,
    "open_PR_count": 1,
    "readme_size": 6582,
    "release_count": 0,
    "topic_count": 0,
    "15_commits": 212,
    "16_commits": 3,
    "17_commits": 0,
    "18_commits": 0,
    "19_commits": 0,
    "20_commits": 0,
    "21_commits": 0,
    "22_commits": 0,
    "15_committer_num": 2,
    "16_committer_num": 0,
    "17_committer_num": 0,
    "18_committer_num": 0,
    "19_committer_num": 0,
    "20_committer_num": 0,
    "21_committer_num": 0,
    "22_committer_num": 0
}{
    "stargazer_date": {
        "1789893": "2015-06-28T12:16:44",
        "125300": "2015-07-01T17:15:46",
        "11464904": "2015-08-19T04:57:31",
        "229645": "2015-08-19T20:39:55",
        "3201286": "2015-08-21T10:28:10",
        "840150": "2015-09-02T13:34:22",
        "270937": "2015-09-06T10:00:43",
        "895447": "2015-09-09T14:18:58",
        "5877145": "2015-11-04T16:58:46",
        "1956673": "2016-01-11T16:32:10",
        "226217": "2016-09-30T14:39:31",
        "7241353": "2018-03-26T02:09:30"
    }
}[
    {
        "GHA": {}
    },
    {
        "Travis": []
    },
    {
        "CircleCI": []
    },
    {
        "AppVeyor": []
    },
    {
        "Azure": []
    },
    {
        "GitLab": []
    },
    {
        "Jenkins": []
    }
]