{
    "id": 243375962,
    "name": "oneapi-cli",
    "full_name": "intel/oneapi-cli",
    "org_name": "Intel Corporation",
    "org_id": 17888862,
    "created_at": "2020-02-26T22:05:37",
    "pushed_at": "2023-02-25T02:31:10",
    "updated_at": "2023-02-26T15:10:38",
    "isFork": false,
    "forks": 2,
    "forks_count": 2,
    "has_downloads": true,
    "has_issues": true,
    "has_pages": false,
    "has_projects": true,
    "has_wiki": true,
    "homepage": null,
    "language": "Go",
    "open_issues": 1,
    "open_issues_count": 1,
    "size": 138,
    "stargazers_count": 8,
    "subscribers_count": 6,
    "watchers": 8,
    "watchers_count": 8,
    "first_commit": "2020-02-27T00:57:46",
    "last_commit": "2022-11-29T16:58:48",
    "branches_count": 2,
    "commit_comments_count": 0,
    "commits_count": 36,
    "countributors_count": 2,
    "downloads_count": 0,
    "events_count": 3,
    "issues_count": 1,
    "labels_count": 10,
    "milestones_count": 0,
    "PR_count": 1,
    "open_PR_count": 1,
    "readme_size": 876,
    "release_count": 6,
    "topic_count": 0,
    "15_commits": 0,
    "16_commits": 0,
    "17_commits": 0,
    "18_commits": 0,
    "19_commits": 0,
    "20_commits": 13,
    "21_commits": 17,
    "22_commits": 6,
    "15_committer_num": 0,
    "16_committer_num": 0,
    "17_committer_num": 0,
    "18_committer_num": 0,
    "19_committer_num": 0,
    "20_committer_num": 2,
    "21_committer_num": 1,
    "22_committer_num": 1
}{
    "stargazer_date": {
        "62706078": "2020-11-06T13:45:26",
        "18142223": "2020-12-17T07:29:12",
        "26939311": "2021-02-11T22:21:41",
        "35090369": "2021-04-12T19:40:42",
        "18482039": "2021-06-08T17:17:27",
        "6366270": "2022-03-23T07:41:08",
        "4243431": "2022-06-03T08:43:05",
        "5233769": "2023-02-26T15:10:38"
    }
}[
    {
        "GHA": {}
    },
    {
        "Travis": []
    },
    {
        "CircleCI": []
    },
    {
        "AppVeyor": []
    },
    {
        "Azure": []
    },
    {
        "GitLab": []
    },
    {
        "Jenkins": []
    }
]