{
    "id": 245295476,
    "name": "intel.github.io",
    "full_name": "intel/intel.github.io",
    "org_name": "Intel Corporation",
    "org_id": 17888862,
    "created_at": "2020-03-06T00:21:50",
    "pushed_at": "2023-01-07T00:18:58",
    "updated_at": "2021-10-18T21:19:24",
    "isFork": false,
    "forks": 3,
    "forks_count": 3,
    "has_downloads": true,
    "has_issues": false,
    "has_pages": true,
    "has_projects": false,
    "has_wiki": false,
    "homepage": null,
    "language": "HTML",
    "open_issues": 0,
    "open_issues_count": 0,
    "size": 603,
    "stargazers_count": 0,
    "subscribers_count": 3,
    "watchers": 0,
    "watchers_count": 0,
    "first_commit": "2020-03-06T00:21:52",
    "last_commit": "2023-01-07T00:18:58",
    "branches_count": 1,
    "commit_comments_count": 0,
    "commits_count": 9,
    "countributors_count": 3,
    "downloads_count": 0,
    "events_count": 1,
    "issues_count": 0,
    "labels_count": 9,
    "milestones_count": 0,
    "PR_count": 3,
    "open_PR_count": 0,
    "readme_size": 0,
    "release_count": 0,
    "topic_count": 0,
    "15_commits": 0,
    "16_commits": 0,
    "17_commits": 0,
    "18_commits": 0,
    "19_commits": 0,
    "20_commits": 5,
    "21_commits": 3,
    "22_commits": 0,
    "15_committer_num": 0,
    "16_committer_num": 0,
    "17_committer_num": 0,
    "18_committer_num": 0,
    "19_committer_num": 0,
    "20_committer_num": 3,
    "21_committer_num": 1,
    "22_committer_num": 0
}{
    "stargazer_date": {}
}[
    {
        "GHA": {}
    },
    {
        "Travis": []
    },
    {
        "CircleCI": []
    },
    {
        "AppVeyor": []
    },
    {
        "Azure": []
    },
    {
        "GitLab": []
    },
    {
        "Jenkins": []
    }
]