{
    "id": 25380886,
    "name": "ipvr-vaapi-driver",
    "full_name": "intel/ipvr-vaapi-driver",
    "org_name": "Intel Corporation",
    "org_id": 17888862,
    "created_at": "2014-10-17T23:17:28",
    "pushed_at": "2014-12-16T16:11:39",
    "updated_at": "2023-03-03T15:20:19",
    "isFork": false,
    "forks": 4,
    "forks_count": 4,
    "has_downloads": true,
    "has_issues": true,
    "has_pages": false,
    "has_projects": true,
    "has_wiki": true,
    "homepage": null,
    "language": "C",
    "open_issues": 0,
    "open_issues_count": 0,
    "size": 440,
    "stargazers_count": 1,
    "subscribers_count": 12,
    "watchers": 1,
    "watchers_count": 1,
    "first_commit": "2014-10-17T23:17:28",
    "last_commit": "2014-12-16T16:08:47",
    "branches_count": 1,
    "commit_comments_count": 0,
    "commits_count": 7,
    "countributors_count": 2,
    "downloads_count": 0,
    "events_count": 0,
    "issues_count": 0,
    "labels_count": 7,
    "milestones_count": 0,
    "PR_count": 0,
    "open_PR_count": 0,
    "readme_size": 70,
    "release_count": 0,
    "topic_count": 0,
    "15_commits": 0,
    "16_commits": 0,
    "17_commits": 0,
    "18_commits": 0,
    "19_commits": 0,
    "20_commits": 0,
    "21_commits": 0,
    "22_commits": 0,
    "15_committer_num": 0,
    "16_committer_num": 0,
    "17_committer_num": 0,
    "18_committer_num": 0,
    "19_committer_num": 0,
    "20_committer_num": 0,
    "21_committer_num": 0,
    "22_committer_num": 0
}{
    "stargazer_date": {
        "12045575": "2015-05-29T08:28:57"
    }
}[
    {
        "GHA": {}
    },
    {
        "Travis": []
    },
    {
        "CircleCI": []
    },
    {
        "AppVeyor": []
    },
    {
        "Azure": []
    },
    {
        "GitLab": []
    },
    {
        "Jenkins": []
    }
]