{
    "id": 257433076,
    "name": "vc-intrinsics",
    "full_name": "intel/vc-intrinsics",
    "org_name": "Intel Corporation",
    "org_id": 17888862,
    "created_at": "2020-04-20T23:55:01",
    "pushed_at": "2023-03-10T23:36:36",
    "updated_at": "2023-01-28T00:37:28",
    "isFork": false,
    "forks": 41,
    "forks_count": 41,
    "has_downloads": true,
    "has_issues": true,
    "has_pages": false,
    "has_projects": true,
    "has_wiki": true,
    "homepage": null,
    "language": "Python",
    "open_issues": 3,
    "open_issues_count": 3,
    "size": 663,
    "stargazers_count": 37,
    "subscribers_count": 16,
    "watchers": 37,
    "watchers_count": 37,
    "first_commit": "2021-06-15T15:18:10",
    "last_commit": "2023-03-10T19:12:49",
    "branches_count": 3,
    "commit_comments_count": 0,
    "commits_count": 203,
    "countributors_count": 34,
    "downloads_count": 0,
    "events_count": 26,
    "issues_count": 3,
    "labels_count": 9,
    "milestones_count": 0,
    "PR_count": 111,
    "open_PR_count": 1,
    "readme_size": 3301,
    "release_count": 18,
    "topic_count": 0,
    "15_commits": 0,
    "16_commits": 0,
    "17_commits": 0,
    "18_commits": 0,
    "19_commits": 0,
    "20_commits": 75,
    "21_commits": 72,
    "22_commits": 50,
    "15_committer_num": 0,
    "16_committer_num": 0,
    "17_committer_num": 0,
    "18_committer_num": 0,
    "19_committer_num": 0,
    "20_committer_num": 10,
    "21_committer_num": 19,
    "22_committer_num": 15
}{
    "stargazer_date": {
        "62997742": "2020-04-21T09:53:54",
        "67233591": "2020-07-16T06:42:20",
        "14920956": "2020-07-25T03:17:11",
        "4963": "2020-07-25T07:26:35",
        "64017709": "2020-07-29T18:38:47",
        "11016113": "2020-08-16T06:39:25",
        "2009799": "2020-08-21T02:35:44",
        "2110579": "2020-08-27T14:44:48",
        "15092561": "2020-10-05T20:10:15",
        "2285892": "2020-11-15T18:05:21",
        "22327365": "2020-12-22T16:41:15",
        "10137567": "2021-02-03T16:04:52",
        "79499738": "2021-04-10T05:53:29",
        "3277000": "2021-05-25T08:53:43",
        "43502317": "2021-06-25T20:20:01",
        "17939938": "2021-09-30T02:23:15",
        "17897736": "2021-10-06T14:23:14",
        "523965": "2021-10-10T07:27:30",
        "90872293": "2021-10-11T16:06:36",
        "42539930": "2021-10-26T22:29:21",
        "1077626": "2021-11-02T16:58:08",
        "19465119": "2021-11-15T16:32:34",
        "56820099": "2022-01-03T02:24:58",
        "98356296": "2022-01-25T15:02:37",
        "22368256": "2022-03-01T14:25:08",
        "6487326": "2022-07-02T08:09:54",
        "75111933": "2022-08-01T03:05:28",
        "29055633": "2022-09-21T22:08:31",
        "215795": "2022-10-13T17:00:35",
        "167209": "2022-10-17T10:29:47",
        "312437": "2022-10-21T07:58:04",
        "1798016": "2022-11-16T02:08:28",
        "15063756": "2022-11-24T14:12:40",
        "2989212": "2023-01-14T22:26:35",
        "24611394": "2023-01-15T09:36:52",
        "22651013": "2023-01-28T00:37:28"
    }
}[
    {
        "GHA": [
            {
                "file_name": ".github/workflows/on-pr-update.yml",
                "commit_date": "2021-12-16T15:49:27",
                "status": "modified",
                "first_commit": "2021-05-06T14:01:18",
                "last_commit": "2021-12-16T15:49:27",
                "CI_type": "GHA",
                "sha": "5dc3fcf59889a334cec4252fa8049f348b9b3b1b"
            },
            {
                "file_name": ".github/workflows/on-pr-update.yml",
                "commit_date": "2021-07-06T10:55:54",
                "status": "modified",
                "first_commit": "2021-05-06T14:01:18",
                "last_commit": "2021-12-16T15:49:27",
                "CI_type": "GHA",
                "sha": "c8b6ab5e04632ce247407c4a82cae0ba2e51234d"
            },
            {
                "file_name": ".github/workflows/on-pr-update.yml",
                "commit_date": "2021-06-02T11:40:19",
                "status": "modified",
                "first_commit": "2021-05-06T14:01:18",
                "last_commit": "2021-12-16T15:49:27",
                "CI_type": "GHA",
                "sha": "699d5d527a5f129b5e90cd577a37ba0f969dc393"
            },
            {
                "file_name": ".github/workflows/on-pr-update.yml",
                "commit_date": "2021-05-06T14:01:18",
                "status": "added",
                "first_commit": "2021-05-06T14:01:18",
                "last_commit": "2021-12-16T15:49:27",
                "CI_type": "GHA",
                "sha": "6893ae56aeda6e7c38a8deee2bae28d8badb1c57"
            }
        ]
    },
    {
        "Travis": []
    },
    {
        "CircleCI": []
    },
    {
        "AppVeyor": []
    },
    {
        "Azure": []
    },
    {
        "GitLab": []
    },
    {
        "Jenkins": []
    }
]