{
    "id": 276224351,
    "name": "gstreamer-vaapi-xBay",
    "full_name": "intel/gstreamer-vaapi-xBay",
    "org_name": "Intel Corporation",
    "org_id": 17888862,
    "created_at": "2020-06-30T22:46:00",
    "pushed_at": "2023-01-07T00:09:50",
    "updated_at": "2023-01-07T00:09:53",
    "isFork": false,
    "forks": 1,
    "forks_count": 1,
    "has_downloads": true,
    "has_issues": true,
    "has_pages": false,
    "has_projects": true,
    "has_wiki": true,
    "homepage": null,
    "language": null,
    "open_issues": 0,
    "open_issues_count": 0,
    "size": 1,
    "stargazers_count": 0,
    "subscribers_count": 2,
    "watchers": 0,
    "watchers_count": 0,
    "first_commit": "2020-06-30T22:46:01",
    "last_commit": "2023-01-07T00:09:46",
    "branches_count": 1,
    "commit_comments_count": 0,
    "commits_count": 2,
    "countributors_count": 1,
    "downloads_count": 0,
    "events_count": 1,
    "issues_count": 0,
    "labels_count": 9,
    "milestones_count": 0,
    "PR_count": 0,
    "open_PR_count": 0,
    "readme_size": 553,
    "release_count": 0,
    "topic_count": 0,
    "15_commits": 0,
    "16_commits": 0,
    "17_commits": 0,
    "18_commits": 0,
    "19_commits": 0,
    "20_commits": 1,
    "21_commits": 0,
    "22_commits": 0,
    "15_committer_num": 0,
    "16_committer_num": 0,
    "17_committer_num": 0,
    "18_committer_num": 0,
    "19_committer_num": 0,
    "20_committer_num": 1,
    "21_committer_num": 0,
    "22_committer_num": 0
}{
    "stargazer_date": {}
}[
    {
        "GHA": {}
    },
    {
        "Travis": []
    },
    {
        "CircleCI": []
    },
    {
        "AppVeyor": []
    },
    {
        "Azure": []
    },
    {
        "GitLab": []
    },
    {
        "Jenkins": []
    }
]