{
    "id": 288824942,
    "name": "wult",
    "full_name": "intel/wult",
    "org_name": "Intel Corporation",
    "org_id": 17888862,
    "created_at": "2020-08-19T19:59:01",
    "pushed_at": "2023-03-10T11:20:18",
    "updated_at": "2023-03-06T21:24:51",
    "isFork": false,
    "forks": 5,
    "forks_count": 5,
    "has_downloads": true,
    "has_issues": true,
    "has_pages": true,
    "has_projects": true,
    "has_wiki": true,
    "homepage": "https://intel.github.io/wult",
    "language": "Python",
    "open_issues": 0,
    "open_issues_count": 0,
    "size": 23840,
    "stargazers_count": 12,
    "subscribers_count": 6,
    "watchers": 12,
    "watchers_count": 12,
    "first_commit": "2023-02-10T11:02:29",
    "last_commit": "2023-03-10T11:19:31",
    "branches_count": 4,
    "commit_comments_count": 0,
    "commits_count": 3089,
    "countributors_count": 12,
    "downloads_count": 0,
    "events_count": 92,
    "issues_count": 0,
    "labels_count": 10,
    "milestones_count": 0,
    "PR_count": 19,
    "open_PR_count": 0,
    "readme_size": 1055,
    "release_count": 0,
    "topic_count": 5,
    "15_commits": 0,
    "16_commits": 0,
    "17_commits": 0,
    "18_commits": 0,
    "19_commits": 0,
    "20_commits": 139,
    "21_commits": 774,
    "22_commits": 1922,
    "15_committer_num": 0,
    "16_committer_num": 0,
    "17_committer_num": 0,
    "18_committer_num": 0,
    "19_committer_num": 0,
    "20_committer_num": 2,
    "21_committer_num": 3,
    "22_committer_num": 12
}{
    "stargazer_date": {
        "167209": "2020-10-29T15:27:17",
        "27962491": "2021-08-08T10:22:06",
        "8281061": "2021-10-18T09:27:43",
        "9316527": "2021-11-09T12:37:49",
        "885786": "2022-05-25T14:09:04",
        "187848": "2022-06-25T17:14:54",
        "75532970": "2022-07-06T11:48:45",
        "33012365": "2022-08-04T23:34:38",
        "54119762": "2022-11-04T01:44:31",
        "110417754": "2023-02-17T09:58:58",
        "1063858": "2023-03-06T21:24:51"
    }
}[
    {
        "GHA": {}
    },
    {
        "Travis": []
    },
    {
        "CircleCI": []
    },
    {
        "AppVeyor": []
    },
    {
        "Azure": []
    },
    {
        "GitLab": []
    },
    {
        "Jenkins": []
    }
]