{
    "id": 305551165,
    "name": "eth-psm3-fi",
    "full_name": "intel/eth-psm3-fi",
    "org_name": "Intel Corporation",
    "org_id": 17888862,
    "created_at": "2020-10-20T00:57:01",
    "pushed_at": "2023-02-03T21:03:11",
    "updated_at": "2023-01-27T00:21:44",
    "isFork": false,
    "forks": 3,
    "forks_count": 3,
    "has_downloads": true,
    "has_issues": true,
    "has_pages": false,
    "has_projects": true,
    "has_wiki": true,
    "homepage": null,
    "language": "C",
    "open_issues": 0,
    "open_issues_count": 0,
    "size": 3585,
    "stargazers_count": 3,
    "subscribers_count": 7,
    "watchers": 3,
    "watchers_count": 3,
    "first_commit": "2021-01-28T13:48:51",
    "last_commit": "2022-11-21T16:00:45",
    "branches_count": 2,
    "commit_comments_count": 0,
    "commits_count": 17,
    "countributors_count": 2,
    "downloads_count": 0,
    "events_count": 8,
    "issues_count": 0,
    "labels_count": 9,
    "milestones_count": 0,
    "PR_count": 5,
    "open_PR_count": 0,
    "readme_size": 218,
    "release_count": 6,
    "topic_count": 0,
    "15_commits": 0,
    "16_commits": 0,
    "17_commits": 0,
    "18_commits": 0,
    "19_commits": 0,
    "20_commits": 0,
    "21_commits": 8,
    "22_commits": 9,
    "15_committer_num": 0,
    "16_committer_num": 0,
    "17_committer_num": 0,
    "18_committer_num": 0,
    "19_committer_num": 0,
    "20_committer_num": 0,
    "21_committer_num": 1,
    "22_committer_num": 2
}{
    "stargazer_date": {
        "10137567": "2021-09-13T17:57:05",
        "61477329": "2022-02-02T17:29:26",
        "96716338": "2023-01-27T00:21:44"
    }
}[
    {
        "GHA": {}
    },
    {
        "Travis": []
    },
    {
        "CircleCI": []
    },
    {
        "AppVeyor": []
    },
    {
        "Azure": []
    },
    {
        "GitLab": []
    },
    {
        "Jenkins": []
    }
]