{
    "id": 313784709,
    "name": "pmem-perf-sweep",
    "full_name": "intel/pmem-perf-sweep",
    "org_name": "Intel Corporation",
    "org_id": 17888862,
    "created_at": "2020-11-18T01:04:15",
    "pushed_at": "2023-01-07T00:46:33",
    "updated_at": "2023-01-07T00:46:37",
    "isFork": false,
    "forks": 2,
    "forks_count": 2,
    "has_downloads": true,
    "has_issues": true,
    "has_pages": false,
    "has_projects": true,
    "has_wiki": true,
    "homepage": null,
    "language": "Shell",
    "open_issues": 1,
    "open_issues_count": 1,
    "size": 28,
    "stargazers_count": 3,
    "subscribers_count": 3,
    "watchers": 3,
    "watchers_count": 3,
    "first_commit": "2018-05-03T20:07:55",
    "last_commit": "2023-01-07T00:46:29",
    "branches_count": 3,
    "commit_comments_count": 0,
    "commits_count": 11,
    "countributors_count": 3,
    "downloads_count": 0,
    "events_count": 1,
    "issues_count": 1,
    "labels_count": 9,
    "milestones_count": 0,
    "PR_count": 1,
    "open_PR_count": 0,
    "readme_size": 4221,
    "release_count": 0,
    "topic_count": 0,
    "15_commits": 0,
    "16_commits": 0,
    "17_commits": 0,
    "18_commits": 2,
    "19_commits": 0,
    "20_commits": 0,
    "21_commits": 6,
    "22_commits": 0,
    "15_committer_num": 0,
    "16_committer_num": 0,
    "17_committer_num": 0,
    "18_committer_num": 0,
    "19_committer_num": 0,
    "20_committer_num": 0,
    "21_committer_num": 2,
    "22_committer_num": 0
}{
    "stargazer_date": {
        "37674041": "2021-05-20T14:11:40",
        "7264985": "2021-10-16T01:36:23",
        "92327079": "2022-02-01T17:06:08"
    }
}[
    {
        "GHA": {}
    },
    {
        "Travis": []
    },
    {
        "CircleCI": []
    },
    {
        "AppVeyor": []
    },
    {
        "Azure": []
    },
    {
        "GitLab": []
    },
    {
        "Jenkins": []
    }
]