{
    "id": 317981465,
    "name": "Edge-Software-Provisioner",
    "full_name": "intel/Edge-Software-Provisioner",
    "org_name": "Intel Corporation",
    "org_id": 17888862,
    "created_at": "2020-12-02T20:21:22",
    "pushed_at": "2023-03-09T02:13:40",
    "updated_at": "2023-03-07T17:57:44",
    "isFork": false,
    "forks": 26,
    "forks_count": 26,
    "has_downloads": true,
    "has_issues": true,
    "has_pages": false,
    "has_projects": true,
    "has_wiki": true,
    "homepage": null,
    "language": "Shell",
    "open_issues": 10,
    "open_issues_count": 10,
    "size": 1116,
    "stargazers_count": 34,
    "subscribers_count": 8,
    "watchers": 34,
    "watchers_count": 34,
    "first_commit": "2020-12-03T01:00:48",
    "last_commit": "2022-12-09T12:47:13",
    "branches_count": 3,
    "commit_comments_count": 0,
    "commits_count": 58,
    "countributors_count": 6,
    "downloads_count": 0,
    "events_count": 10,
    "issues_count": 10,
    "labels_count": 9,
    "milestones_count": 0,
    "PR_count": 27,
    "open_PR_count": 1,
    "readme_size": 29040,
    "release_count": 18,
    "topic_count": 0,
    "15_commits": 0,
    "16_commits": 0,
    "17_commits": 0,
    "18_commits": 0,
    "19_commits": 0,
    "20_commits": 2,
    "21_commits": 32,
    "22_commits": 24,
    "15_committer_num": 0,
    "16_committer_num": 0,
    "17_committer_num": 0,
    "18_committer_num": 0,
    "19_committer_num": 0,
    "20_committer_num": 1,
    "21_committer_num": 4,
    "22_committer_num": 5
}{
    "stargazer_date": {
        "52892864": "2021-02-09T18:41:12",
        "13685713": "2021-04-22T17:07:31",
        "4228725": "2021-08-05T19:09:17",
        "9405900": "2021-10-26T19:03:42",
        "18027559": "2021-10-27T07:35:51",
        "23694205": "2021-11-01T15:48:39",
        "92982607": "2021-11-03T10:22:07",
        "93682486": "2021-11-05T21:43:50",
        "56418998": "2021-12-01T02:36:01",
        "8084590": "2021-12-01T17:47:26",
        "902858": "2021-12-02T14:49:30",
        "220541": "2021-12-06T13:10:01",
        "84007248": "2021-12-13T02:44:11",
        "84138529": "2022-01-25T11:04:42",
        "84396339": "2022-02-08T09:31:39",
        "61808472": "2022-02-11T17:56:00",
        "31932977": "2022-03-17T18:51:48",
        "54177445": "2022-04-11T02:00:56",
        "94027156": "2022-04-11T02:07:14",
        "48720189": "2022-04-21T19:20:56",
        "38384310": "2022-05-16T15:27:34",
        "97621168": "2022-06-03T19:15:52",
        "35881894": "2022-06-14T01:25:59",
        "51793905": "2022-06-23T21:20:08",
        "88692792": "2022-07-14T08:39:43",
        "10706360": "2022-07-15T12:39:50",
        "77683877": "2022-10-26T19:31:27",
        "15816355": "2022-10-27T03:22:06",
        "2418766": "2022-12-01T17:08:38",
        "1455661": "2023-01-18T01:12:06",
        "58433720": "2023-01-18T16:57:39",
        "28038074": "2023-01-26T16:57:56",
        "122259704": "2023-02-20T03:25:33",
        "58747401": "2023-03-07T17:57:44"
    }
}[
    {
        "GHA": {}
    },
    {
        "Travis": []
    },
    {
        "CircleCI": []
    },
    {
        "AppVeyor": []
    },
    {
        "Azure": []
    },
    {
        "GitLab": []
    },
    {
        "Jenkins": [
            {
                "file_name": "/Jenkinsfile",
                "commit_date": "2022-06-17T17:06:11",
                "status": "added",
                "first_commit": "2022-06-17T17:06:11",
                "last_commit": "2022-06-17T17:06:11",
                "CI_type": "Jenkins",
                "sha": "38aeceb2552bf69579fd97c3e2909d9335b51fd3"
            }
        ]
    }
]