{
    "id": 318334871,
    "name": "openvino-rs",
    "full_name": "intel/openvino-rs",
    "org_name": "Intel Corporation",
    "org_id": 17888862,
    "created_at": "2020-12-03T22:20:42",
    "pushed_at": "2023-01-12T23:18:12",
    "updated_at": "2023-03-07T01:59:42",
    "isFork": false,
    "forks": 12,
    "forks_count": 12,
    "has_downloads": true,
    "has_issues": true,
    "has_pages": false,
    "has_projects": true,
    "has_wiki": true,
    "homepage": "",
    "language": "Rust",
    "open_issues": 13,
    "open_issues_count": 13,
    "size": 92667,
    "stargazers_count": 36,
    "subscribers_count": 4,
    "watchers": 36,
    "watchers_count": 36,
    "first_commit": "2020-08-12T20:57:22",
    "last_commit": "2023-01-12T23:18:12",
    "branches_count": 1,
    "commit_comments_count": 0,
    "commits_count": 97,
    "countributors_count": 6,
    "downloads_count": 0,
    "events_count": 19,
    "issues_count": 13,
    "labels_count": 11,
    "milestones_count": 0,
    "PR_count": 46,
    "open_PR_count": 2,
    "readme_size": 5356,
    "release_count": 8,
    "topic_count": 0,
    "15_commits": 0,
    "16_commits": 0,
    "17_commits": 0,
    "18_commits": 0,
    "19_commits": 0,
    "20_commits": 27,
    "21_commits": 48,
    "22_commits": 19,
    "15_committer_num": 0,
    "16_committer_num": 0,
    "17_committer_num": 0,
    "18_committer_num": 0,
    "19_committer_num": 0,
    "20_committer_num": 1,
    "21_committer_num": 2,
    "22_committer_num": 5
}{
    "stargazer_date": {
        "13050736": "2020-12-27T12:57:45",
        "5201990": "2021-05-08T04:22:53",
        "15709723": "2021-06-02T14:37:04",
        "16473769": "2021-06-23T22:11:15",
        "6612364": "2021-06-30T07:48:48",
        "7610546": "2021-08-04T16:34:49",
        "893710": "2021-08-05T12:46:45",
        "1100923": "2021-08-06T10:27:52",
        "2842844": "2021-09-11T06:48:19",
        "8920680": "2021-10-19T20:26:07",
        "5157099": "2022-02-02T08:02:15",
        "63287915": "2022-02-18T06:13:09",
        "1448456": "2022-05-05T01:52:02",
        "19243302": "2022-05-08T15:50:50",
        "25189545": "2022-05-11T22:40:03",
        "58097956": "2022-05-16T15:21:41",
        "8864477": "2022-05-21T10:18:44",
        "3050360": "2022-05-21T12:59:01",
        "10888995": "2022-06-26T21:56:39",
        "8458783": "2022-06-27T11:24:11",
        "26527708": "2022-07-01T06:35:14",
        "637415": "2022-07-02T15:35:36",
        "1270392": "2022-07-04T02:48:14",
        "1367017": "2022-07-04T08:24:19",
        "106472833": "2022-07-04T11:01:11",
        "39196302": "2022-07-05T15:39:16",
        "1497564": "2022-07-08T16:30:19",
        "884092": "2022-07-26T13:50:34",
        "4955453": "2022-09-05T08:20:59",
        "91742529": "2022-09-10T11:21:44",
        "46673805": "2022-10-11T14:40:03",
        "167209": "2022-10-17T10:37:29",
        "326232": "2022-11-10T20:04:47",
        "86771990": "2022-11-15T10:04:28",
        "15261123": "2022-12-09T11:34:43",
        "266275": "2023-01-02T18:42:02"
    }
}[
    {
        "GHA": [
            {
                "file_name": ".github/workflows/main.yml",
                "commit_date": "2022-11-29T00:01:54",
                "status": "modified",
                "first_commit": "2020-09-04T21:07:21",
                "last_commit": "2022-11-29T00:01:54",
                "CI_type": "GHA",
                "sha": "11d2c13c95f23fe66574e287a2e525c2f7308932"
            },
            {
                "file_name": ".github/workflows/main.yml",
                "commit_date": "2022-05-12T02:47:55",
                "status": "modified",
                "first_commit": "2020-09-04T21:07:21",
                "last_commit": "2022-11-29T00:01:54",
                "CI_type": "GHA",
                "sha": "95f29ef20d04ae9408d37534d1badf12922559d3"
            },
            {
                "file_name": ".github/workflows/main.yml",
                "commit_date": "2022-05-11T20:04:58",
                "status": "modified",
                "first_commit": "2020-09-04T21:07:21",
                "last_commit": "2022-11-29T00:01:54",
                "CI_type": "GHA",
                "sha": "e6878119acad85e392cd80d0eb8b2980aab9a40a"
            },
            {
                "file_name": ".github/workflows/main.yml",
                "commit_date": "2022-05-10T20:06:40",
                "status": "modified",
                "first_commit": "2020-09-04T21:07:21",
                "last_commit": "2022-11-29T00:01:54",
                "CI_type": "GHA",
                "sha": "323df2d11109694d45082f4a71ffcb929e6a9b1f"
            },
            {
                "file_name": ".github/workflows/main.yml",
                "commit_date": "2022-05-05T22:54:13",
                "status": "modified",
                "first_commit": "2020-09-04T21:07:21",
                "last_commit": "2022-11-29T00:01:54",
                "CI_type": "GHA",
                "sha": "c4d0a9e1031a6a53b8f9feeaec000e253d19edbb"
            },
            {
                "file_name": ".github/workflows/main.yml",
                "commit_date": "2021-07-13T17:40:57",
                "status": "modified",
                "first_commit": "2020-09-04T21:07:21",
                "last_commit": "2022-11-29T00:01:54",
                "CI_type": "GHA",
                "sha": "917a28aa0f04e8cdbc719475a733be1900aff46d"
            },
            {
                "file_name": ".github/workflows/main.yml",
                "commit_date": "2021-06-17T18:11:03",
                "status": "modified",
                "first_commit": "2020-09-04T21:07:21",
                "last_commit": "2022-11-29T00:01:54",
                "CI_type": "GHA",
                "sha": "4820ec14415422cd6c7e9b3510ca19b33a3df7c8"
            },
            {
                "file_name": ".github/workflows/main.yml",
                "commit_date": "2021-06-17T17:19:10",
                "status": "modified",
                "first_commit": "2020-09-04T21:07:21",
                "last_commit": "2022-11-29T00:01:54",
                "CI_type": "GHA",
                "sha": "3452a95551c39b61a76b78ed8e6743d84c8617e6"
            },
            {
                "file_name": ".github/workflows/main.yml",
                "commit_date": "2021-04-20T17:04:15",
                "status": "modified",
                "first_commit": "2020-09-04T21:07:21",
                "last_commit": "2022-11-29T00:01:54",
                "CI_type": "GHA",
                "sha": "45099d4071ddec56383b643a2e0802d7f27191e9"
            },
            {
                "file_name": ".github/workflows/main.yml",
                "commit_date": "2021-03-29T23:47:48",
                "status": "modified",
                "first_commit": "2020-09-04T21:07:21",
                "last_commit": "2022-11-29T00:01:54",
                "CI_type": "GHA",
                "sha": "9ebe98aee9f3e29dc6e3812f4a221f176d658526"
            },
            {
                "file_name": ".github/workflows/main.yml",
                "commit_date": "2021-03-29T23:09:37",
                "status": "modified",
                "first_commit": "2020-09-04T21:07:21",
                "last_commit": "2022-11-29T00:01:54",
                "CI_type": "GHA",
                "sha": "db221ec43c0ef79a00a3e6f3e6c4211f92d335a4"
            },
            {
                "file_name": ".github/workflows/main.yml",
                "commit_date": "2021-03-27T01:59:35",
                "status": "modified",
                "first_commit": "2020-09-04T21:07:21",
                "last_commit": "2022-11-29T00:01:54",
                "CI_type": "GHA",
                "sha": "df46ece7cd80bdd1f4b4d412fb141be45023f814"
            },
            {
                "file_name": ".github/workflows/main.yml",
                "commit_date": "2021-03-17T16:55:11",
                "status": "modified",
                "first_commit": "2020-09-04T21:07:21",
                "last_commit": "2022-11-29T00:01:54",
                "CI_type": "GHA",
                "sha": "1931ba461e91fc045ad6a2b36ad966d43ed370dc"
            },
            {
                "file_name": ".github/workflows/main.yml",
                "commit_date": "2020-12-02T20:14:50",
                "status": "modified",
                "first_commit": "2020-09-04T21:07:21",
                "last_commit": "2022-11-29T00:01:54",
                "CI_type": "GHA",
                "sha": "78e7b477a8ffe2f05d91369e2f5f97f0babdd0b7"
            },
            {
                "file_name": ".github/workflows/main.yml",
                "commit_date": "2020-09-04T21:07:21",
                "status": "added",
                "first_commit": "2020-09-04T21:07:21",
                "last_commit": "2022-11-29T00:01:54",
                "CI_type": "GHA",
                "sha": "9e7e0c06b49fc47ec73190a82fc4a43e3ed32328"
            }
        ]
    },
    {
        "Travis": []
    },
    {
        "CircleCI": []
    },
    {
        "AppVeyor": []
    },
    {
        "Azure": []
    },
    {
        "GitLab": []
    },
    {
        "Jenkins": []
    }
]