{
    "id": 322278457,
    "name": "VML",
    "full_name": "intel/VML",
    "org_name": "Intel Corporation",
    "org_id": 17888862,
    "created_at": "2020-12-17T11:47:28",
    "pushed_at": "2023-01-07T00:44:51",
    "updated_at": "2023-01-07T00:44:57",
    "isFork": false,
    "forks": 1,
    "forks_count": 1,
    "has_downloads": true,
    "has_issues": true,
    "has_pages": false,
    "has_projects": true,
    "has_wiki": true,
    "homepage": null,
    "language": "C",
    "open_issues": 0,
    "open_issues_count": 0,
    "size": 215,
    "stargazers_count": 4,
    "subscribers_count": 3,
    "watchers": 4,
    "watchers_count": 4,
    "first_commit": "2020-08-21T00:50:48",
    "last_commit": "2023-01-07T00:44:47",
    "branches_count": 1,
    "commit_comments_count": 0,
    "commits_count": 35,
    "countributors_count": 4,
    "downloads_count": 0,
    "events_count": 1,
    "issues_count": 0,
    "labels_count": 9,
    "milestones_count": 0,
    "PR_count": 0,
    "open_PR_count": 0,
    "readme_size": 1794,
    "release_count": 0,
    "topic_count": 0,
    "15_commits": 0,
    "16_commits": 0,
    "17_commits": 0,
    "18_commits": 0,
    "19_commits": 0,
    "20_commits": 28,
    "21_commits": 6,
    "22_commits": 0,
    "15_committer_num": 0,
    "16_committer_num": 0,
    "17_committer_num": 0,
    "18_committer_num": 0,
    "19_committer_num": 0,
    "20_committer_num": 3,
    "21_committer_num": 1,
    "22_committer_num": 0
}{
    "stargazer_date": {
        "6366270": "2020-12-17T16:56:09",
        "54296617": "2021-03-18T06:51:00",
        "1861010": "2021-03-24T06:22:54",
        "17237281": "2022-06-02T03:29:59"
    }
}[
    {
        "GHA": {}
    },
    {
        "Travis": []
    },
    {
        "CircleCI": []
    },
    {
        "AppVeyor": []
    },
    {
        "Azure": []
    },
    {
        "GitLab": []
    },
    {
        "Jenkins": []
    }
]