{
    "id": 332886297,
    "name": "platform-firmware-resiliency",
    "full_name": "intel/platform-firmware-resiliency",
    "org_name": "Intel Corporation",
    "org_id": 17888862,
    "created_at": "2021-01-25T21:18:11",
    "pushed_at": "2023-02-01T20:04:50",
    "updated_at": "2023-02-24T01:22:13",
    "isFork": false,
    "forks": 1,
    "forks_count": 1,
    "has_downloads": true,
    "has_issues": true,
    "has_pages": false,
    "has_projects": true,
    "has_wiki": true,
    "homepage": null,
    "language": null,
    "open_issues": 0,
    "open_issues_count": 0,
    "size": 3,
    "stargazers_count": 6,
    "subscribers_count": 3,
    "watchers": 6,
    "watchers_count": 6,
    "first_commit": "2021-04-06T15:13:11",
    "last_commit": "2023-02-01T20:04:49",
    "branches_count": 1,
    "commit_comments_count": 0,
    "commits_count": 5,
    "countributors_count": 3,
    "downloads_count": 0,
    "events_count": 5,
    "issues_count": 0,
    "labels_count": 9,
    "milestones_count": 0,
    "PR_count": 0,
    "open_PR_count": 0,
    "readme_size": 961,
    "release_count": 0,
    "topic_count": 0,
    "15_commits": 0,
    "16_commits": 0,
    "17_commits": 0,
    "18_commits": 0,
    "19_commits": 0,
    "20_commits": 0,
    "21_commits": 1,
    "22_commits": 0,
    "15_committer_num": 0,
    "16_committer_num": 0,
    "17_committer_num": 0,
    "18_committer_num": 0,
    "19_committer_num": 0,
    "20_committer_num": 0,
    "21_committer_num": 1,
    "22_committer_num": 0
}{
    "stargazer_date": {
        "5054331": "2021-05-12T18:21:54",
        "41498667": "2021-05-25T01:04:40",
        "59188938": "2021-06-22T02:30:05",
        "87740859": "2021-08-12T03:11:46",
        "25753058": "2022-10-20T09:15:14",
        "87549828": "2022-11-08T17:48:21"
    }
}[
    {
        "GHA": {}
    },
    {
        "Travis": []
    },
    {
        "CircleCI": []
    },
    {
        "AppVeyor": []
    },
    {
        "Azure": []
    },
    {
        "GitLab": []
    },
    {
        "Jenkins": []
    }
]