{
    "id": 335763596,
    "name": "fineibt_llvm",
    "full_name": "intel/fineibt_llvm",
    "org_name": "Intel Corporation",
    "org_id": 17888862,
    "created_at": "2021-02-03T21:45:02",
    "pushed_at": "2023-01-26T02:50:41",
    "updated_at": "2023-01-26T02:48:42",
    "isFork": false,
    "forks": 4,
    "forks_count": 4,
    "has_downloads": true,
    "has_issues": true,
    "has_pages": false,
    "has_projects": true,
    "has_wiki": true,
    "homepage": null,
    "language": "C++",
    "open_issues": 3,
    "open_issues_count": 3,
    "size": 1030215,
    "stargazers_count": 8,
    "subscribers_count": 5,
    "watchers": 8,
    "watchers_count": 8,
    "first_commit": "2020-10-08T07:38:41",
    "last_commit": "2023-01-26T02:49:27",
    "branches_count": 5,
    "commit_comments_count": 0,
    "commits_count": 368474,
    "countributors_count": 347,
    "downloads_count": 0,
    "events_count": 4,
    "issues_count": 3,
    "labels_count": 10,
    "milestones_count": 0,
    "PR_count": 3,
    "open_PR_count": 3,
    "readme_size": 4526,
    "release_count": 0,
    "topic_count": 0,
    "15_commits": 29496,
    "16_commits": 31868,
    "17_commits": 28678,
    "18_commits": 28064,
    "19_commits": 33444,
    "20_commits": 27406,
    "21_commits": 6,
    "22_commits": 0,
    "15_committer_num": 295,
    "16_committer_num": 371,
    "17_committer_num": 444,
    "18_committer_num": 504,
    "19_committer_num": 707,
    "20_committer_num": 954,
    "21_committer_num": 1,
    "22_committer_num": 0
}{
    "stargazer_date": {
        "10137567": "2021-08-06T12:34:49",
        "167209": "2021-09-04T13:18:00",
        "5084383": "2021-09-20T13:00:05",
        "13747206": "2021-09-28T01:59:54",
        "8824745": "2021-10-08T04:53:04",
        "94489260": "2022-01-14T04:27:32",
        "43628055": "2022-05-03T05:03:17"
    }
}[
    {
        "GHA": {}
    },
    {
        "Travis": []
    },
    {
        "CircleCI": []
    },
    {
        "AppVeyor": []
    },
    {
        "Azure": []
    },
    {
        "GitLab": []
    },
    {
        "Jenkins": []
    }
]