{
    "id": 336096618,
    "name": "Updates-for-OSS-Performance",
    "full_name": "intel/Updates-for-OSS-Performance",
    "org_name": "Intel Corporation",
    "org_id": 17888862,
    "created_at": "2021-02-04T22:13:47",
    "pushed_at": "2022-03-01T16:51:04",
    "updated_at": "2021-12-02T22:55:32",
    "isFork": false,
    "forks": 3,
    "forks_count": 3,
    "has_downloads": true,
    "has_issues": true,
    "has_pages": false,
    "has_projects": true,
    "has_wiki": true,
    "homepage": null,
    "language": "PHP",
    "open_issues": 1,
    "open_issues_count": 1,
    "size": 176400,
    "stargazers_count": 1,
    "subscribers_count": 3,
    "watchers": 1,
    "watchers_count": 1,
    "first_commit": "2015-05-21T22:18:49",
    "last_commit": "2021-12-02T22:55:29",
    "branches_count": 2,
    "commit_comments_count": 0,
    "commits_count": 284,
    "countributors_count": 26,
    "downloads_count": 0,
    "events_count": 0,
    "issues_count": 1,
    "labels_count": 9,
    "milestones_count": 0,
    "PR_count": 6,
    "open_PR_count": 1,
    "readme_size": 10876,
    "release_count": 4,
    "topic_count": 0,
    "15_commits": 123,
    "16_commits": 6,
    "17_commits": 15,
    "18_commits": 3,
    "19_commits": 4,
    "20_commits": 0,
    "21_commits": 30,
    "22_commits": 0,
    "15_committer_num": 11,
    "16_committer_num": 3,
    "17_committer_num": 4,
    "18_committer_num": 2,
    "19_committer_num": 2,
    "20_committer_num": 0,
    "21_committer_num": 4,
    "22_committer_num": 0
}{
    "stargazer_date": {
        "18019202": "2021-02-25T18:58:17"
    }
}[
    {
        "GHA": {}
    },
    {
        "Travis": []
    },
    {
        "CircleCI": []
    },
    {
        "AppVeyor": []
    },
    {
        "Azure": []
    },
    {
        "GitLab": []
    },
    {
        "Jenkins": []
    }
]