{
    "id": 336411369,
    "name": "libaji_client",
    "full_name": "intel/libaji_client",
    "org_name": "Intel Corporation",
    "org_id": 17888862,
    "created_at": "2021-02-05T23:14:45",
    "pushed_at": "2022-12-15T08:48:45",
    "updated_at": "2023-02-17T19:40:34",
    "isFork": false,
    "forks": 4,
    "forks_count": 4,
    "has_downloads": true,
    "has_issues": true,
    "has_pages": false,
    "has_projects": true,
    "has_wiki": true,
    "homepage": "",
    "language": "C++",
    "open_issues": 2,
    "open_issues_count": 2,
    "size": 278,
    "stargazers_count": 15,
    "subscribers_count": 3,
    "watchers": 15,
    "watchers_count": 15,
    "first_commit": "2020-11-18T08:05:56",
    "last_commit": "2022-11-10T15:24:59",
    "branches_count": 1,
    "commit_comments_count": 0,
    "commits_count": 36,
    "countributors_count": 1,
    "downloads_count": 0,
    "events_count": 5,
    "issues_count": 2,
    "labels_count": 9,
    "milestones_count": 0,
    "PR_count": 0,
    "open_PR_count": 0,
    "readme_size": 6568,
    "release_count": 0,
    "topic_count": 0,
    "15_commits": 0,
    "16_commits": 0,
    "17_commits": 0,
    "18_commits": 0,
    "19_commits": 0,
    "20_commits": 1,
    "21_commits": 12,
    "22_commits": 23,
    "15_committer_num": 0,
    "16_committer_num": 0,
    "17_committer_num": 0,
    "18_committer_num": 0,
    "19_committer_num": 0,
    "20_committer_num": 1,
    "21_committer_num": 1,
    "22_committer_num": 1
}{
    "stargazer_date": {
        "936702": "2021-04-07T07:21:25",
        "1261828": "2021-04-12T17:25:23",
        "187848": "2021-04-20T16:56:39",
        "58897843": "2021-05-08T17:14:20",
        "9023266": "2021-06-13T05:13:09",
        "79528": "2021-11-08T15:41:01",
        "95472808": "2021-12-13T17:55:28",
        "61894826": "2022-03-22T08:41:28",
        "6127678": "2022-04-10T00:34:13",
        "809640": "2022-04-10T18:16:15",
        "11489036": "2022-05-07T22:18:36",
        "37353477": "2022-07-10T02:52:40",
        "39563554": "2023-01-16T17:35:29",
        "41548458": "2023-02-17T05:35:36",
        "16490754": "2023-02-17T19:40:34"
    }
}[
    {
        "GHA": {}
    },
    {
        "Travis": []
    },
    {
        "CircleCI": []
    },
    {
        "AppVeyor": []
    },
    {
        "Azure": []
    },
    {
        "GitLab": []
    },
    {
        "Jenkins": []
    }
]