{
    "id": 338164770,
    "name": "Display-Virtualization-for-Windows-OS",
    "full_name": "intel/Display-Virtualization-for-Windows-OS",
    "org_name": "Intel Corporation",
    "org_id": 17888862,
    "created_at": "2021-02-11T22:05:32",
    "pushed_at": "2023-02-24T13:25:28",
    "updated_at": "2023-03-05T12:07:28",
    "isFork": false,
    "forks": 10,
    "forks_count": 10,
    "has_downloads": true,
    "has_issues": true,
    "has_pages": false,
    "has_projects": true,
    "has_wiki": true,
    "homepage": null,
    "language": "C++",
    "open_issues": 1,
    "open_issues_count": 1,
    "size": 512,
    "stargazers_count": 34,
    "subscribers_count": 1,
    "watchers": 34,
    "watchers_count": 34,
    "first_commit": "2021-03-09T16:30:38",
    "last_commit": "2023-02-24T13:13:48",
    "branches_count": 5,
    "commit_comments_count": 0,
    "commits_count": 13,
    "countributors_count": 2,
    "downloads_count": 0,
    "events_count": 24,
    "issues_count": 1,
    "labels_count": 9,
    "milestones_count": 0,
    "PR_count": 4,
    "open_PR_count": 0,
    "readme_size": 5036,
    "release_count": 5,
    "topic_count": 0,
    "15_commits": 0,
    "16_commits": 0,
    "17_commits": 0,
    "18_commits": 0,
    "19_commits": 0,
    "20_commits": 0,
    "21_commits": 6,
    "22_commits": 5,
    "15_committer_num": 0,
    "16_committer_num": 0,
    "17_committer_num": 0,
    "18_committer_num": 0,
    "19_committer_num": 0,
    "20_committer_num": 0,
    "21_committer_num": 1,
    "22_committer_num": 2
}{
    "stargazer_date": {
        "7893197": "2021-04-08T06:42:22",
        "1177385": "2021-04-13T14:13:40",
        "1261828": "2021-06-12T23:30:48",
        "7089228": "2021-06-13T00:10:12",
        "31005177": "2021-06-18T09:36:54",
        "12760416": "2021-06-25T09:40:51",
        "4278110": "2021-07-25T01:43:53",
        "27815178": "2021-07-28T14:26:20",
        "781255": "2021-08-23T10:02:29",
        "3287789": "2021-10-15T08:56:37",
        "22091838": "2021-11-29T01:41:01",
        "76011430": "2021-12-20T17:08:22",
        "7220743": "2022-02-14T06:16:09",
        "23690742": "2022-03-01T08:29:48",
        "5356331": "2022-03-11T06:29:04",
        "60566415": "2022-03-17T17:14:36",
        "2719770": "2022-07-14T07:33:07",
        "109415449": "2022-07-16T10:12:48",
        "286631": "2022-07-20T22:11:46",
        "25973366": "2022-07-21T01:00:07",
        "6176495": "2022-07-21T03:28:25",
        "24355466": "2022-07-30T08:43:43",
        "18627330": "2022-08-04T18:40:28",
        "63482355": "2022-08-14T08:01:24",
        "3171846": "2022-09-03T23:32:55",
        "47877520": "2022-10-24T20:43:19",
        "22069531": "2022-11-04T15:23:59",
        "10407119": "2022-11-07T21:35:26",
        "19563769": "2022-12-28T02:23:37",
        "3412237": "2022-12-28T03:22:02",
        "51919925": "2023-01-10T08:20:57",
        "1381736": "2023-01-17T13:23:58",
        "87128112": "2023-01-18T05:13:57",
        "7689577": "2023-03-05T12:07:28"
    }
}[
    {
        "GHA": {}
    },
    {
        "Travis": []
    },
    {
        "CircleCI": []
    },
    {
        "AppVeyor": []
    },
    {
        "Azure": []
    },
    {
        "GitLab": []
    },
    {
        "Jenkins": []
    }
]