{
    "id": 338161397,
    "name": "proof-of-concept-cdi",
    "full_name": "intel/proof-of-concept-cdi",
    "org_name": "Intel Corporation",
    "org_id": 17888862,
    "created_at": "2021-02-11T21:47:57",
    "pushed_at": "2023-01-10T00:55:32",
    "updated_at": "2023-01-10T00:55:36",
    "isFork": false,
    "forks": 1,
    "forks_count": 1,
    "has_downloads": true,
    "has_issues": true,
    "has_pages": false,
    "has_projects": true,
    "has_wiki": true,
    "homepage": null,
    "language": "Go",
    "open_issues": 0,
    "open_issues_count": 0,
    "size": 39130,
    "stargazers_count": 0,
    "subscribers_count": 5,
    "watchers": 0,
    "watchers_count": 0,
    "first_commit": "2020-06-06T04:44:00",
    "last_commit": "2023-01-10T00:55:29",
    "branches_count": 1,
    "commit_comments_count": 0,
    "commits_count": 1368,
    "countributors_count": 13,
    "downloads_count": 0,
    "events_count": 1,
    "issues_count": 0,
    "labels_count": 9,
    "milestones_count": 0,
    "PR_count": 0,
    "open_PR_count": 0,
    "readme_size": 2363,
    "release_count": 0,
    "topic_count": 0,
    "15_commits": 0,
    "16_commits": 2,
    "17_commits": 0,
    "18_commits": 207,
    "19_commits": 651,
    "20_commits": 464,
    "21_commits": 30,
    "22_commits": 0,
    "15_committer_num": 0,
    "16_committer_num": 2,
    "17_committer_num": 0,
    "18_committer_num": 4,
    "19_committer_num": 6,
    "20_committer_num": 5,
    "21_committer_num": 2,
    "22_committer_num": 0
}{
    "stargazer_date": {}
}[
    {
        "GHA": [
            {
                "file_name": ".github/workflows/publish.yml",
                "commit_date": "2020-07-30T09:50:10",
                "status": "removed",
                "first_commit": "2020-03-27T23:42:19",
                "last_commit": "2020-07-30T09:50:10",
                "CI_type": "GHA",
                "sha": "e63dd779a5b85a22a5c6ee25c94037a03cc46e41"
            },
            {
                "file_name": ".github/workflows/publish.yml",
                "commit_date": "2020-05-06T09:32:06",
                "status": "modified",
                "first_commit": "2020-03-27T23:42:19",
                "last_commit": "2020-07-30T09:50:10",
                "CI_type": "GHA",
                "sha": "5a50cbfdb3133e93d8455eadd4e548ce06545914"
            },
            {
                "file_name": ".github/workflows/publish.yml",
                "commit_date": "2020-05-04T16:21:30",
                "status": "modified",
                "first_commit": "2020-03-27T23:42:19",
                "last_commit": "2020-07-30T09:50:10",
                "CI_type": "GHA",
                "sha": "739f51c1cb856c287c63ac5c636ae117a44de069"
            },
            {
                "file_name": ".github/workflows/publish.yml",
                "commit_date": "2020-03-27T23:42:19",
                "status": "added",
                "first_commit": "2020-03-27T23:42:19",
                "last_commit": "2020-07-30T09:50:10",
                "CI_type": "GHA",
                "sha": "cf478919bfafbe341a56796f8fd16d4cad174a55"
            }
        ]
    },
    {
        "Travis": []
    },
    {
        "CircleCI": []
    },
    {
        "AppVeyor": []
    },
    {
        "Azure": []
    },
    {
        "GitLab": []
    },
    {
        "Jenkins": [
            {
                "file_name": "/Jenkinsfile",
                "commit_date": "2020-06-25T11:43:29",
                "status": "removed",
                "first_commit": "2019-06-07T16:30:25",
                "last_commit": "2020-06-25T11:43:29",
                "CI_type": "Jenkins",
                "sha": "0ad3ab45dca4313e40a0d2af6c1e2c0891c2d296"
            },
            {
                "file_name": "/Jenkinsfile",
                "commit_date": "2020-06-16T15:08:12",
                "status": "modified",
                "first_commit": "2019-06-07T16:30:25",
                "last_commit": "2020-06-25T11:43:29",
                "CI_type": "Jenkins",
                "sha": "05edd7dc6f283ba7d81f973ad8dc7a7f68fc18b8"
            },
            {
                "file_name": "/Jenkinsfile",
                "commit_date": "2020-06-15T10:31:26",
                "status": "modified",
                "first_commit": "2019-06-07T16:30:25",
                "last_commit": "2020-06-25T11:43:29",
                "CI_type": "Jenkins",
                "sha": "b7864ee92e02aded5e7c141b0127725a09f67726"
            },
            {
                "file_name": "/Jenkinsfile",
                "commit_date": "2020-06-05T09:42:18",
                "status": "modified",
                "first_commit": "2019-06-07T16:30:25",
                "last_commit": "2020-06-25T11:43:29",
                "CI_type": "Jenkins",
                "sha": "7cd605c1c3b300c2b56489bf8431032c51594b1d"
            },
            {
                "file_name": "/Jenkinsfile",
                "commit_date": "2020-05-27T09:33:18",
                "status": "modified",
                "first_commit": "2019-06-07T16:30:25",
                "last_commit": "2020-06-25T11:43:29",
                "CI_type": "Jenkins",
                "sha": "c8343d6086d1af20a5d1c41d18418552468441c5"
            },
            {
                "file_name": "/Jenkinsfile",
                "commit_date": "2020-05-21T08:08:45",
                "status": "modified",
                "first_commit": "2019-06-07T16:30:25",
                "last_commit": "2020-06-25T11:43:29",
                "CI_type": "Jenkins",
                "sha": "2b799d668a7ef0f525c824f98032265fad9a9088"
            },
            {
                "file_name": "/Jenkinsfile",
                "commit_date": "2020-05-12T09:30:23",
                "status": "modified",
                "first_commit": "2019-06-07T16:30:25",
                "last_commit": "2020-06-25T11:43:29",
                "CI_type": "Jenkins",
                "sha": "93365e7911ff689b02a10d8c33b19b4f5cfcc32d"
            },
            {
                "file_name": "/Jenkinsfile",
                "commit_date": "2020-05-13T07:08:25",
                "status": "modified",
                "first_commit": "2019-06-07T16:30:25",
                "last_commit": "2020-06-25T11:43:29",
                "CI_type": "Jenkins",
                "sha": "14813f02aad6b9428b070e43c073b27577a54d4b"
            },
            {
                "file_name": "/Jenkinsfile",
                "commit_date": "2020-05-15T06:59:49",
                "status": "modified",
                "first_commit": "2019-06-07T16:30:25",
                "last_commit": "2020-06-25T11:43:29",
                "CI_type": "Jenkins",
                "sha": "f44fe416848e8f8a610b73468b716b4bc3cfe6fc"
            },
            {
                "file_name": "/Jenkinsfile",
                "commit_date": "2020-05-12T18:28:22",
                "status": "modified",
                "first_commit": "2019-06-07T16:30:25",
                "last_commit": "2020-06-25T11:43:29",
                "CI_type": "Jenkins",
                "sha": "f7fd1cf31812a6397342f8392f7fec0e06985367"
            },
            {
                "file_name": "/Jenkinsfile",
                "commit_date": "2020-05-11T07:36:29",
                "status": "modified",
                "first_commit": "2019-06-07T16:30:25",
                "last_commit": "2020-06-25T11:43:29",
                "CI_type": "Jenkins",
                "sha": "df883e3af4c2d7f6c5c26fe9ae9c3d0cf48de974"
            },
            {
                "file_name": "/Jenkinsfile",
                "commit_date": "2019-12-18T14:35:31",
                "status": "modified",
                "first_commit": "2019-06-07T16:30:25",
                "last_commit": "2020-06-25T11:43:29",
                "CI_type": "Jenkins",
                "sha": "063bb1ef8029a476789682a0b5c43ab53fef7ccc"
            },
            {
                "file_name": "/Jenkinsfile",
                "commit_date": "2020-05-05T11:19:22",
                "status": "modified",
                "first_commit": "2019-06-07T16:30:25",
                "last_commit": "2020-06-25T11:43:29",
                "CI_type": "Jenkins",
                "sha": "f4b7d552d0aedb615cbed35fa9d29b5ce0cbe43f"
            },
            {
                "file_name": "/Jenkinsfile",
                "commit_date": "2020-03-31T13:02:06",
                "status": "modified",
                "first_commit": "2019-06-07T16:30:25",
                "last_commit": "2020-06-25T11:43:29",
                "CI_type": "Jenkins",
                "sha": "a487e612bf06affef176653629bd123a6d559aed"
            },
            {
                "file_name": "/Jenkinsfile",
                "commit_date": "2020-03-27T23:42:19",
                "status": "modified",
                "first_commit": "2019-06-07T16:30:25",
                "last_commit": "2020-06-25T11:43:29",
                "CI_type": "Jenkins",
                "sha": "cf478919bfafbe341a56796f8fd16d4cad174a55"
            },
            {
                "file_name": "/Jenkinsfile",
                "commit_date": "2020-04-02T16:02:02",
                "status": "modified",
                "first_commit": "2019-06-07T16:30:25",
                "last_commit": "2020-06-25T11:43:29",
                "CI_type": "Jenkins",
                "sha": "20735c0e30fc9e726f3df21f4876136112a13b0f"
            },
            {
                "file_name": "/Jenkinsfile",
                "commit_date": "2020-03-30T11:44:46",
                "status": "modified",
                "first_commit": "2019-06-07T16:30:25",
                "last_commit": "2020-06-25T11:43:29",
                "CI_type": "Jenkins",
                "sha": "df017eeadbd0e24d1aa81c38e8160ec86ef1e8af"
            },
            {
                "file_name": "/Jenkinsfile",
                "commit_date": "2020-03-26T19:15:26",
                "status": "modified",
                "first_commit": "2019-06-07T16:30:25",
                "last_commit": "2020-06-25T11:43:29",
                "CI_type": "Jenkins",
                "sha": "33a34a0eae56135f4c7d74ce1312ab089b0be9ea"
            },
            {
                "file_name": "/Jenkinsfile",
                "commit_date": "2020-03-24T09:41:24",
                "status": "modified",
                "first_commit": "2019-06-07T16:30:25",
                "last_commit": "2020-06-25T11:43:29",
                "CI_type": "Jenkins",
                "sha": "3b4c8a7d096c39a38b6c374cfd6f4abaef83d31c"
            },
            {
                "file_name": "/Jenkinsfile",
                "commit_date": "2020-03-24T09:43:35",
                "status": "modified",
                "first_commit": "2019-06-07T16:30:25",
                "last_commit": "2020-06-25T11:43:29",
                "CI_type": "Jenkins",
                "sha": "5fe2142348b88be7f04622ec69563e5235556f2d"
            },
            {
                "file_name": "/Jenkinsfile",
                "commit_date": "2020-03-18T15:03:38",
                "status": "modified",
                "first_commit": "2019-06-07T16:30:25",
                "last_commit": "2020-06-25T11:43:29",
                "CI_type": "Jenkins",
                "sha": "7e439ea3bae1e6a021454c99cae95dcb89141a6b"
            },
            {
                "file_name": "/Jenkinsfile",
                "commit_date": "2020-03-16T15:21:48",
                "status": "modified",
                "first_commit": "2019-06-07T16:30:25",
                "last_commit": "2020-06-25T11:43:29",
                "CI_type": "Jenkins",
                "sha": "b252cf68beea06068215af02f8a8786e4ef9400f"
            },
            {
                "file_name": "/Jenkinsfile",
                "commit_date": "2020-03-16T10:48:51",
                "status": "modified",
                "first_commit": "2019-06-07T16:30:25",
                "last_commit": "2020-06-25T11:43:29",
                "CI_type": "Jenkins",
                "sha": "62bd1ce494857b7a4b3d49c865a9be98bb89aab8"
            },
            {
                "file_name": "/Jenkinsfile",
                "commit_date": "2020-03-02T15:17:50",
                "status": "modified",
                "first_commit": "2019-06-07T16:30:25",
                "last_commit": "2020-06-25T11:43:29",
                "CI_type": "Jenkins",
                "sha": "e6ddb9e2b3d834e07e7bbf5ec900284585ed847c"
            },
            {
                "file_name": "/Jenkinsfile",
                "commit_date": "2020-02-18T12:45:58",
                "status": "modified",
                "first_commit": "2019-06-07T16:30:25",
                "last_commit": "2020-06-25T11:43:29",
                "CI_type": "Jenkins",
                "sha": "e7d1c84a792254389a458e90bf6ad197ff266761"
            },
            {
                "file_name": "/Jenkinsfile",
                "commit_date": "2019-12-30T19:05:58",
                "status": "modified",
                "first_commit": "2019-06-07T16:30:25",
                "last_commit": "2020-06-25T11:43:29",
                "CI_type": "Jenkins",
                "sha": "28a3704e470d733481dd2126783f0ecdcfd18791"
            },
            {
                "file_name": "/Jenkinsfile",
                "commit_date": "2020-01-17T08:41:23",
                "status": "modified",
                "first_commit": "2019-06-07T16:30:25",
                "last_commit": "2020-06-25T11:43:29",
                "CI_type": "Jenkins",
                "sha": "459828b5f140d0294c3a7db33117e6dd4dacf372"
            },
            {
                "file_name": "/Jenkinsfile",
                "commit_date": "2020-01-15T07:36:28",
                "status": "modified",
                "first_commit": "2019-06-07T16:30:25",
                "last_commit": "2020-06-25T11:43:29",
                "CI_type": "Jenkins",
                "sha": "248354a069beb6d169289046d4f09bf323fb1ec4"
            },
            {
                "file_name": "/Jenkinsfile",
                "commit_date": "2019-12-06T16:37:59",
                "status": "modified",
                "first_commit": "2019-06-07T16:30:25",
                "last_commit": "2020-06-25T11:43:29",
                "CI_type": "Jenkins",
                "sha": "3d4cd8e060b5c15961879d20a2e8d5326d498f26"
            },
            {
                "file_name": "/Jenkinsfile",
                "commit_date": "2019-12-05T14:00:34",
                "status": "modified",
                "first_commit": "2019-06-07T16:30:25",
                "last_commit": "2020-06-25T11:43:29",
                "CI_type": "Jenkins",
                "sha": "182fa5b4053e1c8ed28908048c5d23bcc5806e18"
            },
            {
                "file_name": "/Jenkinsfile",
                "commit_date": "2019-12-05T10:01:49",
                "status": "modified",
                "first_commit": "2019-06-07T16:30:25",
                "last_commit": "2020-06-25T11:43:29",
                "CI_type": "Jenkins",
                "sha": "9c432f07f96911c8cb35e0532bc93d173d673b76"
            },
            {
                "file_name": "/Jenkinsfile",
                "commit_date": "2019-12-04T13:21:12",
                "status": "modified",
                "first_commit": "2019-06-07T16:30:25",
                "last_commit": "2020-06-25T11:43:29",
                "CI_type": "Jenkins",
                "sha": "a29c226257cf95cfda0dd52b14cf0f63f0ad8328"
            },
            {
                "file_name": "/Jenkinsfile",
                "commit_date": "2019-12-05T19:55:52",
                "status": "modified",
                "first_commit": "2019-06-07T16:30:25",
                "last_commit": "2020-06-25T11:43:29",
                "CI_type": "Jenkins",
                "sha": "52171c6ea21e2cdfc8d2beb939431d9baf5aa07c"
            },
            {
                "file_name": "/Jenkinsfile",
                "commit_date": "2019-12-11T14:11:27",
                "status": "modified",
                "first_commit": "2019-06-07T16:30:25",
                "last_commit": "2020-06-25T11:43:29",
                "CI_type": "Jenkins",
                "sha": "3deeef35926e05e5288185ef7384c974914d7ac5"
            },
            {
                "file_name": "/Jenkinsfile",
                "commit_date": "2019-12-06T16:37:59",
                "status": "modified",
                "first_commit": "2019-06-07T16:30:25",
                "last_commit": "2020-06-25T11:43:29",
                "CI_type": "Jenkins",
                "sha": "378aa7232ee50dbbc0aedbe255f872ecbb8389f3"
            },
            {
                "file_name": "/Jenkinsfile",
                "commit_date": "2019-12-05T14:00:34",
                "status": "modified",
                "first_commit": "2019-06-07T16:30:25",
                "last_commit": "2020-06-25T11:43:29",
                "CI_type": "Jenkins",
                "sha": "ee793dc60530d96067277bc3b73793c02b36e58b"
            },
            {
                "file_name": "/Jenkinsfile",
                "commit_date": "2019-12-05T10:01:49",
                "status": "modified",
                "first_commit": "2019-06-07T16:30:25",
                "last_commit": "2020-06-25T11:43:29",
                "CI_type": "Jenkins",
                "sha": "b6354f9031532c67e63d4c83ab83ce1d7a5dd261"
            },
            {
                "file_name": "/Jenkinsfile",
                "commit_date": "2019-12-04T13:21:12",
                "status": "modified",
                "first_commit": "2019-06-07T16:30:25",
                "last_commit": "2020-06-25T11:43:29",
                "CI_type": "Jenkins",
                "sha": "6c0385906ab8270335c200e3758587fcaee88791"
            },
            {
                "file_name": "/Jenkinsfile",
                "commit_date": "2019-12-05T19:55:52",
                "status": "modified",
                "first_commit": "2019-06-07T16:30:25",
                "last_commit": "2020-06-25T11:43:29",
                "CI_type": "Jenkins",
                "sha": "a5f3c44e4fa8144edc416af92d9b93322f53cde9"
            },
            {
                "file_name": "/Jenkinsfile",
                "commit_date": "2019-12-02T10:02:58",
                "status": "modified",
                "first_commit": "2019-06-07T16:30:25",
                "last_commit": "2020-06-25T11:43:29",
                "CI_type": "Jenkins",
                "sha": "1d2af62b2a89628a33c6124b05821dd6a5d2dc5d"
            },
            {
                "file_name": "/Jenkinsfile",
                "commit_date": "2019-12-02T11:20:30",
                "status": "modified",
                "first_commit": "2019-06-07T16:30:25",
                "last_commit": "2020-06-25T11:43:29",
                "CI_type": "Jenkins",
                "sha": "6846d82df00945b4cc691647b18395084ddacf38"
            },
            {
                "file_name": "/Jenkinsfile",
                "commit_date": "2019-12-02T10:42:08",
                "status": "modified",
                "first_commit": "2019-06-07T16:30:25",
                "last_commit": "2020-06-25T11:43:29",
                "CI_type": "Jenkins",
                "sha": "27ef47a9c00ba78c27603ef7218c58c24c2087c6"
            },
            {
                "file_name": "/Jenkinsfile",
                "commit_date": "2019-11-27T12:55:26",
                "status": "modified",
                "first_commit": "2019-06-07T16:30:25",
                "last_commit": "2020-06-25T11:43:29",
                "CI_type": "Jenkins",
                "sha": "b3ea953e02a02a0723546ebe2ce9db75f8d09fe7"
            },
            {
                "file_name": "/Jenkinsfile",
                "commit_date": "2019-11-29T12:04:29",
                "status": "modified",
                "first_commit": "2019-06-07T16:30:25",
                "last_commit": "2020-06-25T11:43:29",
                "CI_type": "Jenkins",
                "sha": "c9e87c7ce5ba1c85390ca0031028fe934837928f"
            },
            {
                "file_name": "/Jenkinsfile",
                "commit_date": "2019-11-25T16:25:09",
                "status": "modified",
                "first_commit": "2019-06-07T16:30:25",
                "last_commit": "2020-06-25T11:43:29",
                "CI_type": "Jenkins",
                "sha": "e13885ec361f275325d102328d1a00f659bb4d70"
            },
            {
                "file_name": "/Jenkinsfile",
                "commit_date": "2019-11-27T12:07:05",
                "status": "modified",
                "first_commit": "2019-06-07T16:30:25",
                "last_commit": "2020-06-25T11:43:29",
                "CI_type": "Jenkins",
                "sha": "517e96f1633db8a408f3f8fcaa473eaafa0eb9ad"
            },
            {
                "file_name": "/Jenkinsfile",
                "commit_date": "2019-11-15T20:19:03",
                "status": "modified",
                "first_commit": "2019-06-07T16:30:25",
                "last_commit": "2020-06-25T11:43:29",
                "CI_type": "Jenkins",
                "sha": "edb435d4176ebefeab96c6d4be498766c0d8cb40"
            },
            {
                "file_name": "/Jenkinsfile",
                "commit_date": "2019-11-08T11:31:44",
                "status": "modified",
                "first_commit": "2019-06-07T16:30:25",
                "last_commit": "2020-06-25T11:43:29",
                "CI_type": "Jenkins",
                "sha": "b7cb5338777a257c71eb173ce2d5380075b2344d"
            },
            {
                "file_name": "/Jenkinsfile",
                "commit_date": "2019-11-14T12:08:50",
                "status": "modified",
                "first_commit": "2019-06-07T16:30:25",
                "last_commit": "2020-06-25T11:43:29",
                "CI_type": "Jenkins",
                "sha": "34f81bdca8cca5e766da8adb6bf16bfb6ef4d5dc"
            },
            {
                "file_name": "/Jenkinsfile",
                "commit_date": "2019-10-29T12:53:11",
                "status": "modified",
                "first_commit": "2019-06-07T16:30:25",
                "last_commit": "2020-06-25T11:43:29",
                "CI_type": "Jenkins",
                "sha": "95cac07f04b78d9b56d710a6a3c92ebb094e9df4"
            },
            {
                "file_name": "/Jenkinsfile",
                "commit_date": "2019-11-07T13:22:46",
                "status": "modified",
                "first_commit": "2019-06-07T16:30:25",
                "last_commit": "2020-06-25T11:43:29",
                "CI_type": "Jenkins",
                "sha": "f0dcb2d0dfb50aea55d0ae9c208b2a3e4f5e8b5c"
            },
            {
                "file_name": "/Jenkinsfile",
                "commit_date": "2019-10-21T12:46:11",
                "status": "modified",
                "first_commit": "2019-06-07T16:30:25",
                "last_commit": "2020-06-25T11:43:29",
                "CI_type": "Jenkins",
                "sha": "cecd96d24c5873ba501a3d4e3c5512646b29b526"
            },
            {
                "file_name": "/Jenkinsfile",
                "commit_date": "2019-10-19T12:08:09",
                "status": "modified",
                "first_commit": "2019-06-07T16:30:25",
                "last_commit": "2020-06-25T11:43:29",
                "CI_type": "Jenkins",
                "sha": "272df2dbf947de51176bf77ae4df84a2554d91ea"
            },
            {
                "file_name": "/Jenkinsfile",
                "commit_date": "2019-10-18T09:52:22",
                "status": "modified",
                "first_commit": "2019-06-07T16:30:25",
                "last_commit": "2020-06-25T11:43:29",
                "CI_type": "Jenkins",
                "sha": "3acb2ecde07a334d0004edd6de5eb1c77b264f24"
            },
            {
                "file_name": "/Jenkinsfile",
                "commit_date": "2019-10-18T09:44:10",
                "status": "modified",
                "first_commit": "2019-06-07T16:30:25",
                "last_commit": "2020-06-25T11:43:29",
                "CI_type": "Jenkins",
                "sha": "b8646b958f976cc66ef5c40930b8a8e0344dfd3f"
            },
            {
                "file_name": "/Jenkinsfile",
                "commit_date": "2019-10-18T08:34:42",
                "status": "modified",
                "first_commit": "2019-06-07T16:30:25",
                "last_commit": "2020-06-25T11:43:29",
                "CI_type": "Jenkins",
                "sha": "2e9fde49930f20befa71053c86d70d54a95a3090"
            },
            {
                "file_name": "/Jenkinsfile",
                "commit_date": "2019-10-16T06:13:54",
                "status": "modified",
                "first_commit": "2019-06-07T16:30:25",
                "last_commit": "2020-06-25T11:43:29",
                "CI_type": "Jenkins",
                "sha": "731246a38ba455ca5c9fc32395ff41d4d31c4c9d"
            },
            {
                "file_name": "/Jenkinsfile",
                "commit_date": "2019-10-16T14:37:52",
                "status": "modified",
                "first_commit": "2019-06-07T16:30:25",
                "last_commit": "2020-06-25T11:43:29",
                "CI_type": "Jenkins",
                "sha": "5555fe788d7214424c2eb136c9191e306520677a"
            },
            {
                "file_name": "/Jenkinsfile",
                "commit_date": "2019-10-16T14:37:52",
                "status": "modified",
                "first_commit": "2019-06-07T16:30:25",
                "last_commit": "2020-06-25T11:43:29",
                "CI_type": "Jenkins",
                "sha": "4604538704567dc4bec8e094f4595d13da9b6c11"
            },
            {
                "file_name": "/Jenkinsfile",
                "commit_date": "2019-10-14T18:18:25",
                "status": "modified",
                "first_commit": "2019-06-07T16:30:25",
                "last_commit": "2020-06-25T11:43:29",
                "CI_type": "Jenkins",
                "sha": "29d72ee658ffaf3963b1deb9fe4059d571f04ae5"
            },
            {
                "file_name": "/Jenkinsfile",
                "commit_date": "2019-10-10T06:51:11",
                "status": "modified",
                "first_commit": "2019-06-07T16:30:25",
                "last_commit": "2020-06-25T11:43:29",
                "CI_type": "Jenkins",
                "sha": "3440a54a21535f131fda82b8624c32a384af21f8"
            },
            {
                "file_name": "/Jenkinsfile",
                "commit_date": "2019-10-08T08:41:48",
                "status": "modified",
                "first_commit": "2019-06-07T16:30:25",
                "last_commit": "2020-06-25T11:43:29",
                "CI_type": "Jenkins",
                "sha": "e1151b36fea62cd0a9e68819025cddf84a23c010"
            },
            {
                "file_name": "/Jenkinsfile",
                "commit_date": "2019-10-03T18:36:48",
                "status": "modified",
                "first_commit": "2019-06-07T16:30:25",
                "last_commit": "2020-06-25T11:43:29",
                "CI_type": "Jenkins",
                "sha": "3470381904e08f177b412db13f4cad422284cdc5"
            },
            {
                "file_name": "/Jenkinsfile",
                "commit_date": "2019-10-03T10:23:58",
                "status": "modified",
                "first_commit": "2019-06-07T16:30:25",
                "last_commit": "2020-06-25T11:43:29",
                "CI_type": "Jenkins",
                "sha": "141de5c15218952da801f4635714b3478ed0e5b0"
            },
            {
                "file_name": "/Jenkinsfile",
                "commit_date": "2019-10-02T07:59:51",
                "status": "modified",
                "first_commit": "2019-06-07T16:30:25",
                "last_commit": "2020-06-25T11:43:29",
                "CI_type": "Jenkins",
                "sha": "2bbeede412ac304a28f7747a2b214e51bed5d895"
            },
            {
                "file_name": "/Jenkinsfile",
                "commit_date": "2019-09-30T07:51:16",
                "status": "modified",
                "first_commit": "2019-06-07T16:30:25",
                "last_commit": "2020-06-25T11:43:29",
                "CI_type": "Jenkins",
                "sha": "31833e1b00644e2f01233a49d7da2d9ae98ad6fd"
            },
            {
                "file_name": "/Jenkinsfile",
                "commit_date": "2019-09-26T16:13:16",
                "status": "modified",
                "first_commit": "2019-06-07T16:30:25",
                "last_commit": "2020-06-25T11:43:29",
                "CI_type": "Jenkins",
                "sha": "ac16aa9132c4ad7d44cede16d95f65359bbfcc55"
            },
            {
                "file_name": "/Jenkinsfile",
                "commit_date": "2019-09-26T16:13:16",
                "status": "modified",
                "first_commit": "2019-06-07T16:30:25",
                "last_commit": "2020-06-25T11:43:29",
                "CI_type": "Jenkins",
                "sha": "62fa63d488a902ba723e3ac54926894fbf2f15aa"
            },
            {
                "file_name": "/Jenkinsfile",
                "commit_date": "2019-09-25T09:42:22",
                "status": "modified",
                "first_commit": "2019-06-07T16:30:25",
                "last_commit": "2020-06-25T11:43:29",
                "CI_type": "Jenkins",
                "sha": "1e99c4c54f3f7fbe0b0ef826baad09cb7762f8f5"
            },
            {
                "file_name": "/Jenkinsfile",
                "commit_date": "2019-09-23T15:17:12",
                "status": "modified",
                "first_commit": "2019-06-07T16:30:25",
                "last_commit": "2020-06-25T11:43:29",
                "CI_type": "Jenkins",
                "sha": "3cc219701ed3df3f87e04539ad02b723135254ee"
            },
            {
                "file_name": "/Jenkinsfile",
                "commit_date": "2019-09-17T13:26:00",
                "status": "modified",
                "first_commit": "2019-06-07T16:30:25",
                "last_commit": "2020-06-25T11:43:29",
                "CI_type": "Jenkins",
                "sha": "902cd07e8971a8fd9d7ce6dfefa2bc2cc3e838ab"
            },
            {
                "file_name": "/Jenkinsfile",
                "commit_date": "2019-09-23T07:52:22",
                "status": "modified",
                "first_commit": "2019-06-07T16:30:25",
                "last_commit": "2020-06-25T11:43:29",
                "CI_type": "Jenkins",
                "sha": "1653eef998d5a12b58c58cf66e278ca49f38a115"
            },
            {
                "file_name": "/Jenkinsfile",
                "commit_date": "2019-09-20T12:45:33",
                "status": "modified",
                "first_commit": "2019-06-07T16:30:25",
                "last_commit": "2020-06-25T11:43:29",
                "CI_type": "Jenkins",
                "sha": "1244deaea212c2d36c77e1389b90cc51d14b4cca"
            },
            {
                "file_name": "/Jenkinsfile",
                "commit_date": "2019-07-19T15:26:39",
                "status": "modified",
                "first_commit": "2019-06-07T16:30:25",
                "last_commit": "2020-06-25T11:43:29",
                "CI_type": "Jenkins",
                "sha": "224971b5a2fa22cfe4405546d0073a39a0926ba1"
            },
            {
                "file_name": "/Jenkinsfile",
                "commit_date": "2019-07-23T07:32:25",
                "status": "modified",
                "first_commit": "2019-06-07T16:30:25",
                "last_commit": "2020-06-25T11:43:29",
                "CI_type": "Jenkins",
                "sha": "421f627857013a2496f6902b5cff9abf790bb967"
            },
            {
                "file_name": "/Jenkinsfile",
                "commit_date": "2019-07-19T15:48:38",
                "status": "modified",
                "first_commit": "2019-06-07T16:30:25",
                "last_commit": "2020-06-25T11:43:29",
                "CI_type": "Jenkins",
                "sha": "75f09f91095252183bc1a9fc6f4be5df945ac842"
            },
            {
                "file_name": "/Jenkinsfile",
                "commit_date": "2019-07-16T11:25:26",
                "status": "modified",
                "first_commit": "2019-06-07T16:30:25",
                "last_commit": "2020-06-25T11:43:29",
                "CI_type": "Jenkins",
                "sha": "7fd1a91d3c92a0d16901f016d11b2c1b43a04230"
            },
            {
                "file_name": "/Jenkinsfile",
                "commit_date": "2019-07-18T09:02:25",
                "status": "modified",
                "first_commit": "2019-06-07T16:30:25",
                "last_commit": "2020-06-25T11:43:29",
                "CI_type": "Jenkins",
                "sha": "d418e25a1989c7eb3aea7fe189e2dc1451d4f2e6"
            },
            {
                "file_name": "/Jenkinsfile",
                "commit_date": "2019-07-09T09:59:36",
                "status": "modified",
                "first_commit": "2019-06-07T16:30:25",
                "last_commit": "2020-06-25T11:43:29",
                "CI_type": "Jenkins",
                "sha": "32440980e2091e4b124d9e60670913e6189c3f80"
            },
            {
                "file_name": "/Jenkinsfile",
                "commit_date": "2019-07-01T11:40:50",
                "status": "modified",
                "first_commit": "2019-06-07T16:30:25",
                "last_commit": "2020-06-25T11:43:29",
                "CI_type": "Jenkins",
                "sha": "029025d0c6b956965a3ce2f04341b3270f3e1b8c"
            },
            {
                "file_name": "/Jenkinsfile",
                "commit_date": "2019-07-01T11:44:46",
                "status": "modified",
                "first_commit": "2019-06-07T16:30:25",
                "last_commit": "2020-06-25T11:43:29",
                "CI_type": "Jenkins",
                "sha": "38110096d7bfa423c3855bd474e9ddba85114e53"
            },
            {
                "file_name": "/Jenkinsfile",
                "commit_date": "2019-06-27T23:05:03",
                "status": "modified",
                "first_commit": "2019-06-07T16:30:25",
                "last_commit": "2020-06-25T11:43:29",
                "CI_type": "Jenkins",
                "sha": "1d01a776cf591b6f980339d81c9e7963be78f804"
            },
            {
                "file_name": "/Jenkinsfile",
                "commit_date": "2019-06-27T08:28:58",
                "status": "modified",
                "first_commit": "2019-06-07T16:30:25",
                "last_commit": "2020-06-25T11:43:29",
                "CI_type": "Jenkins",
                "sha": "0a0f2d42a38c14d841cdcf4a3505211a4a3c5498"
            },
            {
                "file_name": "/Jenkinsfile",
                "commit_date": "2019-06-26T13:23:10",
                "status": "modified",
                "first_commit": "2019-06-07T16:30:25",
                "last_commit": "2020-06-25T11:43:29",
                "CI_type": "Jenkins",
                "sha": "809ce39f883010248c4cf5305efca23c9db691fe"
            },
            {
                "file_name": "/Jenkinsfile",
                "commit_date": "2019-06-26T03:07:57",
                "status": "modified",
                "first_commit": "2019-06-07T16:30:25",
                "last_commit": "2020-06-25T11:43:29",
                "CI_type": "Jenkins",
                "sha": "0ecc6074a208f5006bbfa89c6e89fbf3c38fdc89"
            },
            {
                "file_name": "/Jenkinsfile",
                "commit_date": "2019-06-25T23:46:47",
                "status": "modified",
                "first_commit": "2019-06-07T16:30:25",
                "last_commit": "2020-06-25T11:43:29",
                "CI_type": "Jenkins",
                "sha": "b5504946fb90241abe7dedefcd14a4d800601f05"
            },
            {
                "file_name": "/Jenkinsfile",
                "commit_date": "2019-06-22T12:47:36",
                "status": "modified",
                "first_commit": "2019-06-07T16:30:25",
                "last_commit": "2020-06-25T11:43:29",
                "CI_type": "Jenkins",
                "sha": "2c6f764b8baea7a4628c9610644be05ff365cd11"
            },
            {
                "file_name": "/Jenkinsfile",
                "commit_date": "2019-06-21T19:01:59",
                "status": "modified",
                "first_commit": "2019-06-07T16:30:25",
                "last_commit": "2020-06-25T11:43:29",
                "CI_type": "Jenkins",
                "sha": "602e9603a6d936a8774c7f47ccb2205e92e65d93"
            },
            {
                "file_name": "/Jenkinsfile",
                "commit_date": "2019-06-21T08:05:02",
                "status": "modified",
                "first_commit": "2019-06-07T16:30:25",
                "last_commit": "2020-06-25T11:43:29",
                "CI_type": "Jenkins",
                "sha": "03020946ca3aa383967dec95e862b089d2958e39"
            },
            {
                "file_name": "/Jenkinsfile",
                "commit_date": "2019-06-21T06:19:04",
                "status": "modified",
                "first_commit": "2019-06-07T16:30:25",
                "last_commit": "2020-06-25T11:43:29",
                "CI_type": "Jenkins",
                "sha": "5fcf3bcf0c3a922bb2088dd68fff01fb60e21850"
            },
            {
                "file_name": "/Jenkinsfile",
                "commit_date": "2019-06-26T14:22:37",
                "status": "modified",
                "first_commit": "2019-06-07T16:30:25",
                "last_commit": "2020-06-25T11:43:29",
                "CI_type": "Jenkins",
                "sha": "6e2ceb6f5c503aebb762b7619d04f7b78286cf69"
            },
            {
                "file_name": "/Jenkinsfile",
                "commit_date": "2019-06-17T15:40:57",
                "status": "modified",
                "first_commit": "2019-06-07T16:30:25",
                "last_commit": "2020-06-25T11:43:29",
                "CI_type": "Jenkins",
                "sha": "8c8f6b643afcbf345391c53e10bc6e11e28644ed"
            },
            {
                "file_name": "/Jenkinsfile",
                "commit_date": "2019-06-13T07:24:24",
                "status": "modified",
                "first_commit": "2019-06-07T16:30:25",
                "last_commit": "2020-06-25T11:43:29",
                "CI_type": "Jenkins",
                "sha": "8056d905ff9f542424c3351f3be48bdde832689e"
            },
            {
                "file_name": "/Jenkinsfile",
                "commit_date": "2019-06-12T01:36:26",
                "status": "modified",
                "first_commit": "2019-06-07T16:30:25",
                "last_commit": "2020-06-25T11:43:29",
                "CI_type": "Jenkins",
                "sha": "50ac57adb8c1a589e74e0203afe6909119ead56d"
            },
            {
                "file_name": "/Jenkinsfile",
                "commit_date": "2019-06-12T01:04:06",
                "status": "modified",
                "first_commit": "2019-06-07T16:30:25",
                "last_commit": "2020-06-25T11:43:29",
                "CI_type": "Jenkins",
                "sha": "eb48a868051e6db5061381f714251bd9f4b6ee9d"
            },
            {
                "file_name": "/Jenkinsfile",
                "commit_date": "2019-06-07T16:30:25",
                "status": "added",
                "first_commit": "2019-06-07T16:30:25",
                "last_commit": "2020-06-25T11:43:29",
                "CI_type": "Jenkins",
                "sha": "e3d8f0d4ad55fdd99f7e648c85b7f4f89e8f81cf"
            }
        ]
    }
]