{
    "id": 34485656,
    "name": "pem",
    "full_name": "intel/pem",
    "org_name": "Intel Corporation",
    "org_id": 17888862,
    "created_at": "2015-04-23T22:49:39",
    "pushed_at": "2022-08-04T23:10:20",
    "updated_at": "2023-01-27T22:31:32",
    "isFork": false,
    "forks": 5,
    "forks_count": 5,
    "has_downloads": true,
    "has_issues": true,
    "has_pages": false,
    "has_projects": true,
    "has_wiki": true,
    "homepage": null,
    "language": "C++",
    "open_issues": 0,
    "open_issues_count": 0,
    "size": 89,
    "stargazers_count": 1,
    "subscribers_count": 11,
    "watchers": 1,
    "watchers_count": 1,
    "first_commit": "2014-12-18T12:08:19",
    "last_commit": "2022-08-04T23:04:36",
    "branches_count": 1,
    "commit_comments_count": 0,
    "commits_count": 56,
    "countributors_count": 2,
    "downloads_count": 0,
    "events_count": 0,
    "issues_count": 0,
    "labels_count": 7,
    "milestones_count": 0,
    "PR_count": 3,
    "open_PR_count": 0,
    "readme_size": 495,
    "release_count": 0,
    "topic_count": 0,
    "15_commits": 43,
    "16_commits": 9,
    "17_commits": 0,
    "18_commits": 0,
    "19_commits": 0,
    "20_commits": 0,
    "21_commits": 0,
    "22_commits": 1,
    "15_committer_num": 0,
    "16_committer_num": 0,
    "17_committer_num": 0,
    "18_committer_num": 0,
    "19_committer_num": 0,
    "20_committer_num": 0,
    "21_committer_num": 0,
    "22_committer_num": 1
}{
    "stargazer_date": {
        "36703025": "2019-03-01T08:49:32"
    }
}[
    {
        "GHA": {}
    },
    {
        "Travis": []
    },
    {
        "CircleCI": []
    },
    {
        "AppVeyor": []
    },
    {
        "Azure": []
    },
    {
        "GitLab": []
    },
    {
        "Jenkins": []
    }
]