{
    "id": 35425961,
    "name": "cordova-plugin-intel-xdk-multitouch",
    "full_name": "intel/cordova-plugin-intel-xdk-multitouch",
    "org_name": "Intel Corporation",
    "org_id": 17888862,
    "created_at": "2015-05-11T13:33:43",
    "pushed_at": "2022-08-04T23:01:32",
    "updated_at": "2023-01-27T22:31:35",
    "isFork": false,
    "forks": 3,
    "forks_count": 3,
    "has_downloads": true,
    "has_issues": true,
    "has_pages": false,
    "has_projects": true,
    "has_wiki": true,
    "homepage": null,
    "language": "JavaScript",
    "open_issues": 0,
    "open_issues_count": 0,
    "size": 43,
    "stargazers_count": 0,
    "subscribers_count": 7,
    "watchers": 0,
    "watchers_count": 0,
    "first_commit": "2015-05-11T13:33:44",
    "last_commit": "2022-08-04T22:55:49",
    "branches_count": 1,
    "commit_comments_count": 0,
    "commits_count": 9,
    "countributors_count": 3,
    "downloads_count": 0,
    "events_count": 0,
    "issues_count": 0,
    "labels_count": 7,
    "milestones_count": 0,
    "PR_count": 0,
    "open_PR_count": 0,
    "readme_size": 2482,
    "release_count": 0,
    "topic_count": 0,
    "15_commits": 7,
    "16_commits": 0,
    "17_commits": 1,
    "18_commits": 0,
    "19_commits": 0,
    "20_commits": 0,
    "21_commits": 0,
    "22_commits": 1,
    "15_committer_num": 2,
    "16_committer_num": 0,
    "17_committer_num": 1,
    "18_committer_num": 0,
    "19_committer_num": 0,
    "20_committer_num": 0,
    "21_committer_num": 0,
    "22_committer_num": 1
}{
    "stargazer_date": {}
}[
    {
        "GHA": {}
    },
    {
        "Travis": []
    },
    {
        "CircleCI": []
    },
    {
        "AppVeyor": []
    },
    {
        "Azure": []
    },
    {
        "GitLab": []
    },
    {
        "Jenkins": []
    }
]