{
    "id": 369681504,
    "name": "drivers.gpu.control-library",
    "full_name": "intel/drivers.gpu.control-library",
    "org_name": "Intel Corporation",
    "org_id": 17888862,
    "created_at": "2021-05-22T00:19:14",
    "pushed_at": "2023-03-10T04:26:07",
    "updated_at": "2023-03-09T08:12:52",
    "isFork": false,
    "forks": 10,
    "forks_count": 10,
    "has_downloads": true,
    "has_issues": true,
    "has_pages": true,
    "has_projects": true,
    "has_wiki": true,
    "homepage": "https://intel.github.io/drivers.gpu.control-library/",
    "language": "C",
    "open_issues": 9,
    "open_issues_count": 9,
    "size": 7669,
    "stargazers_count": 22,
    "subscribers_count": 5,
    "watchers": 22,
    "watchers_count": 22,
    "first_commit": "2021-07-29T19:26:12",
    "last_commit": "2023-03-10T04:26:02",
    "branches_count": 2,
    "commit_comments_count": 0,
    "commits_count": 38,
    "countributors_count": 4,
    "downloads_count": 0,
    "events_count": 57,
    "issues_count": 9,
    "labels_count": 9,
    "milestones_count": 0,
    "PR_count": 31,
    "open_PR_count": 1,
    "readme_size": 1073,
    "release_count": 0,
    "topic_count": 0,
    "15_commits": 0,
    "16_commits": 0,
    "17_commits": 0,
    "18_commits": 0,
    "19_commits": 0,
    "20_commits": 0,
    "21_commits": 10,
    "22_commits": 22,
    "15_committer_num": 0,
    "16_committer_num": 0,
    "17_committer_num": 0,
    "18_committer_num": 0,
    "19_committer_num": 0,
    "20_committer_num": 0,
    "21_committer_num": 3,
    "22_committer_num": 3
}{
    "stargazer_date": {
        "35744735": "2021-11-15T15:41:23",
        "7670749": "2021-12-09T05:57:50",
        "1349807": "2022-02-17T19:55:13",
        "72544717": "2022-03-02T14:30:06",
        "19232101": "2022-04-18T13:51:38",
        "49320148": "2022-04-21T17:38:05",
        "658538": "2022-05-03T20:56:55",
        "75637081": "2022-05-10T18:09:52",
        "25771235": "2022-06-07T09:05:16",
        "30285858": "2022-07-11T11:20:06",
        "63482355": "2022-08-14T08:04:02",
        "111076574": "2022-09-05T17:42:28",
        "90851087": "2022-09-06T05:00:05",
        "102839943": "2022-09-30T02:54:47",
        "22093190": "2022-11-02T14:30:59",
        "44974737": "2022-12-04T11:02:42",
        "43125192": "2022-12-05T05:54:52",
        "39102487": "2022-12-06T17:24:39",
        "5788791": "2022-12-20T19:26:17",
        "10331519": "2022-12-22T09:30:29",
        "2674477": "2023-01-20T19:23:02",
        "20888782": "2023-01-27T11:53:39"
    }
}[
    {
        "GHA": {}
    },
    {
        "Travis": []
    },
    {
        "CircleCI": []
    },
    {
        "AppVeyor": []
    },
    {
        "Azure": []
    },
    {
        "GitLab": []
    },
    {
        "Jenkins": []
    }
]