{
    "id": 393512085,
    "name": "GPGMM",
    "full_name": "intel/GPGMM",
    "org_name": "Intel Corporation",
    "org_id": 17888862,
    "created_at": "2021-08-06T21:53:21",
    "pushed_at": "2023-03-11T02:51:14",
    "updated_at": "2023-01-26T16:58:54",
    "isFork": false,
    "forks": 6,
    "forks_count": 6,
    "has_downloads": true,
    "has_issues": true,
    "has_pages": true,
    "has_projects": true,
    "has_wiki": true,
    "homepage": "",
    "language": "C++",
    "open_issues": 12,
    "open_issues_count": 12,
    "size": 14516,
    "stargazers_count": 17,
    "subscribers_count": 4,
    "watchers": 17,
    "watchers_count": 17,
    "first_commit": "2023-01-23T18:34:01",
    "last_commit": "2023-03-11T02:51:10",
    "branches_count": 4,
    "commit_comments_count": 0,
    "commits_count": 1576,
    "countributors_count": 2,
    "downloads_count": 0,
    "events_count": 236,
    "issues_count": 12,
    "labels_count": 18,
    "milestones_count": 0,
    "PR_count": 751,
    "open_PR_count": 1,
    "readme_size": 11360,
    "release_count": 9,
    "topic_count": 2,
    "15_commits": 0,
    "16_commits": 0,
    "17_commits": 0,
    "18_commits": 0,
    "19_commits": 0,
    "20_commits": 0,
    "21_commits": 391,
    "22_commits": 1036,
    "15_committer_num": 0,
    "16_committer_num": 0,
    "17_committer_num": 0,
    "18_committer_num": 0,
    "19_committer_num": 0,
    "20_committer_num": 0,
    "21_committer_num": 1,
    "22_committer_num": 2
}{
    "stargazer_date": {
        "218432": "2022-02-13T15:48:36",
        "93238608": "2022-04-21T05:36:01",
        "167209": "2022-04-22T18:19:25",
        "2009799": "2022-04-23T03:22:13",
        "12909": "2022-05-05T00:11:49",
        "15808629": "2022-06-14T02:07:21",
        "3663466": "2022-06-18T04:42:13",
        "63482355": "2022-08-14T07:21:36",
        "83685663": "2022-09-18T23:35:38",
        "18612159": "2022-09-26T06:16:06",
        "8026450": "2022-12-07T13:47:23",
        "4582426": "2022-12-13T17:29:44",
        "5788791": "2022-12-20T19:15:38",
        "111076574": "2022-12-30T13:53:45",
        "5116824": "2022-12-31T11:03:47",
        "77360387": "2023-01-26T16:58:54"
    }
}[
    {
        "GHA": [
            {
                "file_name": ".github/workflows/win_msvc_dbg_x64_cmake.yml",
                "commit_date": "2022-06-28T21:51:13",
                "status": null,
                "first_commit": "2021-10-20T22:46:00",
                "last_commit": "2022-06-28T21:51:13",
                "CI_type": "GHA",
                "sha": "cee27f412e5cef58d3432c77c95dd3fae5d63fa7"
            },
            {
                "file_name": ".github/workflows/win_msvc_dbg_x64_cmake.yml",
                "commit_date": "2022-06-21T20:21:12",
                "status": "modified",
                "first_commit": "2021-10-20T22:46:00",
                "last_commit": "2022-06-28T21:51:13",
                "CI_type": "GHA",
                "sha": "c6e2f97c6a5b6d5a6e04a7548bc0dbe65a8cfa65"
            },
            {
                "file_name": ".github/workflows/win_msvc_dbg_x64_cmake.yml",
                "commit_date": "2022-06-14T21:32:25",
                "status": "modified",
                "first_commit": "2021-10-20T22:46:00",
                "last_commit": "2022-06-28T21:51:13",
                "CI_type": "GHA",
                "sha": "92c674748b99e2ec030d8091cc9eda8c7af16aea"
            },
            {
                "file_name": ".github/workflows/win_msvc_dbg_x64_cmake.yml",
                "commit_date": "2022-06-13T23:59:03",
                "status": "modified",
                "first_commit": "2021-10-20T22:46:00",
                "last_commit": "2022-06-28T21:51:13",
                "CI_type": "GHA",
                "sha": "dface9eaf4a1c6e83824b40ffa49cac3825d70de"
            },
            {
                "file_name": ".github/workflows/win_msvc_dbg_x64_cmake.yml",
                "commit_date": "2022-06-13T17:39:42",
                "status": "modified",
                "first_commit": "2021-10-20T22:46:00",
                "last_commit": "2022-06-28T21:51:13",
                "CI_type": "GHA",
                "sha": "22c9e369e7db6ebeaf00de9cb17c14b00c5f9f22"
            },
            {
                "file_name": ".github/workflows/win_msvc_dbg_x64_cmake.yml",
                "commit_date": "2022-06-13T17:16:08",
                "status": "modified",
                "first_commit": "2021-10-20T22:46:00",
                "last_commit": "2022-06-28T21:51:13",
                "CI_type": "GHA",
                "sha": "3a0efdf1adea9a471ec0bbc0716ca1d55b613a66"
            },
            {
                "file_name": ".github/workflows/win_msvc_dbg_x64_cmake.yml",
                "commit_date": "2022-06-11T04:19:09",
                "status": "modified",
                "first_commit": "2021-10-20T22:46:00",
                "last_commit": "2022-06-28T21:51:13",
                "CI_type": "GHA",
                "sha": "78979424d93402ff21fbad7d46991ad429ad0bd0"
            },
            {
                "file_name": ".github/workflows/win_msvc_dbg_x64_cmake.yml",
                "commit_date": "2022-06-10T21:40:12",
                "status": "modified",
                "first_commit": "2021-10-20T22:46:00",
                "last_commit": "2022-06-28T21:51:13",
                "CI_type": "GHA",
                "sha": "8768a7b7e7099d4329cd474bb4e11ccf58631b34"
            },
            {
                "file_name": ".github/workflows/win_msvc_dbg_x64_cmake.yml",
                "commit_date": "2022-06-10T21:06:45",
                "status": "modified",
                "first_commit": "2021-10-20T22:46:00",
                "last_commit": "2022-06-28T21:51:13",
                "CI_type": "GHA",
                "sha": "91cbd8de7880f2cf85563ce0df97af5149b455d3"
            },
            {
                "file_name": ".github/workflows/win_msvc_dbg_x64_cmake.yml",
                "commit_date": "2022-06-09T21:55:21",
                "status": "modified",
                "first_commit": "2021-10-20T22:46:00",
                "last_commit": "2022-06-28T21:51:13",
                "CI_type": "GHA",
                "sha": "21fda899dce639dd12288f284ce3655e69b0c686"
            },
            {
                "file_name": ".github/workflows/win_msvc_dbg_x64_cmake.yml",
                "commit_date": "2022-06-09T19:48:01",
                "status": "modified",
                "first_commit": "2021-10-20T22:46:00",
                "last_commit": "2022-06-28T21:51:13",
                "CI_type": "GHA",
                "sha": "522ed9956e23fa7d6dfb7ffd46683c02d745cc75"
            },
            {
                "file_name": ".github/workflows/win_msvc_dbg_x64_cmake.yml",
                "commit_date": "2022-04-30T00:27:24",
                "status": "modified",
                "first_commit": "2021-10-20T22:46:00",
                "last_commit": "2022-06-28T21:51:13",
                "CI_type": "GHA",
                "sha": "d9d34dc269e6860408f4fe4878775d4c12ee36a4"
            },
            {
                "file_name": ".github/workflows/win_msvc_dbg_x64_cmake.yml",
                "commit_date": "2022-02-16T19:21:18",
                "status": "modified",
                "first_commit": "2021-10-20T22:46:00",
                "last_commit": "2022-06-28T21:51:13",
                "CI_type": "GHA",
                "sha": "06731a281e10bde52dc3c795b38147d9ce9c299f"
            },
            {
                "file_name": ".github/workflows/win_msvc_dbg_x64_cmake.yml",
                "commit_date": "2021-12-20T17:24:13",
                "status": "modified",
                "first_commit": "2021-10-20T22:46:00",
                "last_commit": "2022-06-28T21:51:13",
                "CI_type": "GHA",
                "sha": "4fe22661736fe49ebf7f166a08c91270203cd4ce"
            },
            {
                "file_name": ".github/workflows/win_msvc_dbg_x64_cmake.yml",
                "commit_date": "2021-10-20T22:46:00",
                "status": "added",
                "first_commit": "2021-10-20T22:46:00",
                "last_commit": "2022-06-28T21:51:13",
                "CI_type": "GHA",
                "sha": "0c92fec2ee9acf1346c121e87faa4be9664f9e17"
            },
            {
                "file_name": ".github/workflows/linux_pr_labeler.yml",
                "commit_date": "2022-07-29T22:13:43",
                "status": "modified",
                "first_commit": "2022-06-13T17:34:37",
                "last_commit": "2022-07-29T22:13:43",
                "CI_type": "GHA",
                "sha": "344ac3ef458bc9746c6b5e98f0a515beba035bde"
            },
            {
                "file_name": ".github/workflows/linux_pr_labeler.yml",
                "commit_date": "2022-07-29T21:06:34",
                "status": "modified",
                "first_commit": "2022-06-13T17:34:37",
                "last_commit": "2022-07-29T22:13:43",
                "CI_type": "GHA",
                "sha": "4855575c4c17d7dacec2acea2e289ea4b63f305a"
            },
            {
                "file_name": ".github/workflows/linux_pr_labeler.yml",
                "commit_date": "2022-06-13T17:34:37",
                "status": "renamed",
                "first_commit": "2022-06-13T17:34:37",
                "last_commit": "2022-07-29T22:13:43",
                "CI_type": "GHA",
                "sha": "692dd5ef5ef8492b670483504f2d61375b96eef2"
            },
            {
                "file_name": ".github/workflows/labeler.yml",
                "commit_date": "2022-06-13T17:34:37",
                "status": null,
                "first_commit": "2022-05-12T23:19:42",
                "last_commit": "2022-06-13T17:34:37",
                "CI_type": "GHA",
                "sha": "692dd5ef5ef8492b670483504f2d61375b96eef2"
            },
            {
                "file_name": ".github/workflows/labeler.yml",
                "commit_date": "2022-05-12T23:19:42",
                "status": "added",
                "first_commit": "2022-05-12T23:19:42",
                "last_commit": "2022-06-13T17:34:37",
                "CI_type": "GHA",
                "sha": "c984ad837be542329779a4f322bea37cb6d01d39"
            }
        ]
    },
    {
        "Travis": []
    },
    {
        "CircleCI": []
    },
    {
        "AppVeyor": []
    },
    {
        "Azure": []
    },
    {
        "GitLab": []
    },
    {
        "Jenkins": []
    }
]