{
    "id": 39856779,
    "name": "umf",
    "full_name": "intel/umf",
    "org_name": "Intel Corporation",
    "org_id": 17888862,
    "created_at": "2015-07-28T20:42:42",
    "pushed_at": "2023-01-07T00:07:18",
    "updated_at": "2023-01-24T22:04:55",
    "isFork": false,
    "forks": 20,
    "forks_count": 20,
    "has_downloads": true,
    "has_issues": true,
    "has_pages": true,
    "has_projects": true,
    "has_wiki": true,
    "homepage": "http://01org.github.io/umf/",
    "language": "C++",
    "open_issues": 0,
    "open_issues_count": 0,
    "size": 70337,
    "stargazers_count": 22,
    "subscribers_count": 18,
    "watchers": 22,
    "watchers_count": 22,
    "first_commit": "2016-04-19T16:16:32",
    "last_commit": "2023-01-07T00:07:15",
    "branches_count": 5,
    "commit_comments_count": 0,
    "commits_count": 763,
    "countributors_count": 11,
    "downloads_count": 0,
    "events_count": 1,
    "issues_count": 0,
    "labels_count": 7,
    "milestones_count": 0,
    "PR_count": 10,
    "open_PR_count": 0,
    "readme_size": 1944,
    "release_count": 2,
    "topic_count": 0,
    "15_commits": 54,
    "16_commits": 702,
    "17_commits": 2,
    "18_commits": 0,
    "19_commits": 4,
    "20_commits": 0,
    "21_commits": 0,
    "22_commits": 0,
    "15_committer_num": 4,
    "16_committer_num": 8,
    "17_committer_num": 2,
    "18_committer_num": 0,
    "19_committer_num": 2,
    "20_committer_num": 0,
    "21_committer_num": 0,
    "22_committer_num": 0
}{
    "stargazer_date": {
        "175326": "2015-09-15T15:55:18",
        "3673076": "2015-12-02T21:55:43",
        "3293600": "2016-01-28T09:14:22",
        "232156": "2016-03-04T00:40:14",
        "582902": "2016-03-23T05:40:48",
        "378969": "2016-07-23T06:51:03",
        "1712344": "2016-09-14T18:58:45",
        "11721692": "2016-10-04T16:14:14",
        "15024818": "2016-10-18T06:35:27",
        "1110665": "2017-01-30T18:27:45",
        "24416962": "2017-04-19T12:04:29",
        "18208518": "2017-08-25T05:04:19",
        "545298": "2018-03-09T13:44:06",
        "7850039": "2018-09-26T09:41:19",
        "8662447": "2019-01-19T05:15:35",
        "5788791": "2019-03-17T18:05:12",
        "505555": "2019-05-29T05:13:25",
        "20082734": "2019-11-23T15:32:28",
        "46952383": "2020-03-20T11:22:14",
        "24563951": "2020-04-21T15:19:29",
        "110278648": "2023-01-24T22:04:55"
    }
}[
    {
        "GHA": {}
    },
    {
        "Travis": [
            {
                "file_name": "/.travis.yml",
                "commit_date": "2016-06-08T09:04:49",
                "status": "modified",
                "first_commit": "2015-11-17T11:52:35",
                "last_commit": "2016-06-08T09:04:49",
                "CI_type": "Travis",
                "sha": "f3967acf6191bfcba4b292b0f55e65205399d456"
            },
            {
                "file_name": "/.travis.yml",
                "commit_date": "2016-06-07T21:16:49",
                "status": "modified",
                "first_commit": "2015-11-17T11:52:35",
                "last_commit": "2016-06-08T09:04:49",
                "CI_type": "Travis",
                "sha": "f78f4c4d42a7a8ae71aca899d68ee8d1afa7f022"
            },
            {
                "file_name": "/.travis.yml",
                "commit_date": "2016-06-07T21:10:14",
                "status": "modified",
                "first_commit": "2015-11-17T11:52:35",
                "last_commit": "2016-06-08T09:04:49",
                "CI_type": "Travis",
                "sha": "b88385fbbc78967cd2330b7c0b3ffff62aa8233c"
            },
            {
                "file_name": "/.travis.yml",
                "commit_date": "2016-06-07T21:03:49",
                "status": "modified",
                "first_commit": "2015-11-17T11:52:35",
                "last_commit": "2016-06-08T09:04:49",
                "CI_type": "Travis",
                "sha": "721cc68aee2e10493a8ebdf505aef5783e2f3285"
            },
            {
                "file_name": "/.travis.yml",
                "commit_date": "2016-06-07T20:57:18",
                "status": "modified",
                "first_commit": "2015-11-17T11:52:35",
                "last_commit": "2016-06-08T09:04:49",
                "CI_type": "Travis",
                "sha": "0868d2babbc1d2d5c408de097a7cccadf6ba4c52"
            },
            {
                "file_name": "/.travis.yml",
                "commit_date": "2016-06-07T20:30:51",
                "status": "modified",
                "first_commit": "2015-11-17T11:52:35",
                "last_commit": "2016-06-08T09:04:49",
                "CI_type": "Travis",
                "sha": "a5b6a4bd4eb44a00887ca9fce40a3d86c1964280"
            },
            {
                "file_name": "/.travis.yml",
                "commit_date": "2016-06-07T20:02:22",
                "status": "modified",
                "first_commit": "2015-11-17T11:52:35",
                "last_commit": "2016-06-08T09:04:49",
                "CI_type": "Travis",
                "sha": "de124077838962fc76f1d60d57c5ab24a681f739"
            },
            {
                "file_name": "/.travis.yml",
                "commit_date": "2016-06-07T19:56:17",
                "status": "modified",
                "first_commit": "2015-11-17T11:52:35",
                "last_commit": "2016-06-08T09:04:49",
                "CI_type": "Travis",
                "sha": "4d9d72b814422a30245722b99583fae5d2f55b8c"
            },
            {
                "file_name": "/.travis.yml",
                "commit_date": "2016-03-16T12:05:30",
                "status": "modified",
                "first_commit": "2015-11-17T11:52:35",
                "last_commit": "2016-06-08T09:04:49",
                "CI_type": "Travis",
                "sha": "d93a8e62baecb083acd0aacb6116c26ab94af7f4"
            },
            {
                "file_name": "/.travis.yml",
                "commit_date": "2016-03-10T10:47:37",
                "status": "modified",
                "first_commit": "2015-11-17T11:52:35",
                "last_commit": "2016-06-08T09:04:49",
                "CI_type": "Travis",
                "sha": "88962babb0060003873f95b7afd16098a27a635e"
            },
            {
                "file_name": "/.travis.yml",
                "commit_date": "2016-03-04T21:13:42",
                "status": "modified",
                "first_commit": "2015-11-17T11:52:35",
                "last_commit": "2016-06-08T09:04:49",
                "CI_type": "Travis",
                "sha": "8b6ef0af739baf32ea8a906d41a70f3633ea776e"
            },
            {
                "file_name": "/.travis.yml",
                "commit_date": "2016-03-03T08:39:16",
                "status": "modified",
                "first_commit": "2015-11-17T11:52:35",
                "last_commit": "2016-06-08T09:04:49",
                "CI_type": "Travis",
                "sha": "72da34e529cc9d6c3efbe6f953f9899f06acbaee"
            },
            {
                "file_name": "/.travis.yml",
                "commit_date": "2016-03-02T15:54:39",
                "status": "modified",
                "first_commit": "2015-11-17T11:52:35",
                "last_commit": "2016-06-08T09:04:49",
                "CI_type": "Travis",
                "sha": "dd56e2d397ff3df252e0707b3c8f9e97c4a7b115"
            },
            {
                "file_name": "/.travis.yml",
                "commit_date": "2016-03-02T13:53:13",
                "status": "modified",
                "first_commit": "2015-11-17T11:52:35",
                "last_commit": "2016-06-08T09:04:49",
                "CI_type": "Travis",
                "sha": "1146d15c99aaaafe488eee07663da2133346b4a4"
            },
            {
                "file_name": "/.travis.yml",
                "commit_date": "2016-02-24T11:23:55",
                "status": "modified",
                "first_commit": "2015-11-17T11:52:35",
                "last_commit": "2016-06-08T09:04:49",
                "CI_type": "Travis",
                "sha": "52fc9df5d7979b9c89df7f81935d8369250b8fa8"
            },
            {
                "file_name": "/.travis.yml",
                "commit_date": "2016-02-19T10:38:06",
                "status": "modified",
                "first_commit": "2015-11-17T11:52:35",
                "last_commit": "2016-06-08T09:04:49",
                "CI_type": "Travis",
                "sha": "832367f853e93623bd2ee4412aa82fcf357176f7"
            },
            {
                "file_name": "/.travis.yml",
                "commit_date": "2016-02-05T12:28:37",
                "status": "modified",
                "first_commit": "2015-11-17T11:52:35",
                "last_commit": "2016-06-08T09:04:49",
                "CI_type": "Travis",
                "sha": "2ce9e3b9e407494ec5755f05d6484f738aade925"
            },
            {
                "file_name": "/.travis.yml",
                "commit_date": "2016-02-05T10:44:28",
                "status": "modified",
                "first_commit": "2015-11-17T11:52:35",
                "last_commit": "2016-06-08T09:04:49",
                "CI_type": "Travis",
                "sha": "e8468ea63a531e33ba5bc4596d74b0051206dd56"
            },
            {
                "file_name": "/.travis.yml",
                "commit_date": "2016-02-04T09:42:35",
                "status": "modified",
                "first_commit": "2015-11-17T11:52:35",
                "last_commit": "2016-06-08T09:04:49",
                "CI_type": "Travis",
                "sha": "48b00a2b14083fd4da45ab3062e83100aa2e97d2"
            },
            {
                "file_name": "/.travis.yml",
                "commit_date": "2016-02-18T13:41:06",
                "status": "modified",
                "first_commit": "2015-11-17T11:52:35",
                "last_commit": "2016-06-08T09:04:49",
                "CI_type": "Travis",
                "sha": "3ce9947f0e09d2b593480483b70e456da055f749"
            },
            {
                "file_name": "/.travis.yml",
                "commit_date": "2016-02-18T10:04:48",
                "status": "modified",
                "first_commit": "2015-11-17T11:52:35",
                "last_commit": "2016-06-08T09:04:49",
                "CI_type": "Travis",
                "sha": "a5cd3b873757a34b0d2a45f6904b48b7b6476721"
            },
            {
                "file_name": "/.travis.yml",
                "commit_date": "2016-02-17T15:18:58",
                "status": "modified",
                "first_commit": "2015-11-17T11:52:35",
                "last_commit": "2016-06-08T09:04:49",
                "CI_type": "Travis",
                "sha": "37077ff566d7bbe1d09b7b6e8f8eec81150fcc6a"
            },
            {
                "file_name": "/.travis.yml",
                "commit_date": "2016-02-17T10:27:51",
                "status": "modified",
                "first_commit": "2015-11-17T11:52:35",
                "last_commit": "2016-06-08T09:04:49",
                "CI_type": "Travis",
                "sha": "496c407fe05bf7136084d816643ca8c5439d9b16"
            },
            {
                "file_name": "/.travis.yml",
                "commit_date": "2016-02-17T10:16:56",
                "status": "modified",
                "first_commit": "2015-11-17T11:52:35",
                "last_commit": "2016-06-08T09:04:49",
                "CI_type": "Travis",
                "sha": "7af6640ab4c07680a07216919e3ed71631827ad4"
            },
            {
                "file_name": "/.travis.yml",
                "commit_date": "2016-02-16T15:33:26",
                "status": "modified",
                "first_commit": "2015-11-17T11:52:35",
                "last_commit": "2016-06-08T09:04:49",
                "CI_type": "Travis",
                "sha": "4a1598da1cd32c93a248907175422da5019aa6a5"
            },
            {
                "file_name": "/.travis.yml",
                "commit_date": "2016-02-12T15:02:31",
                "status": "modified",
                "first_commit": "2015-11-17T11:52:35",
                "last_commit": "2016-06-08T09:04:49",
                "CI_type": "Travis",
                "sha": "7b283f3dff8169ee8a2b1a890bd78f1992347aaf"
            },
            {
                "file_name": "/.travis.yml",
                "commit_date": "2016-02-05T09:02:51",
                "status": "modified",
                "first_commit": "2015-11-17T11:52:35",
                "last_commit": "2016-06-08T09:04:49",
                "CI_type": "Travis",
                "sha": "100825c0627d340934b78886289bb73ef97b2d93"
            },
            {
                "file_name": "/.travis.yml",
                "commit_date": "2016-02-04T14:45:45",
                "status": "modified",
                "first_commit": "2015-11-17T11:52:35",
                "last_commit": "2016-06-08T09:04:49",
                "CI_type": "Travis",
                "sha": "3d6b02fe38f1ee8170989d8d5a3cfd5f92e2b0cd"
            },
            {
                "file_name": "/.travis.yml",
                "commit_date": "2016-02-04T14:01:53",
                "status": "modified",
                "first_commit": "2015-11-17T11:52:35",
                "last_commit": "2016-06-08T09:04:49",
                "CI_type": "Travis",
                "sha": "003ff4b1f948a784bb51a4ffab6acf9d5be2b2c4"
            },
            {
                "file_name": "/.travis.yml",
                "commit_date": "2016-02-01T13:18:55",
                "status": "modified",
                "first_commit": "2015-11-17T11:52:35",
                "last_commit": "2016-06-08T09:04:49",
                "CI_type": "Travis",
                "sha": "8a3e7f4732098aab57cb87aa08276dd601a23ee7"
            },
            {
                "file_name": "/.travis.yml",
                "commit_date": "2015-12-25T15:16:06",
                "status": "modified",
                "first_commit": "2015-11-17T11:52:35",
                "last_commit": "2016-06-08T09:04:49",
                "CI_type": "Travis",
                "sha": "8b30b94f2e9ef2b8e7ef26b1486528be27ea2e09"
            },
            {
                "file_name": "/.travis.yml",
                "commit_date": "2015-12-25T14:44:46",
                "status": "modified",
                "first_commit": "2015-11-17T11:52:35",
                "last_commit": "2016-06-08T09:04:49",
                "CI_type": "Travis",
                "sha": "db8ff2435da500eca7717dcddbdbfaf7be1a0f52"
            },
            {
                "file_name": "/.travis.yml",
                "commit_date": "2015-12-25T13:52:55",
                "status": "modified",
                "first_commit": "2015-11-17T11:52:35",
                "last_commit": "2016-06-08T09:04:49",
                "CI_type": "Travis",
                "sha": "0acb30e2d54d6bf5c9c8e4f7952e3da4cd5db2ea"
            },
            {
                "file_name": "/.travis.yml",
                "commit_date": "2015-12-25T12:14:40",
                "status": "modified",
                "first_commit": "2015-11-17T11:52:35",
                "last_commit": "2016-06-08T09:04:49",
                "CI_type": "Travis",
                "sha": "13b7cc4460c98d8392626e9a3922350ab10cce0f"
            },
            {
                "file_name": "/.travis.yml",
                "commit_date": "2015-11-17T11:52:35",
                "status": "added",
                "first_commit": "2015-11-17T11:52:35",
                "last_commit": "2016-06-08T09:04:49",
                "CI_type": "Travis",
                "sha": "ce1df0568607b98c0c93a46eda6efd96662fb51f"
            }
        ]
    },
    {
        "CircleCI": []
    },
    {
        "AppVeyor": [
            {
                "file_name": "/appveyor.yml",
                "commit_date": "2016-08-18T17:18:12",
                "status": "modified",
                "first_commit": "2015-12-28T10:58:05",
                "last_commit": "2016-08-18T17:18:12",
                "CI_type": "AppVeyor",
                "sha": "1c57c9f1275e5c56895cefcf9fd2c9d1c9cf2263"
            },
            {
                "file_name": "/appveyor.yml",
                "commit_date": "2016-06-08T09:04:49",
                "status": "modified",
                "first_commit": "2015-12-28T10:58:05",
                "last_commit": "2016-08-18T17:18:12",
                "CI_type": "AppVeyor",
                "sha": "f3967acf6191bfcba4b292b0f55e65205399d456"
            },
            {
                "file_name": "/appveyor.yml",
                "commit_date": "2016-02-05T12:28:37",
                "status": "modified",
                "first_commit": "2015-12-28T10:58:05",
                "last_commit": "2016-08-18T17:18:12",
                "CI_type": "AppVeyor",
                "sha": "2ce9e3b9e407494ec5755f05d6484f738aade925"
            },
            {
                "file_name": "/appveyor.yml",
                "commit_date": "2016-02-05T12:22:27",
                "status": "modified",
                "first_commit": "2015-12-28T10:58:05",
                "last_commit": "2016-08-18T17:18:12",
                "CI_type": "AppVeyor",
                "sha": "c15d2c73d9e189362ab9aa7818c084af75e87a92"
            },
            {
                "file_name": "/appveyor.yml",
                "commit_date": "2016-02-05T11:58:09",
                "status": "modified",
                "first_commit": "2015-12-28T10:58:05",
                "last_commit": "2016-08-18T17:18:12",
                "CI_type": "AppVeyor",
                "sha": "d354e5f027aa3eaee64ccbdf473e93732dfb73b6"
            },
            {
                "file_name": "/appveyor.yml",
                "commit_date": "2015-12-29T12:49:04",
                "status": "modified",
                "first_commit": "2015-12-28T10:58:05",
                "last_commit": "2016-08-18T17:18:12",
                "CI_type": "AppVeyor",
                "sha": "ac7e2f319f11be61e9e44d166464afdcc16c7407"
            },
            {
                "file_name": "/appveyor.yml",
                "commit_date": "2015-12-28T14:48:45",
                "status": "modified",
                "first_commit": "2015-12-28T10:58:05",
                "last_commit": "2016-08-18T17:18:12",
                "CI_type": "AppVeyor",
                "sha": "7b0bfe2e479663668a0f9a572da1cd8ccea6f490"
            },
            {
                "file_name": "/appveyor.yml",
                "commit_date": "2015-12-28T12:57:58",
                "status": "modified",
                "first_commit": "2015-12-28T10:58:05",
                "last_commit": "2016-08-18T17:18:12",
                "CI_type": "AppVeyor",
                "sha": "634b01ee1521ab1aec4480eae066572259466e41"
            },
            {
                "file_name": "/appveyor.yml",
                "commit_date": "2015-12-28T10:58:05",
                "status": "added",
                "first_commit": "2015-12-28T10:58:05",
                "last_commit": "2016-08-18T17:18:12",
                "CI_type": "AppVeyor",
                "sha": "07ea3941a11a19aa8f856d688cf6a85b12ef71b2"
            }
        ]
    },
    {
        "Azure": []
    },
    {
        "GitLab": []
    },
    {
        "Jenkins": []
    }
]