{
    "id": 400058015,
    "name": "conversational-ai-chatbot",
    "full_name": "intel/conversational-ai-chatbot",
    "org_name": "Intel Corporation",
    "org_id": 17888862,
    "created_at": "2021-08-26T06:00:43",
    "pushed_at": "2023-02-20T07:21:32",
    "updated_at": "2023-03-11T06:35:35",
    "isFork": false,
    "forks": 14,
    "forks_count": 14,
    "has_downloads": true,
    "has_issues": true,
    "has_pages": false,
    "has_projects": true,
    "has_wiki": true,
    "homepage": "",
    "language": "Python",
    "open_issues": 2,
    "open_issues_count": 2,
    "size": 3163,
    "stargazers_count": 33,
    "subscribers_count": 6,
    "watchers": 33,
    "watchers_count": 33,
    "first_commit": "2021-09-09T08:32:05",
    "last_commit": "2023-01-25T21:51:20",
    "branches_count": 3,
    "commit_comments_count": 0,
    "commits_count": 19,
    "countributors_count": 6,
    "downloads_count": 0,
    "events_count": 34,
    "issues_count": 2,
    "labels_count": 10,
    "milestones_count": 0,
    "PR_count": 24,
    "open_PR_count": 2,
    "readme_size": 10976,
    "release_count": 2,
    "topic_count": 0,
    "15_commits": 0,
    "16_commits": 0,
    "17_commits": 0,
    "18_commits": 0,
    "19_commits": 0,
    "20_commits": 0,
    "21_commits": 7,
    "22_commits": 10,
    "15_committer_num": 0,
    "16_committer_num": 0,
    "17_committer_num": 0,
    "18_committer_num": 0,
    "19_committer_num": 0,
    "20_committer_num": 0,
    "21_committer_num": 2,
    "22_committer_num": 3
}{
    "stargazer_date": {
        "133825": "2021-09-09T17:46:24",
        "7581178": "2021-11-22T18:54:08",
        "61110597": "2022-01-14T18:27:10",
        "12206971": "2022-01-15T17:22:02",
        "13435700": "2022-01-20T13:14:40",
        "5264558": "2022-02-21T23:16:10",
        "84003772": "2022-03-23T16:46:29",
        "99833721": "2022-03-31T21:25:46",
        "76068537": "2022-05-01T10:28:15",
        "87167": "2022-05-31T01:29:33",
        "3424344": "2022-06-08T08:54:06",
        "89313227": "2022-06-19T10:35:41",
        "75070811": "2022-07-01T06:36:24",
        "10574966": "2022-08-02T07:08:03",
        "78961713": "2022-08-18T10:43:31",
        "33723412": "2022-09-05T11:15:40",
        "101062881": "2022-09-21T06:24:34",
        "43998497": "2022-11-08T04:32:40",
        "27599708": "2022-11-11T19:31:32",
        "107746339": "2022-11-15T01:12:06",
        "6848680": "2022-11-24T07:09:06",
        "62604996": "2022-11-30T15:21:49",
        "105571254": "2022-12-05T18:32:04",
        "29976962": "2022-12-07T07:02:25",
        "84441419": "2022-12-30T02:04:29",
        "9798125": "2022-12-30T03:18:41",
        "16394467": "2023-01-07T06:02:05",
        "7883619": "2023-01-25T07:46:20",
        "28962947": "2023-02-09T07:28:21",
        "5356331": "2023-02-20T06:56:49",
        "46652518": "2023-03-08T13:09:05",
        "118161253": "2023-03-09T04:15:34",
        "126064413": "2023-03-11T06:35:35"
    }
}[
    {
        "GHA": {}
    },
    {
        "Travis": []
    },
    {
        "CircleCI": []
    },
    {
        "AppVeyor": []
    },
    {
        "Azure": []
    },
    {
        "GitLab": []
    },
    {
        "Jenkins": []
    }
]