{
    "id": 401810335,
    "name": "ivsc-driver",
    "full_name": "intel/ivsc-driver",
    "org_name": "Intel Corporation",
    "org_id": 17888862,
    "created_at": "2021-08-31T18:47:57",
    "pushed_at": "2023-03-10T08:00:12",
    "updated_at": "2023-02-20T16:57:32",
    "isFork": false,
    "forks": 7,
    "forks_count": 7,
    "has_downloads": true,
    "has_issues": true,
    "has_pages": false,
    "has_projects": true,
    "has_wiki": true,
    "homepage": null,
    "language": "C",
    "open_issues": 5,
    "open_issues_count": 5,
    "size": 85,
    "stargazers_count": 7,
    "subscribers_count": 7,
    "watchers": 7,
    "watchers_count": 7,
    "first_commit": "2021-09-17T14:40:48",
    "last_commit": "2023-03-09T17:59:08",
    "branches_count": 9,
    "commit_comments_count": 0,
    "commits_count": 36,
    "countributors_count": 5,
    "downloads_count": 0,
    "events_count": 9,
    "issues_count": 5,
    "labels_count": 9,
    "milestones_count": 0,
    "PR_count": 28,
    "open_PR_count": 3,
    "readme_size": 4101,
    "release_count": 0,
    "topic_count": 0,
    "15_commits": 0,
    "16_commits": 0,
    "17_commits": 0,
    "18_commits": 0,
    "19_commits": 0,
    "20_commits": 0,
    "21_commits": 15,
    "22_commits": 19,
    "15_committer_num": 0,
    "16_committer_num": 0,
    "17_committer_num": 0,
    "18_committer_num": 0,
    "19_committer_num": 0,
    "20_committer_num": 0,
    "21_committer_num": 2,
    "22_committer_num": 5
}{
    "stargazer_date": {
        "13471055": "2021-09-17T07:30:34",
        "104197590": "2022-05-16T17:32:31",
        "87625727": "2022-05-26T01:33:35",
        "84173803": "2022-08-09T09:03:54",
        "27758942": "2022-10-02T21:07:51",
        "13800794": "2022-10-25T08:05:39",
        "9583775": "2023-02-20T16:57:32"
    }
}[
    {
        "GHA": {}
    },
    {
        "Travis": []
    },
    {
        "CircleCI": []
    },
    {
        "AppVeyor": []
    },
    {
        "Azure": []
    },
    {
        "GitLab": []
    },
    {
        "Jenkins": []
    }
]