{
    "id": 40936968,
    "name": "android-iio-sensors-hal",
    "full_name": "intel/android-iio-sensors-hal",
    "org_name": "Intel Corporation",
    "org_id": 17888862,
    "created_at": "2015-08-17T23:29:46",
    "pushed_at": "2022-08-04T23:11:29",
    "updated_at": "2023-01-27T22:31:33",
    "isFork": false,
    "forks": 42,
    "forks_count": 42,
    "has_downloads": true,
    "has_issues": true,
    "has_pages": false,
    "has_projects": true,
    "has_wiki": true,
    "homepage": null,
    "language": "C",
    "open_issues": 3,
    "open_issues_count": 3,
    "size": 696,
    "stargazers_count": 35,
    "subscribers_count": 19,
    "watchers": 35,
    "watchers_count": 35,
    "first_commit": "2015-01-29T10:20:33",
    "last_commit": "2022-08-04T23:05:45",
    "branches_count": 1,
    "commit_comments_count": 0,
    "commits_count": 412,
    "countributors_count": 8,
    "downloads_count": 0,
    "events_count": 1,
    "issues_count": 3,
    "labels_count": 7,
    "milestones_count": 0,
    "PR_count": 2,
    "open_PR_count": 2,
    "readme_size": 495,
    "release_count": 0,
    "topic_count": 0,
    "15_commits": 117,
    "16_commits": 0,
    "17_commits": 0,
    "18_commits": 0,
    "19_commits": 0,
    "20_commits": 0,
    "21_commits": 0,
    "22_commits": 1,
    "15_committer_num": 4,
    "16_committer_num": 0,
    "17_committer_num": 0,
    "18_committer_num": 0,
    "19_committer_num": 0,
    "20_committer_num": 0,
    "21_committer_num": 0,
    "22_committer_num": 1
}{
    "stargazer_date": {
        "506797": "2015-10-08T11:50:34",
        "1956437": "2015-10-08T14:33:54",
        "8966776": "2015-11-02T02:10:50",
        "6830979": "2016-01-10T12:01:29",
        "2938288": "2016-02-19T14:53:37",
        "2958441": "2016-03-19T16:33:10",
        "15091405": "2016-03-24T18:15:37",
        "1647449": "2016-04-21T10:14:25",
        "6367234": "2016-05-15T01:30:17",
        "9915689": "2016-06-06T08:28:30",
        "5947186": "2016-08-21T13:31:49",
        "2812194": "2016-10-15T05:16:17",
        "260167": "2016-11-22T02:14:34",
        "4542908": "2016-12-15T11:12:48",
        "4074767": "2017-04-18T10:41:18",
        "25468474": "2017-05-21T20:42:00",
        "1049569": "2017-06-12T12:14:28",
        "13508590": "2017-06-14T08:33:36",
        "26401060": "2017-06-15T14:57:31",
        "8502497": "2017-11-17T09:40:14",
        "12935270": "2018-11-12T22:20:13",
        "1890946": "2019-01-21T15:13:17",
        "8487323": "2019-05-27T07:17:33",
        "19985835": "2019-06-07T16:17:42",
        "1401630": "2019-08-13T03:50:15",
        "17547760": "2020-02-01T23:01:20",
        "14102668": "2020-03-29T15:27:01",
        "8173675": "2020-05-09T21:40:42",
        "9154160": "2020-09-18T06:01:32",
        "11732320": "2020-11-11T06:55:40",
        "652143": "2021-05-10T06:32:40",
        "79643": "2021-06-02T05:29:20",
        "21269124": "2021-08-27T07:11:19",
        "15829518": "2021-12-17T05:37:20",
        "87963248": "2022-07-28T02:09:17"
    }
}[
    {
        "GHA": {}
    },
    {
        "Travis": []
    },
    {
        "CircleCI": []
    },
    {
        "AppVeyor": []
    },
    {
        "Azure": []
    },
    {
        "GitLab": []
    },
    {
        "Jenkins": []
    }
]