{
    "id": 409732611,
    "name": "vscode-oneapi-extension-pack",
    "full_name": "intel/vscode-oneapi-extension-pack",
    "org_name": "Intel Corporation",
    "org_id": 17888862,
    "created_at": "2021-09-23T20:18:11",
    "pushed_at": "2022-12-20T17:51:01",
    "updated_at": "2021-10-01T01:36:57",
    "isFork": false,
    "forks": 2,
    "forks_count": 2,
    "has_downloads": true,
    "has_issues": true,
    "has_pages": false,
    "has_projects": true,
    "has_wiki": true,
    "homepage": null,
    "language": null,
    "open_issues": 0,
    "open_issues_count": 0,
    "size": 23,
    "stargazers_count": 0,
    "subscribers_count": 4,
    "watchers": 0,
    "watchers_count": 0,
    "first_commit": "2021-08-28T11:54:52",
    "last_commit": "2022-12-20T17:29:18",
    "branches_count": 1,
    "commit_comments_count": 0,
    "commits_count": 31,
    "countributors_count": 5,
    "downloads_count": 0,
    "events_count": 1,
    "issues_count": 0,
    "labels_count": 9,
    "milestones_count": 0,
    "PR_count": 1,
    "open_PR_count": 0,
    "readme_size": 1686,
    "release_count": 0,
    "topic_count": 0,
    "15_commits": 0,
    "16_commits": 0,
    "17_commits": 0,
    "18_commits": 0,
    "19_commits": 0,
    "20_commits": 0,
    "21_commits": 18,
    "22_commits": 13,
    "15_committer_num": 0,
    "16_committer_num": 0,
    "17_committer_num": 0,
    "18_committer_num": 0,
    "19_committer_num": 0,
    "20_committer_num": 0,
    "21_committer_num": 2,
    "22_committer_num": 4
}{
    "stargazer_date": {}
}[
    {
        "GHA": {}
    },
    {
        "Travis": []
    },
    {
        "CircleCI": []
    },
    {
        "AppVeyor": []
    },
    {
        "Azure": []
    },
    {
        "GitLab": []
    },
    {
        "Jenkins": []
    }
]