{
    "id": 423637847,
    "name": "diagnostics-utility",
    "full_name": "intel/diagnostics-utility",
    "org_name": "Intel Corporation",
    "org_id": 17888862,
    "created_at": "2021-11-01T22:44:58",
    "pushed_at": "2023-03-07T15:45:30",
    "updated_at": "2023-02-19T19:48:29",
    "isFork": false,
    "forks": 1,
    "forks_count": 1,
    "has_downloads": true,
    "has_issues": true,
    "has_pages": false,
    "has_projects": false,
    "has_wiki": false,
    "homepage": "",
    "language": "Python",
    "open_issues": 0,
    "open_issues_count": 0,
    "size": 1087,
    "stargazers_count": 4,
    "subscribers_count": 4,
    "watchers": 4,
    "watchers_count": 4,
    "first_commit": "2021-12-13T07:34:46",
    "last_commit": "2023-03-07T15:45:30",
    "branches_count": 3,
    "commit_comments_count": 0,
    "commits_count": 5,
    "countributors_count": 3,
    "downloads_count": 0,
    "events_count": 9,
    "issues_count": 0,
    "labels_count": 9,
    "milestones_count": 0,
    "PR_count": 1,
    "open_PR_count": 0,
    "readme_size": 1057,
    "release_count": 2,
    "topic_count": 0,
    "15_commits": 0,
    "16_commits": 0,
    "17_commits": 0,
    "18_commits": 0,
    "19_commits": 0,
    "20_commits": 0,
    "21_commits": 1,
    "22_commits": 3,
    "15_committer_num": 0,
    "16_committer_num": 0,
    "17_committer_num": 0,
    "18_committer_num": 0,
    "19_committer_num": 0,
    "20_committer_num": 0,
    "21_committer_num": 1,
    "22_committer_num": 1
}{
    "stargazer_date": {
        "89459902": "2021-12-16T14:46:24",
        "46919374": "2021-12-16T14:56:23",
        "44056909": "2022-01-14T15:36:25",
        "82659336": "2023-02-19T19:48:28"
    }
}[
    {
        "GHA": {}
    },
    {
        "Travis": []
    },
    {
        "CircleCI": []
    },
    {
        "AppVeyor": []
    },
    {
        "Azure": []
    },
    {
        "GitLab": []
    },
    {
        "Jenkins": []
    }
]