{
    "id": 450659350,
    "name": "trusted-certificate-issuer",
    "full_name": "intel/trusted-certificate-issuer",
    "org_name": "Intel Corporation",
    "org_id": 17888862,
    "created_at": "2022-01-21T22:37:25",
    "pushed_at": "2023-03-10T08:02:28",
    "updated_at": "2023-02-20T07:46:16",
    "isFork": false,
    "forks": 14,
    "forks_count": 14,
    "has_downloads": true,
    "has_issues": true,
    "has_pages": true,
    "has_projects": true,
    "has_wiki": true,
    "homepage": "",
    "language": "Go",
    "open_issues": 7,
    "open_issues_count": 7,
    "size": 827,
    "stargazers_count": 22,
    "subscribers_count": 6,
    "watchers": 22,
    "watchers_count": 22,
    "first_commit": "2022-02-14T12:46:36",
    "last_commit": "2023-03-02T10:36:25",
    "branches_count": 7,
    "commit_comments_count": 0,
    "commits_count": 122,
    "countributors_count": 11,
    "downloads_count": 0,
    "events_count": 41,
    "issues_count": 7,
    "labels_count": 10,
    "milestones_count": 0,
    "PR_count": 61,
    "open_PR_count": 1,
    "readme_size": 15397,
    "release_count": 5,
    "topic_count": 5,
    "15_commits": 0,
    "16_commits": 0,
    "17_commits": 0,
    "18_commits": 0,
    "19_commits": 0,
    "20_commits": 0,
    "21_commits": 0,
    "22_commits": 115,
    "15_committer_num": 0,
    "16_committer_num": 0,
    "17_committer_num": 0,
    "18_committer_num": 0,
    "19_committer_num": 0,
    "20_committer_num": 0,
    "21_committer_num": 0,
    "22_committer_num": 10
}{
    "stargazer_date": {
        "998633": "2022-02-03T13:42:51",
        "25207372": "2022-02-18T17:45:07",
        "1049565": "2022-02-23T06:08:20",
        "995984": "2022-02-23T06:21:49",
        "7980437": "2022-03-04T03:36:01",
        "167209": "2022-03-13T10:55:26",
        "2736922": "2022-03-17T18:19:04",
        "161844": "2022-03-25T09:26:15",
        "12912585": "2022-04-18T20:19:49",
        "6729556": "2022-04-19T07:00:02",
        "36653795": "2022-04-28T01:18:29",
        "1513323": "2022-05-11T06:33:38",
        "863754": "2022-07-05T07:23:48",
        "108719356": "2022-08-09T19:57:09",
        "7550495": "2022-08-28T02:30:09",
        "42127654": "2022-08-29T07:00:41",
        "855056": "2022-08-29T16:27:04",
        "10444152": "2022-09-30T03:26:21",
        "4174842": "2022-10-04T05:34:36",
        "11970031": "2022-10-19T02:37:58",
        "18026645": "2022-12-30T10:29:07",
        "83945930": "2023-02-01T08:37:40"
    }
}[
    {
        "GHA": [
            {
                "file_name": ".github/workflows/ci.yml",
                "commit_date": "2022-11-04T10:04:15",
                "status": "modified",
                "first_commit": "2022-03-15T15:31:21",
                "last_commit": "2022-11-04T10:04:15",
                "CI_type": "GHA",
                "sha": "08bc5baf323627917f502fea92d87ef6ba365476"
            },
            {
                "file_name": ".github/workflows/ci.yml",
                "commit_date": "2022-09-02T08:36:52",
                "status": "modified",
                "first_commit": "2022-03-15T15:31:21",
                "last_commit": "2022-11-04T10:04:15",
                "CI_type": "GHA",
                "sha": "75f7b34b0ac526e209e79a861a5b06e239ff1318"
            },
            {
                "file_name": ".github/workflows/ci.yml",
                "commit_date": "2022-08-29T15:52:49",
                "status": "modified",
                "first_commit": "2022-03-15T15:31:21",
                "last_commit": "2022-11-04T10:04:15",
                "CI_type": "GHA",
                "sha": "f8fda7b26be0fed54397b776cdaef40f90656ed1"
            },
            {
                "file_name": ".github/workflows/ci.yml",
                "commit_date": "2022-08-23T10:08:47",
                "status": "modified",
                "first_commit": "2022-03-15T15:31:21",
                "last_commit": "2022-11-04T10:04:15",
                "CI_type": "GHA",
                "sha": "9ef62c6bf644575bc44b1f9a9f94a6d14a8a7c79"
            },
            {
                "file_name": ".github/workflows/ci.yml",
                "commit_date": "2022-03-15T15:31:21",
                "status": "added",
                "first_commit": "2022-03-15T15:31:21",
                "last_commit": "2022-11-04T10:04:15",
                "CI_type": "GHA",
                "sha": "caba8b5164792bed272a0d76088ec3547341dd97"
            }
        ]
    },
    {
        "Travis": []
    },
    {
        "CircleCI": []
    },
    {
        "AppVeyor": []
    },
    {
        "Azure": []
    },
    {
        "GitLab": []
    },
    {
        "Jenkins": []
    }
]