{
    "id": 454577654,
    "name": "intel-devcloud-samples",
    "full_name": "intel/intel-devcloud-samples",
    "org_name": "Intel Corporation",
    "org_id": 17888862,
    "created_at": "2022-02-01T22:54:01",
    "pushed_at": "2022-12-16T23:15:07",
    "updated_at": "2022-07-27T02:27:03",
    "isFork": false,
    "forks": 3,
    "forks_count": 3,
    "has_downloads": true,
    "has_issues": true,
    "has_pages": false,
    "has_projects": true,
    "has_wiki": true,
    "homepage": null,
    "language": "Python",
    "open_issues": 0,
    "open_issues_count": 0,
    "size": 336723,
    "stargazers_count": 2,
    "subscribers_count": 4,
    "watchers": 2,
    "watchers_count": 2,
    "first_commit": "2021-10-22T15:11:17",
    "last_commit": "2022-12-06T18:10:14",
    "branches_count": 5,
    "commit_comments_count": 0,
    "commits_count": 248,
    "countributors_count": 16,
    "downloads_count": 0,
    "events_count": 2,
    "issues_count": 0,
    "labels_count": 9,
    "milestones_count": 0,
    "PR_count": 2,
    "open_PR_count": 0,
    "readme_size": 4518,
    "release_count": 0,
    "topic_count": 0,
    "15_commits": 0,
    "16_commits": 0,
    "17_commits": 0,
    "18_commits": 0,
    "19_commits": 0,
    "20_commits": 0,
    "21_commits": 190,
    "22_commits": 58,
    "15_committer_num": 0,
    "16_committer_num": 0,
    "17_committer_num": 0,
    "18_committer_num": 0,
    "19_committer_num": 0,
    "20_committer_num": 0,
    "21_committer_num": 12,
    "22_committer_num": 9
}{
    "stargazer_date": {
        "2703543": "2022-06-23T14:09:52",
        "8929888": "2022-07-27T02:27:03"
    }
}[
    {
        "GHA": {}
    },
    {
        "Travis": []
    },
    {
        "CircleCI": []
    },
    {
        "AppVeyor": []
    },
    {
        "Azure": []
    },
    {
        "GitLab": []
    },
    {
        "Jenkins": []
    }
]