{
    "id": 45568801,
    "name": "opendaylight",
    "full_name": "intel/opendaylight",
    "org_name": "Intel Corporation",
    "org_id": 17888862,
    "created_at": "2015-11-04T21:31:50",
    "pushed_at": "2016-01-12T21:04:44",
    "updated_at": "2023-01-28T15:50:06",
    "isFork": false,
    "forks": 4,
    "forks_count": 4,
    "has_downloads": true,
    "has_issues": true,
    "has_pages": false,
    "has_projects": true,
    "has_wiki": true,
    "homepage": null,
    "language": "Shell",
    "open_issues": 0,
    "open_issues_count": 0,
    "size": 12,
    "stargazers_count": 0,
    "subscribers_count": 6,
    "watchers": 0,
    "watchers_count": 0,
    "first_commit": "2015-11-17T22:05:54",
    "last_commit": "2015-12-16T03:05:47",
    "branches_count": 2,
    "commit_comments_count": 0,
    "commits_count": 12,
    "countributors_count": 1,
    "downloads_count": 0,
    "events_count": 0,
    "issues_count": 0,
    "labels_count": 7,
    "milestones_count": 0,
    "PR_count": 0,
    "open_PR_count": 0,
    "readme_size": 2505,
    "release_count": 0,
    "topic_count": 0,
    "15_commits": 12,
    "16_commits": 0,
    "17_commits": 0,
    "18_commits": 0,
    "19_commits": 0,
    "20_commits": 0,
    "21_commits": 0,
    "22_commits": 0,
    "15_committer_num": 1,
    "16_committer_num": 0,
    "17_committer_num": 0,
    "18_committer_num": 0,
    "19_committer_num": 0,
    "20_committer_num": 0,
    "21_committer_num": 0,
    "22_committer_num": 0
}{
    "stargazer_date": {}
}[
    {
        "GHA": {}
    },
    {
        "Travis": []
    },
    {
        "CircleCI": []
    },
    {
        "AppVeyor": []
    },
    {
        "Azure": []
    },
    {
        "GitLab": []
    },
    {
        "Jenkins": []
    }
]