{
    "id": 459803935,
    "name": "pailliercryptolib_python",
    "full_name": "intel/pailliercryptolib_python",
    "org_name": "Intel Corporation",
    "org_id": 17888862,
    "created_at": "2022-02-16T00:59:58",
    "pushed_at": "2022-12-22T16:00:56",
    "updated_at": "2023-02-23T05:02:08",
    "isFork": false,
    "forks": 5,
    "forks_count": 5,
    "has_downloads": true,
    "has_issues": true,
    "has_pages": false,
    "has_projects": true,
    "has_wiki": true,
    "homepage": "",
    "language": "Python",
    "open_issues": 6,
    "open_issues_count": 6,
    "size": 213,
    "stargazers_count": 22,
    "subscribers_count": 6,
    "watchers": 22,
    "watchers_count": 22,
    "first_commit": "2022-08-01T14:34:53",
    "last_commit": "2022-12-22T16:00:45",
    "branches_count": 6,
    "commit_comments_count": 1,
    "commits_count": 18,
    "countributors_count": 1,
    "downloads_count": 0,
    "events_count": 18,
    "issues_count": 6,
    "labels_count": 10,
    "milestones_count": 0,
    "PR_count": 20,
    "open_PR_count": 0,
    "readme_size": 7916,
    "release_count": 3,
    "topic_count": 3,
    "15_commits": 0,
    "16_commits": 0,
    "17_commits": 0,
    "18_commits": 0,
    "19_commits": 0,
    "20_commits": 0,
    "21_commits": 0,
    "22_commits": 18,
    "15_committer_num": 0,
    "16_committer_num": 0,
    "17_committer_num": 0,
    "18_committer_num": 0,
    "19_committer_num": 0,
    "20_committer_num": 0,
    "21_committer_num": 0,
    "22_committer_num": 1
}{
    "stargazer_date": {
        "16954378": "2022-08-01T15:22:02",
        "11342373": "2022-08-01T15:43:40",
        "60481960": "2022-08-01T19:32:27",
        "54402133": "2022-08-01T19:32:44",
        "7935794": "2022-08-01T21:24:02",
        "8026042": "2022-08-01T23:43:44",
        "33336732": "2022-08-02T00:43:24",
        "49478940": "2022-08-04T13:12:13",
        "3848789": "2022-08-28T01:13:15",
        "40820": "2022-08-29T16:08:24",
        "34649150": "2022-09-23T07:49:15",
        "30660866": "2022-09-25T13:46:46",
        "9563330": "2022-10-03T09:26:44",
        "167209": "2022-10-17T10:30:46",
        "32569844": "2022-10-26T09:59:03",
        "67047175": "2022-10-28T06:54:47",
        "26358827": "2022-10-28T11:03:38",
        "5568664": "2022-11-24T17:10:17",
        "14806954": "2022-12-27T03:44:51",
        "956191": "2023-02-12T22:47:44",
        "34465153": "2023-02-23T05:02:08"
    }
}[
    {
        "GHA": [
            {
                "file_name": ".github/workflows/github-ci.yml",
                "commit_date": "2022-08-25T05:20:58",
                "status": "modified",
                "first_commit": "2022-08-01T14:34:53",
                "last_commit": "2022-08-25T05:20:58",
                "CI_type": "GHA",
                "sha": "2c70b6c04b21ea48461d04fda2f36960a423549a"
            },
            {
                "file_name": ".github/workflows/github-ci.yml",
                "commit_date": "2022-08-01T14:34:53",
                "status": "added",
                "first_commit": "2022-08-01T14:34:53",
                "last_commit": "2022-08-25T05:20:58",
                "CI_type": "GHA",
                "sha": "640f1c35f283240ec789b041c1c3fb51e964ff5c"
            }
        ]
    },
    {
        "Travis": []
    },
    {
        "CircleCI": []
    },
    {
        "AppVeyor": []
    },
    {
        "Azure": []
    },
    {
        "GitLab": []
    },
    {
        "Jenkins": []
    }
]