{
    "id": 46752869,
    "name": "open-network-insight",
    "full_name": "intel/open-network-insight",
    "org_name": "Intel Corporation",
    "org_id": 17888862,
    "created_at": "2015-11-23T22:50:26",
    "pushed_at": "2016-04-05T17:01:44",
    "updated_at": "2023-01-28T18:31:38",
    "isFork": false,
    "forks": 8,
    "forks_count": 8,
    "has_downloads": true,
    "has_issues": false,
    "has_pages": false,
    "has_projects": true,
    "has_wiki": false,
    "homepage": "",
    "language": null,
    "open_issues": 1,
    "open_issues_count": 1,
    "size": 39822,
    "stargazers_count": 14,
    "subscribers_count": 13,
    "watchers": 14,
    "watchers_count": 14,
    "first_commit": "2015-11-24T02:14:50",
    "last_commit": "2016-04-05T17:01:28",
    "branches_count": 4,
    "commit_comments_count": 0,
    "commits_count": 51,
    "countributors_count": 4,
    "downloads_count": 0,
    "events_count": 0,
    "issues_count": 0,
    "labels_count": 7,
    "milestones_count": 0,
    "PR_count": 13,
    "open_PR_count": 0,
    "readme_size": 114,
    "release_count": 0,
    "topic_count": 0,
    "15_commits": 19,
    "16_commits": 32,
    "17_commits": 0,
    "18_commits": 0,
    "19_commits": 0,
    "20_commits": 0,
    "21_commits": 0,
    "22_commits": 0,
    "15_committer_num": 1,
    "16_committer_num": 4,
    "17_committer_num": 0,
    "18_committer_num": 0,
    "19_committer_num": 0,
    "20_committer_num": 0,
    "21_committer_num": 0,
    "22_committer_num": 0
}{
    "stargazer_date": {
        "1501153": "2016-01-19T22:10:05",
        "12566291": "2016-01-21T01:17:17",
        "521295": "2016-02-04T21:46:42",
        "229042": "2016-02-11T14:12:30",
        "1540660": "2016-02-12T12:45:10",
        "9140349": "2016-02-29T16:30:10",
        "820464": "2016-02-29T19:28:03",
        "5572998": "2016-02-29T19:50:23",
        "11564819": "2016-02-29T22:22:30",
        "4642344": "2016-03-04T15:13:54",
        "4298438": "2016-03-08T13:50:45",
        "16725004": "2016-03-18T17:55:45",
        "3755914": "2016-04-03T07:14:20",
        "1077762": "2016-04-05T21:57:18"
    }
}[
    {
        "GHA": {}
    },
    {
        "Travis": []
    },
    {
        "CircleCI": []
    },
    {
        "AppVeyor": []
    },
    {
        "Azure": []
    },
    {
        "GitLab": []
    },
    {
        "Jenkins": []
    }
]