{
    "id": 468918472,
    "name": "ccc-linux-guest-hardening-docs",
    "full_name": "intel/ccc-linux-guest-hardening-docs",
    "org_name": "Intel Corporation",
    "org_id": 17888862,
    "created_at": "2022-03-11T22:34:37",
    "pushed_at": "2023-01-27T06:42:56",
    "updated_at": "2023-02-14T09:06:48",
    "isFork": false,
    "forks": 8,
    "forks_count": 8,
    "has_downloads": true,
    "has_issues": true,
    "has_pages": true,
    "has_projects": true,
    "has_wiki": true,
    "homepage": "https://intel.github.io/ccc-linux-guest-hardening-docs/",
    "language": "HTML",
    "open_issues": 0,
    "open_issues_count": 0,
    "size": 3297,
    "stargazers_count": 4,
    "subscribers_count": 5,
    "watchers": 4,
    "watchers_count": 4,
    "first_commit": "2022-03-15T06:30:50",
    "last_commit": "2023-01-26T17:00:02",
    "branches_count": 2,
    "commit_comments_count": 0,
    "commits_count": 59,
    "countributors_count": 5,
    "downloads_count": 0,
    "events_count": 5,
    "issues_count": 0,
    "labels_count": 9,
    "milestones_count": 0,
    "PR_count": 22,
    "open_PR_count": 0,
    "readme_size": 74,
    "release_count": 0,
    "topic_count": 0,
    "15_commits": 0,
    "16_commits": 0,
    "17_commits": 0,
    "18_commits": 0,
    "19_commits": 0,
    "20_commits": 0,
    "21_commits": 0,
    "22_commits": 53,
    "15_committer_num": 0,
    "16_committer_num": 0,
    "17_committer_num": 0,
    "18_committer_num": 0,
    "19_committer_num": 0,
    "20_committer_num": 0,
    "21_committer_num": 0,
    "22_committer_num": 5
}{
    "stargazer_date": {
        "387405": "2022-03-21T11:33:25",
        "65614239": "2022-03-23T14:35:15",
        "8461889": "2022-11-03T19:22:46",
        "12954187": "2023-02-14T09:06:48"
    }
}[
    {
        "GHA": [
            {
                "file_name": ".github/workflows/docs.yml",
                "commit_date": "2022-03-23T13:18:29",
                "status": "modified",
                "first_commit": "2022-03-22T17:34:09",
                "last_commit": "2022-03-23T13:18:29",
                "CI_type": "GHA",
                "sha": "1d734186279ef78277cbf8a03c5386a1d13c5c6f"
            },
            {
                "file_name": ".github/workflows/docs.yml",
                "commit_date": "2022-03-22T17:34:09",
                "status": "added",
                "first_commit": "2022-03-22T17:34:09",
                "last_commit": "2022-03-23T13:18:29",
                "CI_type": "GHA",
                "sha": "54b16b797b411b76b7458a107c54b094043b4350"
            }
        ]
    },
    {
        "Travis": []
    },
    {
        "CircleCI": []
    },
    {
        "AppVeyor": []
    },
    {
        "Azure": []
    },
    {
        "GitLab": []
    },
    {
        "Jenkins": []
    }
]