{
    "id": 475607093,
    "name": "afxdp-plugins-for-kubernetes",
    "full_name": "intel/afxdp-plugins-for-kubernetes",
    "org_name": "Intel Corporation",
    "org_id": 17888862,
    "created_at": "2022-03-29T20:20:56",
    "pushed_at": "2023-03-07T17:30:00",
    "updated_at": "2023-03-10T04:15:56",
    "isFork": false,
    "forks": 9,
    "forks_count": 9,
    "has_downloads": true,
    "has_issues": true,
    "has_pages": false,
    "has_projects": true,
    "has_wiki": true,
    "homepage": null,
    "language": "Go",
    "open_issues": 2,
    "open_issues_count": 2,
    "size": 11949,
    "stargazers_count": 21,
    "subscribers_count": 4,
    "watchers": 21,
    "watchers_count": 21,
    "first_commit": "2022-04-25T15:13:41",
    "last_commit": "2023-03-07T17:19:40",
    "branches_count": 2,
    "commit_comments_count": 0,
    "commits_count": 382,
    "countributors_count": 13,
    "downloads_count": 0,
    "events_count": 287,
    "issues_count": 2,
    "labels_count": 10,
    "milestones_count": 0,
    "PR_count": 41,
    "open_PR_count": 0,
    "readme_size": 25170,
    "release_count": 2,
    "topic_count": 0,
    "15_commits": 0,
    "16_commits": 0,
    "17_commits": 0,
    "18_commits": 0,
    "19_commits": 1,
    "20_commits": 28,
    "21_commits": 202,
    "22_commits": 105,
    "15_committer_num": 0,
    "16_committer_num": 0,
    "17_committer_num": 0,
    "18_committer_num": 0,
    "19_committer_num": 1,
    "20_committer_num": 3,
    "21_committer_num": 6,
    "22_committer_num": 8
}{
    "stargazer_date": {
        "21691753": "2022-04-21T01:08:04",
        "5453422": "2022-04-26T10:15:23",
        "86847078": "2022-05-04T15:38:39",
        "22596687": "2022-05-09T10:54:12",
        "4001849": "2022-06-07T08:41:51",
        "107032096": "2022-06-14T14:14:19",
        "53068787": "2022-08-08T18:28:25",
        "1752631": "2022-09-11T12:29:07",
        "6318992": "2022-09-22T17:46:15",
        "19802555": "2022-09-23T18:13:52",
        "61377455": "2022-10-11T14:25:57",
        "4870099": "2022-12-20T11:24:13",
        "1797063": "2023-01-04T15:23:00",
        "21982562": "2023-01-24T12:51:45",
        "6622439": "2023-01-25T10:24:41",
        "18060662": "2023-01-27T08:38:58",
        "1526529": "2023-02-10T09:19:04",
        "12597188": "2023-02-23T07:55:14",
        "29707527": "2023-03-01T13:37:04",
        "116124697": "2023-03-02T17:17:27",
        "22409551": "2023-03-10T04:15:56"
    }
}[
    {
        "GHA": [
            {
                "file_name": ".github/workflows/scorecard.yml",
                "commit_date": "2023-01-20T11:28:20",
                "status": "added",
                "first_commit": "2023-01-20T11:28:20",
                "last_commit": "2023-01-20T11:28:20",
                "CI_type": "GHA",
                "sha": "a7f3f8fea857dd0a3e039c60bb5df3d6365f5721"
            },
            {
                "file_name": ".github/workflows/static-analysis.yml",
                "commit_date": "2021-12-01T14:34:58",
                "status": "removed",
                "first_commit": "2021-11-26T15:36:34",
                "last_commit": "2021-12-01T14:34:58",
                "CI_type": "GHA",
                "sha": "f7d3d4036a1550e9b20d202e72237f58398700ee"
            },
            {
                "file_name": ".github/workflows/static-analysis.yml",
                "commit_date": "2021-11-26T15:36:34",
                "status": "added",
                "first_commit": "2021-11-26T15:36:34",
                "last_commit": "2021-12-01T14:34:58",
                "CI_type": "GHA",
                "sha": "80d7396108d7d960da030f4020ab9c4460d284ea"
            },
            {
                "file_name": ".github/workflows/github-ci.yml",
                "commit_date": "2023-01-23T14:55:51",
                "status": null,
                "first_commit": "2021-12-01T14:34:58",
                "last_commit": "2023-01-23T14:55:51",
                "CI_type": "GHA",
                "sha": "40207d3c684e98733cb3a798a43065743058f78e"
            },
            {
                "file_name": ".github/workflows/github-ci.yml",
                "commit_date": "2023-01-12T13:46:42",
                "status": "modified",
                "first_commit": "2021-12-01T14:34:58",
                "last_commit": "2023-01-23T14:55:51",
                "CI_type": "GHA",
                "sha": "d9d43e6400c4caca5a3404b51f1480e278e0b0a7"
            },
            {
                "file_name": ".github/workflows/github-ci.yml",
                "commit_date": "2023-01-11T12:00:40",
                "status": "modified",
                "first_commit": "2021-12-01T14:34:58",
                "last_commit": "2023-01-23T14:55:51",
                "CI_type": "GHA",
                "sha": "cf1b7c2b37bde01bc4eddc30315cbceebe8ffd37"
            },
            {
                "file_name": ".github/workflows/github-ci.yml",
                "commit_date": "2022-09-22T16:53:24",
                "status": "modified",
                "first_commit": "2021-12-01T14:34:58",
                "last_commit": "2023-01-23T14:55:51",
                "CI_type": "GHA",
                "sha": "e5dd22d6c4af717df149767e964fbbc928c72040"
            },
            {
                "file_name": ".github/workflows/github-ci.yml",
                "commit_date": "2022-09-19T13:49:46",
                "status": "modified",
                "first_commit": "2021-12-01T14:34:58",
                "last_commit": "2023-01-23T14:55:51",
                "CI_type": "GHA",
                "sha": "b7a0dc4e0b863f3fb3de8e6014946d7421f1b149"
            },
            {
                "file_name": ".github/workflows/github-ci.yml",
                "commit_date": "2022-09-14T09:16:54",
                "status": "modified",
                "first_commit": "2021-12-01T14:34:58",
                "last_commit": "2023-01-23T14:55:51",
                "CI_type": "GHA",
                "sha": "87224abe5687269ea4a84de5481b984741403aa9"
            },
            {
                "file_name": ".github/workflows/github-ci.yml",
                "commit_date": "2022-03-08T17:16:05",
                "status": "modified",
                "first_commit": "2021-12-01T14:34:58",
                "last_commit": "2023-01-23T14:55:51",
                "CI_type": "GHA",
                "sha": "053b7e0ef7520c0bf72e1a5dbee5209b41d6b9cb"
            },
            {
                "file_name": ".github/workflows/github-ci.yml",
                "commit_date": "2022-03-08T11:40:42",
                "status": "modified",
                "first_commit": "2021-12-01T14:34:58",
                "last_commit": "2023-01-23T14:55:51",
                "CI_type": "GHA",
                "sha": "053e77c4e0dd52c54a9a70712de87cbceb01a159"
            },
            {
                "file_name": ".github/workflows/github-ci.yml",
                "commit_date": "2022-03-07T14:05:16",
                "status": "modified",
                "first_commit": "2021-12-01T14:34:58",
                "last_commit": "2023-01-23T14:55:51",
                "CI_type": "GHA",
                "sha": "8a33d15c50ff367132ebbfce3c85e3428c952104"
            },
            {
                "file_name": ".github/workflows/github-ci.yml",
                "commit_date": "2022-02-08T14:27:33",
                "status": "modified",
                "first_commit": "2021-12-01T14:34:58",
                "last_commit": "2023-01-23T14:55:51",
                "CI_type": "GHA",
                "sha": "efc93994d897135ffa1ed9f47e84f01f4137355c"
            },
            {
                "file_name": ".github/workflows/github-ci.yml",
                "commit_date": "2022-01-17T11:13:04",
                "status": "modified",
                "first_commit": "2021-12-01T14:34:58",
                "last_commit": "2023-01-23T14:55:51",
                "CI_type": "GHA",
                "sha": "5b1eef4c877b4b71678f6246ed6f97c8e6be3abc"
            },
            {
                "file_name": ".github/workflows/github-ci.yml",
                "commit_date": "2021-12-08T10:26:52",
                "status": "modified",
                "first_commit": "2021-12-01T14:34:58",
                "last_commit": "2023-01-23T14:55:51",
                "CI_type": "GHA",
                "sha": "ced9e2b249c44efac0c510bb7732d37103b75b26"
            },
            {
                "file_name": ".github/workflows/github-ci.yml",
                "commit_date": "2021-12-03T12:28:38",
                "status": "modified",
                "first_commit": "2021-12-01T14:34:58",
                "last_commit": "2023-01-23T14:55:51",
                "CI_type": "GHA",
                "sha": "a4680bb70c7cf2b4ba2e54154e9ff1d27e92980e"
            },
            {
                "file_name": ".github/workflows/github-ci.yml",
                "commit_date": "2021-12-02T15:38:07",
                "status": "modified",
                "first_commit": "2021-12-01T14:34:58",
                "last_commit": "2023-01-23T14:55:51",
                "CI_type": "GHA",
                "sha": "04277058c820b782cf44a14c3c72a46efaac8a95"
            },
            {
                "file_name": ".github/workflows/github-ci.yml",
                "commit_date": "2021-12-01T14:34:58",
                "status": "added",
                "first_commit": "2021-12-01T14:34:58",
                "last_commit": "2023-01-23T14:55:51",
                "CI_type": "GHA",
                "sha": "f7d3d4036a1550e9b20d202e72237f58398700ee"
            },
            {
                "file_name": ".github/workflows/build-test.yml",
                "commit_date": "2021-12-01T14:34:58",
                "status": "removed",
                "first_commit": "2021-11-26T15:36:34",
                "last_commit": "2021-12-01T14:34:58",
                "CI_type": "GHA",
                "sha": "f7d3d4036a1550e9b20d202e72237f58398700ee"
            },
            {
                "file_name": ".github/workflows/build-test.yml",
                "commit_date": "2021-11-26T15:36:34",
                "status": "added",
                "first_commit": "2021-11-26T15:36:34",
                "last_commit": "2021-12-01T14:34:58",
                "CI_type": "GHA",
                "sha": "80d7396108d7d960da030f4020ab9c4460d284ea"
            },
            {
                "file_name": ".github/workflows/internal-ci.yml",
                "commit_date": "2023-03-03T14:57:11",
                "status": "modified",
                "first_commit": "2023-01-23T14:55:51",
                "last_commit": "2023-03-03T14:57:11",
                "CI_type": "GHA",
                "sha": "a2219723ae986045819de0aac7fe8b482babbf8f"
            },
            {
                "file_name": ".github/workflows/internal-ci.yml",
                "commit_date": "2023-03-03T14:41:53",
                "status": "modified",
                "first_commit": "2023-01-23T14:55:51",
                "last_commit": "2023-03-03T14:57:11",
                "CI_type": "GHA",
                "sha": "19fe247ad2edc20f2dc61fe3530478c9b7676c97"
            },
            {
                "file_name": ".github/workflows/internal-ci.yml",
                "commit_date": "2022-11-10T14:34:17",
                "status": "modified",
                "first_commit": "2023-01-23T14:55:51",
                "last_commit": "2023-03-03T14:57:11",
                "CI_type": "GHA",
                "sha": "5d3af14618d849c75f9357bb85c9b7c81b15b08b"
            },
            {
                "file_name": ".github/workflows/internal-ci.yml",
                "commit_date": "2023-01-23T14:55:51",
                "status": "added",
                "first_commit": "2023-01-23T14:55:51",
                "last_commit": "2023-03-03T14:57:11",
                "CI_type": "GHA",
                "sha": "40207d3c684e98733cb3a798a43065743058f78e"
            },
            {
                "file_name": ".github/workflows/public-ci.yml",
                "commit_date": "2023-03-03T14:57:11",
                "status": "modified",
                "first_commit": "2023-01-23T14:55:51",
                "last_commit": "2023-03-03T14:57:11",
                "CI_type": "GHA",
                "sha": "a2219723ae986045819de0aac7fe8b482babbf8f"
            },
            {
                "file_name": ".github/workflows/public-ci.yml",
                "commit_date": "2023-03-03T14:41:53",
                "status": "modified",
                "first_commit": "2023-01-23T14:55:51",
                "last_commit": "2023-03-03T14:57:11",
                "CI_type": "GHA",
                "sha": "19fe247ad2edc20f2dc61fe3530478c9b7676c97"
            },
            {
                "file_name": ".github/workflows/public-ci.yml",
                "commit_date": "2023-02-21T10:07:57",
                "status": "modified",
                "first_commit": "2023-01-23T14:55:51",
                "last_commit": "2023-03-03T14:57:11",
                "CI_type": "GHA",
                "sha": "75ad2318cc3178e8a86525e44c73734f64f2cbae"
            },
            {
                "file_name": ".github/workflows/public-ci.yml",
                "commit_date": "2023-01-23T14:55:51",
                "status": "renamed",
                "first_commit": "2023-01-23T14:55:51",
                "last_commit": "2023-03-03T14:57:11",
                "CI_type": "GHA",
                "sha": "40207d3c684e98733cb3a798a43065743058f78e"
            },
            {
                "file_name": ".github/workflows/codeql.yml",
                "commit_date": "2023-03-03T14:57:11",
                "status": "modified",
                "first_commit": "2023-01-11T15:21:55",
                "last_commit": "2023-03-03T14:57:11",
                "CI_type": "GHA",
                "sha": "a2219723ae986045819de0aac7fe8b482babbf8f"
            },
            {
                "file_name": ".github/workflows/codeql.yml",
                "commit_date": "2023-03-03T14:41:53",
                "status": "modified",
                "first_commit": "2023-01-11T15:21:55",
                "last_commit": "2023-03-03T14:57:11",
                "CI_type": "GHA",
                "sha": "19fe247ad2edc20f2dc61fe3530478c9b7676c97"
            },
            {
                "file_name": ".github/workflows/codeql.yml",
                "commit_date": "2023-01-11T15:21:55",
                "status": "added",
                "first_commit": "2023-01-11T15:21:55",
                "last_commit": "2023-03-03T14:57:11",
                "CI_type": "GHA",
                "sha": "e62ac434b0a6052e77f5712f1d9344112d79dafc"
            }
        ]
    },
    {
        "Travis": []
    },
    {
        "CircleCI": []
    },
    {
        "AppVeyor": []
    },
    {
        "Azure": []
    },
    {
        "GitLab": [
            {
                "file_name": "/.gitlab-ci.yml",
                "commit_date": "2022-02-08T14:27:33",
                "status": "removed",
                "first_commit": "2021-04-26T16:03:34",
                "last_commit": "2022-02-08T14:27:33",
                "CI_type": "GitLab",
                "sha": "efc93994d897135ffa1ed9f47e84f01f4137355c"
            },
            {
                "file_name": "/.gitlab-ci.yml",
                "commit_date": "2021-12-15T16:51:58",
                "status": "modified",
                "first_commit": "2021-04-26T16:03:34",
                "last_commit": "2022-02-08T14:27:33",
                "CI_type": "GitLab",
                "sha": "bd0c83889c7c48651fae6ca2e91fc134fe20278a"
            },
            {
                "file_name": "/.gitlab-ci.yml",
                "commit_date": "2021-09-14T14:54:46",
                "status": "modified",
                "first_commit": "2021-04-26T16:03:34",
                "last_commit": "2022-02-08T14:27:33",
                "CI_type": "GitLab",
                "sha": "c81e70c4642e8210efb088ab19bd15b50d288df7"
            },
            {
                "file_name": "/.gitlab-ci.yml",
                "commit_date": "2021-09-13T16:19:25",
                "status": "modified",
                "first_commit": "2021-04-26T16:03:34",
                "last_commit": "2022-02-08T14:27:33",
                "CI_type": "GitLab",
                "sha": "eec078d452e003f7275c3c83b3eaa6ecf1b52aa5"
            },
            {
                "file_name": "/.gitlab-ci.yml",
                "commit_date": "2021-08-27T12:41:57",
                "status": "modified",
                "first_commit": "2021-04-26T16:03:34",
                "last_commit": "2022-02-08T14:27:33",
                "CI_type": "GitLab",
                "sha": "6e455c799a699b2db0a3abfa5f4feafd76a339f8"
            },
            {
                "file_name": "/.gitlab-ci.yml",
                "commit_date": "2021-08-16T08:53:16",
                "status": "modified",
                "first_commit": "2021-04-26T16:03:34",
                "last_commit": "2022-02-08T14:27:33",
                "CI_type": "GitLab",
                "sha": "e61d7cb941257b6b2496bc29be433c92a9b9e25a"
            },
            {
                "file_name": "/.gitlab-ci.yml",
                "commit_date": "2021-08-05T16:23:58",
                "status": "modified",
                "first_commit": "2021-04-26T16:03:34",
                "last_commit": "2022-02-08T14:27:33",
                "CI_type": "GitLab",
                "sha": "534532fde22d34f1d1c1f532b92c66526396c824"
            },
            {
                "file_name": "/.gitlab-ci.yml",
                "commit_date": "2021-08-05T12:55:28",
                "status": "modified",
                "first_commit": "2021-04-26T16:03:34",
                "last_commit": "2022-02-08T14:27:33",
                "CI_type": "GitLab",
                "sha": "d105f3560cd2c0ac26c2498e724af6f5cacb075d"
            },
            {
                "file_name": "/.gitlab-ci.yml",
                "commit_date": "2021-07-29T15:16:11",
                "status": "modified",
                "first_commit": "2021-04-26T16:03:34",
                "last_commit": "2022-02-08T14:27:33",
                "CI_type": "GitLab",
                "sha": "3bfd3c279721cbd558693e86bd1d4b464ecd4645"
            },
            {
                "file_name": "/.gitlab-ci.yml",
                "commit_date": "2021-07-26T17:25:46",
                "status": "modified",
                "first_commit": "2021-04-26T16:03:34",
                "last_commit": "2022-02-08T14:27:33",
                "CI_type": "GitLab",
                "sha": "8d0818e90c11c59b78ca5b57edd388736d4eaf67"
            },
            {
                "file_name": "/.gitlab-ci.yml",
                "commit_date": "2021-06-16T15:53:28",
                "status": "modified",
                "first_commit": "2021-04-26T16:03:34",
                "last_commit": "2022-02-08T14:27:33",
                "CI_type": "GitLab",
                "sha": "36197f04b28a28daf4ffb3d587fc41383ac926da"
            },
            {
                "file_name": "/.gitlab-ci.yml",
                "commit_date": "2021-07-13T10:47:28",
                "status": "modified",
                "first_commit": "2021-04-26T16:03:34",
                "last_commit": "2022-02-08T14:27:33",
                "CI_type": "GitLab",
                "sha": "9f84d9dd373f24a84f2648cdae10187fccea7a61"
            },
            {
                "file_name": "/.gitlab-ci.yml",
                "commit_date": "2021-04-26T16:03:34",
                "status": "added",
                "first_commit": "2021-04-26T16:03:34",
                "last_commit": "2022-02-08T14:27:33",
                "CI_type": "GitLab",
                "sha": "0daa0c37a14627795c24fa4b661a978243d58dec"
            }
        ]
    },
    {
        "Jenkins": []
    }
]