{
    "id": 475851002,
    "name": "pse-fw",
    "full_name": "intel/pse-fw",
    "org_name": "Intel Corporation",
    "org_id": 17888862,
    "created_at": "2022-03-30T11:38:59",
    "pushed_at": "2022-10-26T11:34:45",
    "updated_at": "2023-01-18T03:21:30",
    "isFork": false,
    "forks": 2,
    "forks_count": 2,
    "has_downloads": true,
    "has_issues": true,
    "has_pages": false,
    "has_projects": true,
    "has_wiki": true,
    "homepage": null,
    "language": "C",
    "open_issues": 2,
    "open_issues_count": 2,
    "size": 1458,
    "stargazers_count": 32,
    "subscribers_count": 10,
    "watchers": 32,
    "watchers_count": 32,
    "first_commit": "2021-06-24T22:02:08",
    "last_commit": "2022-09-27T07:12:19",
    "branches_count": 1,
    "commit_comments_count": 0,
    "commits_count": 104,
    "countributors_count": 12,
    "downloads_count": 0,
    "events_count": 2,
    "issues_count": 2,
    "labels_count": 9,
    "milestones_count": 0,
    "PR_count": 0,
    "open_PR_count": 0,
    "readme_size": 1300,
    "release_count": 0,
    "topic_count": 0,
    "15_commits": 0,
    "16_commits": 0,
    "17_commits": 0,
    "18_commits": 0,
    "19_commits": 0,
    "20_commits": 0,
    "21_commits": 2,
    "22_commits": 102,
    "15_committer_num": 0,
    "16_committer_num": 0,
    "17_committer_num": 0,
    "18_committer_num": 0,
    "19_committer_num": 0,
    "20_committer_num": 0,
    "21_committer_num": 1,
    "22_committer_num": 12
}{
    "stargazer_date": {
        "44727776": "2022-04-22T13:36:13",
        "6127678": "2022-04-22T14:42:56",
        "167209": "2022-04-22T18:19:08",
        "7776019": "2022-04-22T18:23:48",
        "1337470": "2022-04-22T18:33:03",
        "1581407": "2022-04-22T20:57:39",
        "38485721": "2022-04-23T08:15:26",
        "62116490": "2022-04-23T16:12:49",
        "52753282": "2022-04-23T16:37:29",
        "1594938": "2022-04-23T17:53:20",
        "11990780": "2022-04-23T23:13:54",
        "30310925": "2022-04-24T03:33:59",
        "19964074": "2022-04-24T09:14:36",
        "24611394": "2022-04-24T09:58:17",
        "4448739": "2022-04-24T11:29:09",
        "5481879": "2022-04-24T11:41:02",
        "4487209": "2022-04-25T02:38:34",
        "16746521": "2022-04-25T06:07:45",
        "1076226": "2022-04-25T18:13:43",
        "158380": "2022-04-25T18:25:26",
        "185902": "2022-04-26T10:18:19",
        "4408242": "2022-04-26T13:47:30",
        "46381607": "2022-04-27T06:42:20",
        "505281": "2022-04-27T11:00:31",
        "406299": "2022-04-28T16:39:17",
        "981494": "2022-04-30T12:55:35",
        "12078737": "2022-05-05T13:51:58",
        "12045575": "2022-05-06T08:34:28",
        "62129949": "2022-07-07T00:50:41",
        "33822303": "2022-08-22T05:51:17",
        "22477854": "2022-12-19T13:01:38",
        "11087296": "2023-01-18T03:21:30"
    }
}[
    {
        "GHA": {}
    },
    {
        "Travis": []
    },
    {
        "CircleCI": []
    },
    {
        "AppVeyor": []
    },
    {
        "Azure": []
    },
    {
        "GitLab": []
    },
    {
        "Jenkins": []
    }
]