{
    "id": 486708353,
    "name": "edge-to-azure-bridge",
    "full_name": "intel/edge-to-azure-bridge",
    "org_name": "Intel Corporation",
    "org_id": 17888862,
    "created_at": "2022-04-28T18:35:01",
    "pushed_at": "2023-02-06T14:56:15",
    "updated_at": "2022-12-15T20:10:32",
    "isFork": false,
    "forks": 1,
    "forks_count": 1,
    "has_downloads": true,
    "has_issues": true,
    "has_pages": false,
    "has_projects": true,
    "has_wiki": false,
    "homepage": "https://www.intel.com/content/www/us/en/developer/articles/technical/edge-to-cloud-bridge-for-microsoft-azure-service.html",
    "language": "Python",
    "open_issues": 0,
    "open_issues_count": 0,
    "size": 25448,
    "stargazers_count": 0,
    "subscribers_count": 2,
    "watchers": 0,
    "watchers_count": 0,
    "first_commit": "2022-04-29T09:52:57",
    "last_commit": "2023-02-06T14:56:09",
    "branches_count": 4,
    "commit_comments_count": 0,
    "commits_count": 11,
    "countributors_count": 2,
    "downloads_count": 0,
    "events_count": 10,
    "issues_count": 0,
    "labels_count": 9,
    "milestones_count": 0,
    "PR_count": 2,
    "open_PR_count": 0,
    "readme_size": 10120,
    "release_count": 0,
    "topic_count": 0,
    "15_commits": 0,
    "16_commits": 0,
    "17_commits": 0,
    "18_commits": 0,
    "19_commits": 0,
    "20_commits": 0,
    "21_commits": 0,
    "22_commits": 9,
    "15_committer_num": 0,
    "16_committer_num": 0,
    "17_committer_num": 0,
    "18_committer_num": 0,
    "19_committer_num": 0,
    "20_committer_num": 0,
    "21_committer_num": 0,
    "22_committer_num": 2
}{
    "stargazer_date": {}
}[
    {
        "GHA": {}
    },
    {
        "Travis": []
    },
    {
        "CircleCI": []
    },
    {
        "AppVeyor": []
    },
    {
        "Azure": []
    },
    {
        "GitLab": []
    },
    {
        "Jenkins": [
            {
                "file_name": "/Jenkinsfile",
                "commit_date": "2022-05-31T09:17:18",
                "status": "removed",
                "first_commit": "2022-04-29T09:52:57",
                "last_commit": "2022-05-31T09:17:18",
                "CI_type": "Jenkins",
                "sha": "f78641cd979478c69ebdbf5302ad9e65a3168928"
            },
            {
                "file_name": "/Jenkinsfile",
                "commit_date": "2022-04-29T09:52:57",
                "status": "added",
                "first_commit": "2022-04-29T09:52:57",
                "last_commit": "2022-05-31T09:17:18",
                "CI_type": "Jenkins",
                "sha": "09ff15282e70c3d78224bf76d26d7fbcc9349fdc"
            }
        ]
    }
]