{
    "id": 506021342,
    "name": "ipu4-cam-hal",
    "full_name": "intel/ipu4-cam-hal",
    "org_name": "Intel Corporation",
    "org_id": 17888862,
    "created_at": "2022-06-21T22:23:02",
    "pushed_at": "2022-08-09T08:05:09",
    "updated_at": "2022-07-22T01:33:48",
    "isFork": false,
    "forks": 2,
    "forks_count": 2,
    "has_downloads": true,
    "has_issues": true,
    "has_pages": false,
    "has_projects": true,
    "has_wiki": true,
    "homepage": null,
    "language": "C",
    "open_issues": 0,
    "open_issues_count": 0,
    "size": 5489,
    "stargazers_count": 0,
    "subscribers_count": 1,
    "watchers": 0,
    "watchers_count": 0,
    "first_commit": "2022-06-21T22:23:03",
    "last_commit": "2022-07-22T01:33:40",
    "branches_count": 2,
    "commit_comments_count": 0,
    "commits_count": 4,
    "countributors_count": 4,
    "downloads_count": 0,
    "events_count": 0,
    "issues_count": 0,
    "labels_count": 9,
    "milestones_count": 0,
    "PR_count": 2,
    "open_PR_count": 0,
    "readme_size": 321,
    "release_count": 0,
    "topic_count": 0,
    "15_commits": 0,
    "16_commits": 0,
    "17_commits": 0,
    "18_commits": 0,
    "19_commits": 0,
    "20_commits": 0,
    "21_commits": 0,
    "22_commits": 4,
    "15_committer_num": 0,
    "16_committer_num": 0,
    "17_committer_num": 0,
    "18_committer_num": 0,
    "19_committer_num": 0,
    "20_committer_num": 0,
    "21_committer_num": 0,
    "22_committer_num": 4
}{
    "stargazer_date": {}
}[
    {
        "GHA": {}
    },
    {
        "Travis": []
    },
    {
        "CircleCI": []
    },
    {
        "AppVeyor": []
    },
    {
        "Azure": []
    },
    {
        "GitLab": []
    },
    {
        "Jenkins": []
    }
]