{
    "id": 509429361,
    "name": "oneAPI-Ultrasound-Beamforming-Library",
    "full_name": "intel/oneAPI-Ultrasound-Beamforming-Library",
    "org_name": "Intel Corporation",
    "org_id": 17888862,
    "created_at": "2022-07-01T11:27:06",
    "pushed_at": "2022-12-02T09:06:07",
    "updated_at": "2023-02-05T07:37:26",
    "isFork": false,
    "forks": 3,
    "forks_count": 3,
    "has_downloads": true,
    "has_issues": true,
    "has_pages": false,
    "has_projects": true,
    "has_wiki": true,
    "homepage": null,
    "language": "C",
    "open_issues": 0,
    "open_issues_count": 0,
    "size": 1323,
    "stargazers_count": 10,
    "subscribers_count": 3,
    "watchers": 10,
    "watchers_count": 10,
    "first_commit": "2022-07-04T06:54:42",
    "last_commit": "2022-07-26T02:55:10",
    "branches_count": 2,
    "commit_comments_count": 0,
    "commits_count": 6,
    "countributors_count": 1,
    "downloads_count": 0,
    "events_count": 2,
    "issues_count": 0,
    "labels_count": 9,
    "milestones_count": 0,
    "PR_count": 0,
    "open_PR_count": 0,
    "readme_size": 14789,
    "release_count": 0,
    "topic_count": 0,
    "15_commits": 0,
    "16_commits": 0,
    "17_commits": 0,
    "18_commits": 0,
    "19_commits": 0,
    "20_commits": 0,
    "21_commits": 0,
    "22_commits": 6,
    "15_committer_num": 0,
    "16_committer_num": 0,
    "17_committer_num": 0,
    "18_committer_num": 0,
    "19_committer_num": 0,
    "20_committer_num": 0,
    "21_committer_num": 0,
    "22_committer_num": 1
}{
    "stargazer_date": {
        "37285428": "2022-07-04T04:57:39",
        "89518173": "2022-07-06T07:10:44",
        "35834718": "2022-07-06T07:31:12",
        "7112659": "2022-07-06T07:41:01",
        "4994061": "2022-08-15T06:22:01",
        "2132769": "2022-09-19T09:06:12",
        "55187692": "2022-10-07T12:42:05",
        "18661310": "2022-12-06T23:44:25",
        "20202261": "2022-12-29T06:48:37",
        "24777659": "2023-02-05T07:37:26"
    }
}[
    {
        "GHA": {}
    },
    {
        "Travis": []
    },
    {
        "CircleCI": []
    },
    {
        "AppVeyor": []
    },
    {
        "Azure": []
    },
    {
        "GitLab": []
    },
    {
        "Jenkins": []
    }
]