{
    "id": 528988330,
    "name": "intel-ssd-firmware-update-tool",
    "full_name": "intel/intel-ssd-firmware-update-tool",
    "org_name": "Intel Corporation",
    "org_id": 17888862,
    "created_at": "2022-08-25T19:18:31",
    "pushed_at": "2022-12-15T16:11:42",
    "updated_at": "2023-01-06T16:50:45",
    "isFork": false,
    "forks": 0,
    "forks_count": 0,
    "has_downloads": true,
    "has_issues": true,
    "has_pages": false,
    "has_projects": true,
    "has_wiki": true,
    "homepage": null,
    "language": "Python",
    "open_issues": 0,
    "open_issues_count": 0,
    "size": 29203,
    "stargazers_count": 2,
    "subscribers_count": 2,
    "watchers": 2,
    "watchers_count": 2,
    "first_commit": "2022-08-25T19:12:52",
    "last_commit": "2022-12-15T16:11:38",
    "branches_count": 1,
    "commit_comments_count": 0,
    "commits_count": 3,
    "countributors_count": 2,
    "downloads_count": 0,
    "events_count": 9,
    "issues_count": 0,
    "labels_count": 9,
    "milestones_count": 0,
    "PR_count": 2,
    "open_PR_count": 0,
    "readme_size": 0,
    "release_count": 0,
    "topic_count": 0,
    "15_commits": 0,
    "16_commits": 0,
    "17_commits": 0,
    "18_commits": 0,
    "19_commits": 0,
    "20_commits": 0,
    "21_commits": 0,
    "22_commits": 3,
    "15_committer_num": 0,
    "16_committer_num": 0,
    "17_committer_num": 0,
    "18_committer_num": 0,
    "19_committer_num": 0,
    "20_committer_num": 0,
    "21_committer_num": 0,
    "22_committer_num": 2
}{
    "stargazer_date": {
        "8010826": "2022-08-25T20:41:41",
        "4523646": "2023-01-06T16:50:45"
    }
}[
    {
        "GHA": {}
    },
    {
        "Travis": []
    },
    {
        "CircleCI": []
    },
    {
        "AppVeyor": []
    },
    {
        "Azure": []
    },
    {
        "GitLab": []
    },
    {
        "Jenkins": []
    }
]