{
    "id": 530925874,
    "name": "BDTK",
    "full_name": "intel/BDTK",
    "org_name": "Intel Corporation",
    "org_id": 17888862,
    "created_at": "2022-08-31T03:45:33",
    "pushed_at": "2023-03-13T04:00:12",
    "updated_at": "2023-03-13T05:31:15",
    "isFork": false,
    "forks": 24,
    "forks_count": 24,
    "has_downloads": true,
    "has_issues": true,
    "has_pages": true,
    "has_projects": true,
    "has_wiki": true,
    "homepage": "https://intel.github.io/BDTK/",
    "language": "C++",
    "open_issues": 8,
    "open_issues_count": 8,
    "size": 6736,
    "stargazers_count": 51,
    "subscribers_count": 8,
    "watchers": 51,
    "watchers_count": 51,
    "first_commit": "2023-01-04T01:43:19",
    "last_commit": "2023-03-13T01:06:22",
    "branches_count": 3,
    "commit_comments_count": 2,
    "commits_count": 369,
    "countributors_count": 20,
    "downloads_count": 0,
    "events_count": 297,
    "issues_count": 8,
    "labels_count": 20,
    "milestones_count": 0,
    "PR_count": 409,
    "open_PR_count": 8,
    "readme_size": 9368,
    "release_count": 1,
    "topic_count": 7,
    "15_commits": 0,
    "16_commits": 0,
    "17_commits": 0,
    "18_commits": 0,
    "19_commits": 0,
    "20_commits": 0,
    "21_commits": 0,
    "22_commits": 264,
    "15_committer_num": 0,
    "16_committer_num": 0,
    "17_committer_num": 0,
    "18_committer_num": 0,
    "19_committer_num": 0,
    "20_committer_num": 0,
    "21_committer_num": 0,
    "22_committer_num": 20
}{
    "stargazer_date": {
        "25916266": "2022-09-16T01:38:32",
        "108661491": "2022-09-16T01:57:08",
        "8380489": "2022-09-19T16:31:17",
        "2283778": "2022-09-26T02:11:58",
        "25273209": "2022-09-26T02:20:36",
        "4133864": "2022-09-26T02:56:24",
        "80018357": "2022-09-26T03:14:43",
        "4404947": "2022-10-11T10:13:56",
        "31773746": "2022-10-12T21:58:29",
        "60744015": "2022-10-14T15:13:41",
        "167209": "2022-10-17T10:22:21",
        "57378499": "2022-10-20T04:17:37",
        "110375636": "2022-10-20T08:05:00",
        "33684427": "2022-10-20T11:04:16",
        "66482262": "2022-10-27T08:04:01",
        "109495532": "2022-10-27T08:12:46",
        "55846698": "2022-10-27T11:44:59",
        "2513866": "2022-10-28T17:13:47",
        "7685352": "2022-10-29T02:44:49",
        "12733256": "2022-10-31T06:02:09",
        "3030329": "2022-11-01T00:26:33",
        "506679": "2022-11-01T00:43:16",
        "5576848": "2022-11-01T04:31:11",
        "11849056": "2022-11-04T07:32:48",
        "20696320": "2022-11-04T07:33:01",
        "108263498": "2022-11-04T07:33:27",
        "47744603": "2022-11-04T07:34:34",
        "93312725": "2022-11-04T07:43:28",
        "42630862": "2022-11-04T07:48:50",
        "82208254": "2022-11-04T08:07:22",
        "1573221": "2022-11-04T08:33:00",
        "65325792": "2022-11-04T13:01:46",
        "52772496": "2022-11-07T01:54:44",
        "93899890": "2022-11-07T06:51:07",
        "26604994": "2022-11-11T03:17:05",
        "102205094": "2022-11-13T04:14:43",
        "109066104": "2022-11-14T05:04:38",
        "68336428": "2022-11-26T07:33:14",
        "23723660": "2022-12-27T03:46:05",
        "2278268": "2023-01-03T08:45:27",
        "56358702": "2023-01-10T10:50:56",
        "64393455": "2023-01-21T23:36:06",
        "50897707": "2023-02-07T01:34:33",
        "875499": "2023-02-16T03:28:11",
        "125592": "2023-02-16T12:36:07",
        "4756970": "2023-02-23T18:53:09",
        "7248": "2023-03-06T05:43:00",
        "3832082": "2023-03-07T11:58:17",
        "21142425": "2023-03-09T15:01:26",
        "45269589": "2023-03-13T05:31:14"
    }
}[
    {
        "GHA": [
            {
                "file_name": ".github/workflows/pr-title-checker.yml",
                "commit_date": "2023-02-02T06:25:47",
                "status": "modified",
                "first_commit": "2022-09-16T02:07:43",
                "last_commit": "2023-02-02T06:25:47",
                "CI_type": "GHA",
                "sha": "b57ddc83c7e10747c328011420cccc8ae97f47c6"
            },
            {
                "file_name": ".github/workflows/pr-title-checker.yml",
                "commit_date": "2022-09-16T02:07:43",
                "status": "added",
                "first_commit": "2022-09-16T02:07:43",
                "last_commit": "2023-02-02T06:25:47",
                "CI_type": "GHA",
                "sha": "ce8667db592324b3e159a59a1e35c1a1746ed2a8"
            },
            {
                "file_name": ".github/workflows/main.yml",
                "commit_date": "2023-02-02T06:25:47",
                "status": "modified",
                "first_commit": "2022-09-16T02:07:43",
                "last_commit": "2023-02-02T06:25:47",
                "CI_type": "GHA",
                "sha": "b57ddc83c7e10747c328011420cccc8ae97f47c6"
            },
            {
                "file_name": ".github/workflows/main.yml",
                "commit_date": "2022-12-29T02:44:22",
                "status": "modified",
                "first_commit": "2022-09-16T02:07:43",
                "last_commit": "2023-02-02T06:25:47",
                "CI_type": "GHA",
                "sha": "bb05cd8ab52762f28872f6b0520b9b3ee116d688"
            },
            {
                "file_name": ".github/workflows/main.yml",
                "commit_date": "2022-12-27T07:20:39",
                "status": "modified",
                "first_commit": "2022-09-16T02:07:43",
                "last_commit": "2023-02-02T06:25:47",
                "CI_type": "GHA",
                "sha": "2f583b55f25a40a4f2b6291613253a3910b36a6a"
            },
            {
                "file_name": ".github/workflows/main.yml",
                "commit_date": "2022-11-01T00:26:04",
                "status": "modified",
                "first_commit": "2022-09-16T02:07:43",
                "last_commit": "2023-02-02T06:25:47",
                "CI_type": "GHA",
                "sha": "46d2cd41d928fa10de7241785b272df99b7ec573"
            },
            {
                "file_name": ".github/workflows/main.yml",
                "commit_date": "2022-09-30T01:14:27",
                "status": "modified",
                "first_commit": "2022-09-16T02:07:43",
                "last_commit": "2023-02-02T06:25:47",
                "CI_type": "GHA",
                "sha": "7de81754b1c0dcf434de4e5456fb91477a174b1f"
            },
            {
                "file_name": ".github/workflows/main.yml",
                "commit_date": "2022-09-19T00:14:57",
                "status": "modified",
                "first_commit": "2022-09-16T02:07:43",
                "last_commit": "2023-02-02T06:25:47",
                "CI_type": "GHA",
                "sha": "c4268bf06369d147d94b570272586e79e19564b3"
            },
            {
                "file_name": ".github/workflows/main.yml",
                "commit_date": "2022-09-16T09:17:58",
                "status": "modified",
                "first_commit": "2022-09-16T02:07:43",
                "last_commit": "2023-02-02T06:25:47",
                "CI_type": "GHA",
                "sha": "a7a2d47747b344717c7a908db68cadbe6b62fe78"
            },
            {
                "file_name": ".github/workflows/main.yml",
                "commit_date": "2022-09-16T02:07:43",
                "status": "added",
                "first_commit": "2022-09-16T02:07:43",
                "last_commit": "2023-02-02T06:25:47",
                "CI_type": "GHA",
                "sha": "ce8667db592324b3e159a59a1e35c1a1746ed2a8"
            },
            {
                "file_name": ".github/workflows/update-gh-pages.yml",
                "commit_date": "2023-02-02T06:25:47",
                "status": "modified",
                "first_commit": "2022-09-16T02:07:43",
                "last_commit": "2023-02-02T06:25:47",
                "CI_type": "GHA",
                "sha": "b57ddc83c7e10747c328011420cccc8ae97f47c6"
            },
            {
                "file_name": ".github/workflows/update-gh-pages.yml",
                "commit_date": "2022-12-21T06:38:25",
                "status": "modified",
                "first_commit": "2022-09-16T02:07:43",
                "last_commit": "2023-02-02T06:25:47",
                "CI_type": "GHA",
                "sha": "12bfaca2c9bbf17edab506227a971aadc71746d0"
            },
            {
                "file_name": ".github/workflows/update-gh-pages.yml",
                "commit_date": "2022-10-26T01:49:28",
                "status": "modified",
                "first_commit": "2022-09-16T02:07:43",
                "last_commit": "2023-02-02T06:25:47",
                "CI_type": "GHA",
                "sha": "56303fc7d1f055a7321d863b5ff8835689899fe4"
            },
            {
                "file_name": ".github/workflows/update-gh-pages.yml",
                "commit_date": "2022-09-16T02:07:43",
                "status": "added",
                "first_commit": "2022-09-16T02:07:43",
                "last_commit": "2023-02-02T06:25:47",
                "CI_type": "GHA",
                "sha": "ce8667db592324b3e159a59a1e35c1a1746ed2a8"
            }
        ]
    },
    {
        "Travis": []
    },
    {
        "CircleCI": []
    },
    {
        "AppVeyor": []
    },
    {
        "Azure": []
    },
    {
        "GitLab": []
    },
    {
        "Jenkins": []
    }
]