{
    "id": 5331416,
    "name": "webapps-scientific-calculator",
    "full_name": "intel/webapps-scientific-calculator",
    "org_name": "Intel Corporation",
    "org_id": 17888862,
    "created_at": "2012-08-07T18:04:34",
    "pushed_at": "2016-05-27T10:43:19",
    "updated_at": "2023-01-28T15:57:37",
    "isFork": false,
    "forks": 33,
    "forks_count": 33,
    "has_downloads": true,
    "has_issues": true,
    "has_pages": false,
    "has_projects": true,
    "has_wiki": true,
    "homepage": null,
    "language": "JavaScript",
    "open_issues": 6,
    "open_issues_count": 6,
    "size": 45536,
    "stargazers_count": 27,
    "subscribers_count": 22,
    "watchers": 27,
    "watchers_count": 27,
    "first_commit": "2013-10-27T14:11:52",
    "last_commit": "2016-05-27T10:43:02",
    "branches_count": 7,
    "commit_comments_count": 0,
    "commits_count": 180,
    "countributors_count": 2,
    "downloads_count": 0,
    "events_count": 3,
    "issues_count": 6,
    "labels_count": 6,
    "milestones_count": 0,
    "PR_count": 13,
    "open_PR_count": 0,
    "readme_size": 1795,
    "release_count": 9,
    "topic_count": 0,
    "15_commits": 0,
    "16_commits": 65,
    "17_commits": 0,
    "18_commits": 0,
    "19_commits": 0,
    "20_commits": 0,
    "21_commits": 0,
    "22_commits": 0,
    "15_committer_num": 0,
    "16_committer_num": 0,
    "17_committer_num": 0,
    "18_committer_num": 0,
    "19_committer_num": 0,
    "20_committer_num": 0,
    "21_committer_num": 0,
    "22_committer_num": 0
}{
    "stargazer_date": {
        "2182082": "2013-04-03T12:32:17",
        "474019": "2013-07-15T16:33:12",
        "1177474": "2013-12-03T03:21:19",
        "1194338": "2013-12-25T03:40:16",
        "58576": "2014-05-21T21:38:32",
        "224731": "2014-07-18T09:13:13",
        "6841412": "2014-07-24T12:42:48",
        "663460": "2015-02-14T19:27:07",
        "2157467": "2015-02-15T02:06:03",
        "11682320": "2015-06-05T23:15:39",
        "1525579": "2015-07-15T16:42:19",
        "723251": "2015-09-24T21:21:06",
        "9561414": "2015-11-09T03:09:38",
        "2505852": "2016-04-11T22:44:35",
        "1692": "2016-04-11T22:48:30",
        "58716": "2016-04-12T02:37:16",
        "3664146": "2016-06-22T06:22:41",
        "169748": "2016-07-22T09:07:26",
        "5949436": "2016-12-13T09:48:05",
        "20839749": "2018-09-05T18:59:06",
        "1766747": "2018-09-16T18:49:07",
        "4626789": "2020-10-09T07:09:16",
        "37540234": "2020-12-09T13:46:20",
        "26312870": "2020-12-25T17:33:38",
        "1752577": "2021-01-06T15:16:21",
        "25191640": "2022-02-19T02:01:06",
        "8532967": "2023-01-05T12:00:40"
    }
}[
    {
        "GHA": {}
    },
    {
        "Travis": []
    },
    {
        "CircleCI": []
    },
    {
        "AppVeyor": []
    },
    {
        "Azure": []
    },
    {
        "GitLab": []
    },
    {
        "Jenkins": []
    }
]