{
    "id": 5331421,
    "name": "webapps-tenframe",
    "full_name": "intel/webapps-tenframe",
    "org_name": "Intel Corporation",
    "org_id": 17888862,
    "created_at": "2012-08-07T18:04:54",
    "pushed_at": "2016-01-19T11:50:23",
    "updated_at": "2023-01-28T18:32:45",
    "isFork": false,
    "forks": 11,
    "forks_count": 11,
    "has_downloads": true,
    "has_issues": true,
    "has_pages": false,
    "has_projects": true,
    "has_wiki": true,
    "homepage": null,
    "language": "JavaScript",
    "open_issues": 2,
    "open_issues_count": 2,
    "size": 5876,
    "stargazers_count": 4,
    "subscribers_count": 15,
    "watchers": 4,
    "watchers_count": 4,
    "first_commit": "2012-08-07T18:46:33",
    "last_commit": "2016-01-19T11:50:13",
    "branches_count": 2,
    "commit_comments_count": 0,
    "commits_count": 71,
    "countributors_count": 4,
    "downloads_count": 0,
    "events_count": 1,
    "issues_count": 2,
    "labels_count": 6,
    "milestones_count": 0,
    "PR_count": 3,
    "open_PR_count": 0,
    "readme_size": 4807,
    "release_count": 7,
    "topic_count": 0,
    "15_commits": 0,
    "16_commits": 1,
    "17_commits": 0,
    "18_commits": 0,
    "19_commits": 0,
    "20_commits": 0,
    "21_commits": 0,
    "22_commits": 0,
    "15_committer_num": 0,
    "16_committer_num": 0,
    "17_committer_num": 0,
    "18_committer_num": 0,
    "19_committer_num": 0,
    "20_committer_num": 0,
    "21_committer_num": 0,
    "22_committer_num": 0
}{
    "stargazer_date": {
        "1937594": "2012-08-07T18:04:54",
        "992520": "2013-07-25T04:40:38",
        "663460": "2015-02-14T19:27:12",
        "723251": "2015-09-24T21:28:47"
    }
}[
    {
        "GHA": {}
    },
    {
        "Travis": []
    },
    {
        "CircleCI": []
    },
    {
        "AppVeyor": []
    },
    {
        "Azure": []
    },
    {
        "GitLab": []
    },
    {
        "Jenkins": []
    }
]