{
    "id": 538447301,
    "name": "lkvs",
    "full_name": "intel/lkvs",
    "org_name": "Intel Corporation",
    "org_id": 17888862,
    "created_at": "2022-09-19T10:26:53",
    "pushed_at": "2023-03-07T02:08:16",
    "updated_at": "2023-03-10T00:58:08",
    "isFork": false,
    "forks": 8,
    "forks_count": 8,
    "has_downloads": true,
    "has_issues": true,
    "has_pages": false,
    "has_projects": true,
    "has_wiki": true,
    "homepage": null,
    "language": "C",
    "open_issues": 1,
    "open_issues_count": 1,
    "size": 134,
    "stargazers_count": 7,
    "subscribers_count": 5,
    "watchers": 7,
    "watchers_count": 7,
    "first_commit": "2022-10-02T03:34:10",
    "last_commit": "2023-03-04T04:47:08",
    "branches_count": 3,
    "commit_comments_count": 3,
    "commits_count": 65,
    "countributors_count": 6,
    "downloads_count": 0,
    "events_count": 184,
    "issues_count": 1,
    "labels_count": 9,
    "milestones_count": 0,
    "PR_count": 68,
    "open_PR_count": 1,
    "readme_size": 3520,
    "release_count": 2,
    "topic_count": 0,
    "15_commits": 0,
    "16_commits": 0,
    "17_commits": 0,
    "18_commits": 0,
    "19_commits": 0,
    "20_commits": 0,
    "21_commits": 0,
    "22_commits": 49,
    "15_committer_num": 0,
    "16_committer_num": 0,
    "17_committer_num": 0,
    "18_committer_num": 0,
    "19_committer_num": 0,
    "20_committer_num": 0,
    "21_committer_num": 0,
    "22_committer_num": 6
}{
    "stargazer_date": {
        "28581840": "2022-10-11T02:25:12",
        "14952658": "2022-10-21T05:36:09",
        "78670953": "2022-11-29T00:43:26",
        "1448148": "2023-01-03T05:52:10",
        "80935218": "2023-01-05T05:33:53",
        "39588980": "2023-03-10T00:58:08"
    }
}[
    {
        "GHA": [
            {
                "file_name": ".github/workflows/pull_request.yml",
                "commit_date": "2023-02-10T10:17:29",
                "status": "modified",
                "first_commit": "2022-12-08T13:06:11",
                "last_commit": "2023-02-10T10:17:29",
                "CI_type": "GHA",
                "sha": "3a04ee08faa9a62cc2ed26cd92990cba9206143e"
            },
            {
                "file_name": ".github/workflows/pull_request.yml",
                "commit_date": "2023-01-11T05:57:54",
                "status": "modified",
                "first_commit": "2022-12-08T13:06:11",
                "last_commit": "2023-02-10T10:17:29",
                "CI_type": "GHA",
                "sha": "c4ef5655838cccc2fec0fe11c5adbcaacac6c741"
            },
            {
                "file_name": ".github/workflows/pull_request.yml",
                "commit_date": "2022-12-19T06:08:11",
                "status": "modified",
                "first_commit": "2022-12-08T13:06:11",
                "last_commit": "2023-02-10T10:17:29",
                "CI_type": "GHA",
                "sha": "eab02d61da8d805d7565fd83e420f5cd26e6a7d3"
            },
            {
                "file_name": ".github/workflows/pull_request.yml",
                "commit_date": "2022-12-08T13:06:11",
                "status": "added",
                "first_commit": "2022-12-08T13:06:11",
                "last_commit": "2023-02-10T10:17:29",
                "CI_type": "GHA",
                "sha": "e0a59170b796f9b263a4073ae945bea9e541ff61"
            }
        ]
    },
    {
        "Travis": []
    },
    {
        "CircleCI": []
    },
    {
        "AppVeyor": []
    },
    {
        "Azure": []
    },
    {
        "GitLab": []
    },
    {
        "Jenkins": []
    }
]