{
    "id": 53891384,
    "name": "webnfc-shoppingcart-demo",
    "full_name": "intel/webnfc-shoppingcart-demo",
    "org_name": "Intel Corporation",
    "org_id": 17888862,
    "created_at": "2016-03-14T20:58:02",
    "pushed_at": "2022-08-04T22:09:12",
    "updated_at": "2023-01-27T22:31:37",
    "isFork": false,
    "forks": 18,
    "forks_count": 18,
    "has_downloads": true,
    "has_issues": true,
    "has_pages": false,
    "has_projects": true,
    "has_wiki": true,
    "homepage": null,
    "language": "JavaScript",
    "open_issues": 0,
    "open_issues_count": 0,
    "size": 2071,
    "stargazers_count": 12,
    "subscribers_count": 7,
    "watchers": 12,
    "watchers_count": 12,
    "first_commit": "2017-06-01T10:22:15",
    "last_commit": "2022-08-04T22:03:28",
    "branches_count": 2,
    "commit_comments_count": 0,
    "commits_count": 8,
    "countributors_count": 2,
    "downloads_count": 0,
    "events_count": 0,
    "issues_count": 0,
    "labels_count": 7,
    "milestones_count": 0,
    "PR_count": 2,
    "open_PR_count": 0,
    "readme_size": 495,
    "release_count": 0,
    "topic_count": 0,
    "15_commits": 0,
    "16_commits": 0,
    "17_commits": 0,
    "18_commits": 2,
    "19_commits": 5,
    "20_commits": 0,
    "21_commits": 0,
    "22_commits": 1,
    "15_committer_num": 0,
    "16_committer_num": 0,
    "17_committer_num": 0,
    "18_committer_num": 1,
    "19_committer_num": 1,
    "20_committer_num": 0,
    "21_committer_num": 0,
    "22_committer_num": 1
}{
    "stargazer_date": {
        "1101339": "2016-03-17T23:24:43",
        "21221": "2016-06-16T09:44:11",
        "4540037": "2016-06-17T12:56:44",
        "15354": "2016-09-03T14:39:14",
        "5661105": "2016-12-16T00:11:31",
        "705652": "2017-03-04T07:48:29",
        "64329": "2018-11-28T14:37:03",
        "666289": "2019-03-19T14:28:20",
        "20646725": "2019-05-06T13:25:26",
        "8432403": "2019-08-23T15:14:46",
        "2671660": "2019-12-10T23:32:08",
        "38405997": "2021-02-02T06:48:31"
    }
}[
    {
        "GHA": {}
    },
    {
        "Travis": []
    },
    {
        "CircleCI": []
    },
    {
        "AppVeyor": []
    },
    {
        "Azure": []
    },
    {
        "GitLab": []
    },
    {
        "Jenkins": []
    }
]