{
    "id": 549802879,
    "name": "terraform-intel-azure-mssql",
    "full_name": "intel/terraform-intel-azure-mssql",
    "org_name": "Intel Corporation",
    "org_id": 17888862,
    "created_at": "2022-10-11T19:04:31",
    "pushed_at": "2023-02-08T17:36:25",
    "updated_at": "2023-03-05T12:09:50",
    "isFork": false,
    "forks": 1,
    "forks_count": 1,
    "has_downloads": true,
    "has_issues": true,
    "has_pages": false,
    "has_projects": true,
    "has_wiki": true,
    "homepage": "",
    "language": "HCL",
    "open_issues": 0,
    "open_issues_count": 0,
    "size": 361,
    "stargazers_count": 10,
    "subscribers_count": 2,
    "watchers": 10,
    "watchers_count": 10,
    "first_commit": "2022-10-07T21:38:04",
    "last_commit": "2023-02-08T17:34:28",
    "branches_count": 1,
    "commit_comments_count": 0,
    "commits_count": 32,
    "countributors_count": 4,
    "downloads_count": 0,
    "events_count": 94,
    "issues_count": 0,
    "labels_count": 9,
    "milestones_count": 0,
    "PR_count": 5,
    "open_PR_count": 0,
    "readme_size": 13390,
    "release_count": 3,
    "topic_count": 0,
    "15_commits": 0,
    "16_commits": 0,
    "17_commits": 0,
    "18_commits": 0,
    "19_commits": 0,
    "20_commits": 0,
    "21_commits": 0,
    "22_commits": 24,
    "15_committer_num": 0,
    "16_committer_num": 0,
    "17_committer_num": 0,
    "18_committer_num": 0,
    "19_committer_num": 0,
    "20_committer_num": 0,
    "21_committer_num": 0,
    "22_committer_num": 4
}{
    "stargazer_date": {
        "116124697": "2023-02-01T20:56:23",
        "6990206": "2023-02-02T20:33:24",
        "48757873": "2023-02-02T20:37:56",
        "25471339": "2023-02-03T16:42:01",
        "7860065": "2023-02-07T14:50:26",
        "123095645": "2023-02-07T14:52:25",
        "124699209": "2023-02-07T14:53:38",
        "2255750": "2023-02-07T14:59:56",
        "90873370": "2023-02-07T15:11:25",
        "1325883": "2023-03-05T12:09:50"
    }
}[
    {
        "GHA": {}
    },
    {
        "Travis": []
    },
    {
        "CircleCI": []
    },
    {
        "AppVeyor": []
    },
    {
        "Azure": []
    },
    {
        "GitLab": []
    },
    {
        "Jenkins": []
    }
]