{
    "id": 551061486,
    "name": "Intel-NLP-workflow-for-Azure-ML",
    "full_name": "intel/Intel-NLP-workflow-for-Azure-ML",
    "org_name": "Intel Corporation",
    "org_id": 17888862,
    "created_at": "2022-10-13T19:25:44",
    "pushed_at": "2022-12-14T23:33:18",
    "updated_at": "2022-12-06T09:37:31",
    "isFork": false,
    "forks": 0,
    "forks_count": 0,
    "has_downloads": true,
    "has_issues": true,
    "has_pages": false,
    "has_projects": true,
    "has_wiki": true,
    "homepage": "",
    "language": "Jupyter Notebook",
    "open_issues": 0,
    "open_issues_count": 0,
    "size": 80,
    "stargazers_count": 4,
    "subscribers_count": 2,
    "watchers": 4,
    "watchers_count": 4,
    "first_commit": "2022-10-13T19:18:57",
    "last_commit": "2022-12-14T23:36:19",
    "branches_count": 1,
    "commit_comments_count": 0,
    "commits_count": 16,
    "countributors_count": 2,
    "downloads_count": 0,
    "events_count": 1,
    "issues_count": 0,
    "labels_count": 9,
    "milestones_count": 0,
    "PR_count": 0,
    "open_PR_count": 0,
    "readme_size": 6282,
    "release_count": 2,
    "topic_count": 0,
    "15_commits": 0,
    "16_commits": 0,
    "17_commits": 0,
    "18_commits": 0,
    "19_commits": 0,
    "20_commits": 0,
    "21_commits": 0,
    "22_commits": 16,
    "15_committer_num": 0,
    "16_committer_num": 0,
    "17_committer_num": 0,
    "18_committer_num": 0,
    "19_committer_num": 0,
    "20_committer_num": 0,
    "21_committer_num": 0,
    "22_committer_num": 2
}{
    "stargazer_date": {
        "15855337": "2022-10-20T20:36:10",
        "7245057": "2022-10-20T21:25:24",
        "7719819": "2022-12-06T09:37:31"
    }
}[
    {
        "GHA": {}
    },
    {
        "Travis": []
    },
    {
        "CircleCI": []
    },
    {
        "AppVeyor": []
    },
    {
        "Azure": []
    },
    {
        "GitLab": []
    },
    {
        "Jenkins": []
    }
]