{
    "id": 555306494,
    "name": "kubevirt-tdx",
    "full_name": "intel/kubevirt-tdx",
    "org_name": "Intel Corporation",
    "org_id": 17888862,
    "created_at": "2022-10-21T10:20:11",
    "pushed_at": "2023-03-07T08:19:15",
    "updated_at": "2023-03-03T05:24:01",
    "isFork": false,
    "forks": 0,
    "forks_count": 0,
    "has_downloads": true,
    "has_issues": true,
    "has_pages": false,
    "has_projects": true,
    "has_wiki": true,
    "homepage": "",
    "language": null,
    "open_issues": 0,
    "open_issues_count": 0,
    "size": 251400,
    "stargazers_count": 1,
    "subscribers_count": 1,
    "watchers": 1,
    "watchers_count": 1,
    "first_commit": "2022-10-21T10:20:16",
    "last_commit": "2022-10-21T10:20:16",
    "branches_count": 3,
    "commit_comments_count": 0,
    "commits_count": 1,
    "countributors_count": 1,
    "downloads_count": 0,
    "events_count": 8,
    "issues_count": 0,
    "labels_count": 9,
    "milestones_count": 0,
    "PR_count": 0,
    "open_PR_count": 0,
    "readme_size": 0,
    "release_count": 0,
    "topic_count": 2,
    "15_commits": 0,
    "16_commits": 0,
    "17_commits": 0,
    "18_commits": 0,
    "19_commits": 0,
    "20_commits": 0,
    "21_commits": 0,
    "22_commits": 1,
    "15_committer_num": 0,
    "16_committer_num": 0,
    "17_committer_num": 0,
    "18_committer_num": 0,
    "19_committer_num": 0,
    "20_committer_num": 0,
    "21_committer_num": 0,
    "22_committer_num": 1
}{
    "stargazer_date": {
        "102779531": "2023-03-03T05:24:01"
    }
}[
    {
        "GHA": {}
    },
    {
        "Travis": []
    },
    {
        "CircleCI": []
    },
    {
        "AppVeyor": []
    },
    {
        "Azure": []
    },
    {
        "GitLab": []
    },
    {
        "Jenkins": []
    }
]