{
    "id": 566557702,
    "name": "AI-Hackathon",
    "full_name": "intel/AI-Hackathon",
    "org_name": "Intel Corporation",
    "org_id": 17888862,
    "created_at": "2022-11-15T23:27:06",
    "pushed_at": "2023-03-07T03:52:33",
    "updated_at": "2023-03-11T13:21:47",
    "isFork": false,
    "forks": 7,
    "forks_count": 7,
    "has_downloads": true,
    "has_issues": true,
    "has_pages": false,
    "has_projects": true,
    "has_wiki": true,
    "homepage": null,
    "language": "Jupyter Notebook",
    "open_issues": 0,
    "open_issues_count": 0,
    "size": 188229,
    "stargazers_count": 15,
    "subscribers_count": 2,
    "watchers": 15,
    "watchers_count": 15,
    "first_commit": "2022-10-20T20:28:00",
    "last_commit": "2023-03-07T03:52:33",
    "branches_count": 2,
    "commit_comments_count": 0,
    "commits_count": 63,
    "countributors_count": 3,
    "downloads_count": 0,
    "events_count": 36,
    "issues_count": 0,
    "labels_count": 9,
    "milestones_count": 0,
    "PR_count": 0,
    "open_PR_count": 0,
    "readme_size": 626,
    "release_count": 1,
    "topic_count": 0,
    "15_commits": 0,
    "16_commits": 0,
    "17_commits": 0,
    "18_commits": 0,
    "19_commits": 0,
    "20_commits": 0,
    "21_commits": 0,
    "22_commits": 38,
    "15_committer_num": 0,
    "16_committer_num": 0,
    "17_committer_num": 0,
    "18_committer_num": 0,
    "19_committer_num": 0,
    "20_committer_num": 0,
    "21_committer_num": 0,
    "22_committer_num": 3
}{
    "stargazer_date": {
        "62230070": "2022-12-05T15:46:03",
        "968180": "2022-12-06T10:02:26",
        "29976962": "2022-12-07T06:57:37",
        "34819268": "2022-12-08T01:53:21",
        "115072593": "2022-12-09T08:16:56",
        "34022496": "2022-12-11T06:07:44",
        "12931259": "2022-12-12T23:28:46",
        "79366050": "2022-12-15T13:41:15",
        "60482666": "2023-01-02T14:56:48",
        "116458125": "2023-01-05T12:45:42",
        "97673859": "2023-01-05T16:36:25",
        "1046939": "2023-01-12T09:19:31",
        "13548560": "2023-01-14T05:20:29",
        "57319489": "2023-02-04T18:03:56",
        "87008823": "2023-03-11T13:21:47"
    }
}[
    {
        "GHA": {}
    },
    {
        "Travis": []
    },
    {
        "CircleCI": []
    },
    {
        "AppVeyor": []
    },
    {
        "Azure": []
    },
    {
        "GitLab": []
    },
    {
        "Jenkins": []
    }
]