{
    "id": 56883012,
    "name": "OpenOCD",
    "full_name": "intel/OpenOCD",
    "org_name": "Intel Corporation",
    "org_id": 17888862,
    "created_at": "2016-04-22T20:21:56",
    "pushed_at": "2022-08-04T23:10:49",
    "updated_at": "2023-01-27T22:31:33",
    "isFork": false,
    "forks": 10,
    "forks_count": 10,
    "has_downloads": true,
    "has_issues": true,
    "has_pages": false,
    "has_projects": true,
    "has_wiki": true,
    "homepage": null,
    "language": "C",
    "open_issues": 2,
    "open_issues_count": 2,
    "size": 22561,
    "stargazers_count": 3,
    "subscribers_count": 11,
    "watchers": 3,
    "watchers_count": 3,
    "first_commit": "2013-10-10T19:56:26",
    "last_commit": "2022-08-04T23:05:05",
    "branches_count": 2,
    "commit_comments_count": 0,
    "commits_count": 6244,
    "countributors_count": 153,
    "downloads_count": 0,
    "events_count": 1,
    "issues_count": 2,
    "labels_count": 7,
    "milestones_count": 0,
    "PR_count": 3,
    "open_PR_count": 2,
    "readme_size": 593,
    "release_count": 1,
    "topic_count": 0,
    "15_commits": 0,
    "16_commits": 6,
    "17_commits": 0,
    "18_commits": 0,
    "19_commits": 0,
    "20_commits": 0,
    "21_commits": 0,
    "22_commits": 1,
    "15_committer_num": 0,
    "16_committer_num": 1,
    "17_committer_num": 0,
    "18_committer_num": 0,
    "19_committer_num": 0,
    "20_committer_num": 0,
    "21_committer_num": 0,
    "22_committer_num": 1
}{
    "stargazer_date": {
        "37599898": "2021-09-20T16:24:18",
        "50417979": "2022-10-02T17:29:16",
        "112840741": "2023-01-10T14:45:17"
    }
}[
    {
        "GHA": {}
    },
    {
        "Travis": []
    },
    {
        "CircleCI": []
    },
    {
        "AppVeyor": []
    },
    {
        "Azure": []
    },
    {
        "GitLab": []
    },
    {
        "Jenkins": []
    }
]