{
    "id": 575305453,
    "name": "workloadbreakdown",
    "full_name": "intel/workloadbreakdown",
    "org_name": "Intel Corporation",
    "org_id": 17888862,
    "created_at": "2022-12-07T08:01:25",
    "pushed_at": "2022-12-31T22:15:05",
    "updated_at": "2023-02-09T10:15:43",
    "isFork": false,
    "forks": 1,
    "forks_count": 1,
    "has_downloads": true,
    "has_issues": true,
    "has_pages": false,
    "has_projects": true,
    "has_wiki": true,
    "homepage": null,
    "language": "C",
    "open_issues": 0,
    "open_issues_count": 0,
    "size": 1243,
    "stargazers_count": 5,
    "subscribers_count": 1,
    "watchers": 5,
    "watchers_count": 5,
    "first_commit": "2022-12-07T08:01:31",
    "last_commit": "2022-12-31T22:15:05",
    "branches_count": 1,
    "commit_comments_count": 0,
    "commits_count": 5,
    "countributors_count": 2,
    "downloads_count": 0,
    "events_count": 2,
    "issues_count": 0,
    "labels_count": 9,
    "milestones_count": 0,
    "PR_count": 0,
    "open_PR_count": 0,
    "readme_size": 1440,
    "release_count": 1,
    "topic_count": 0,
    "15_commits": 0,
    "16_commits": 0,
    "17_commits": 0,
    "18_commits": 0,
    "19_commits": 0,
    "20_commits": 0,
    "21_commits": 0,
    "22_commits": 5,
    "15_committer_num": 0,
    "16_committer_num": 0,
    "17_committer_num": 0,
    "18_committer_num": 0,
    "19_committer_num": 0,
    "20_committer_num": 0,
    "21_committer_num": 0,
    "22_committer_num": 2
}{
    "stargazer_date": {
        "88686809": "2022-12-08T15:59:48",
        "19275861": "2022-12-09T14:31:34",
        "22837924": "2022-12-12T08:51:36",
        "86739774": "2022-12-14T16:25:26"
    }
}[
    {
        "GHA": {}
    },
    {
        "Travis": []
    },
    {
        "CircleCI": []
    },
    {
        "AppVeyor": []
    },
    {
        "Azure": []
    },
    {
        "GitLab": []
    },
    {
        "Jenkins": []
    }
]