{
    "id": 58482542,
    "name": "incubator-mynewt-core",
    "full_name": "intel/incubator-mynewt-core",
    "org_name": "Intel Corporation",
    "org_id": 17888862,
    "created_at": "2016-05-10T17:56:24",
    "pushed_at": "2016-05-11T05:28:05",
    "updated_at": "2023-01-28T18:30:29",
    "isFork": true,
    "forks": 1,
    "forks_count": 1,
    "has_downloads": true,
    "has_issues": false,
    "has_pages": false,
    "has_projects": true,
    "has_wiki": false,
    "homepage": "",
    "language": "C",
    "open_issues": 0,
    "open_issues_count": 0,
    "size": 7581,
    "stargazers_count": 0,
    "subscribers_count": 6,
    "watchers": 0,
    "watchers_count": 0,
    "first_commit": "2016-04-08T21:22:20",
    "last_commit": "2016-05-06T01:03:29",
    "branches_count": 7,
    "commit_comments_count": 0,
    "commits_count": 1802,
    "countributors_count": 5,
    "downloads_count": 0,
    "events_count": 0,
    "issues_count": 0,
    "labels_count": 7,
    "milestones_count": 0,
    "PR_count": 0,
    "open_PR_count": 0,
    "readme_size": 9702,
    "release_count": 0,
    "topic_count": 0,
    "15_commits": 940,
    "16_commits": 862,
    "17_commits": 0,
    "18_commits": 0,
    "19_commits": 0,
    "20_commits": 0,
    "21_commits": 0,
    "22_commits": 0,
    "15_committer_num": 2,
    "16_committer_num": 5,
    "17_committer_num": 0,
    "18_committer_num": 0,
    "19_committer_num": 0,
    "20_committer_num": 0,
    "21_committer_num": 0,
    "22_committer_num": 0
}{
    "stargazer_date": {}
}[
    {
        "GHA": {}
    },
    {
        "Travis": []
    },
    {
        "CircleCI": []
    },
    {
        "AppVeyor": []
    },
    {
        "Azure": []
    },
    {
        "GitLab": []
    },
    {
        "Jenkins": []
    }
]