{
    "id": 584963475,
    "name": "k8s-device-scalability-tester",
    "full_name": "intel/k8s-device-scalability-tester",
    "org_name": "Intel Corporation",
    "org_id": 17888862,
    "created_at": "2023-01-04T00:58:25",
    "pushed_at": "2023-02-14T17:49:43",
    "updated_at": "2023-01-10T17:30:01",
    "isFork": false,
    "forks": 0,
    "forks_count": 0,
    "has_downloads": true,
    "has_issues": true,
    "has_pages": false,
    "has_projects": true,
    "has_wiki": true,
    "homepage": "",
    "language": "Go",
    "open_issues": 0,
    "open_issues_count": 0,
    "size": 219,
    "stargazers_count": 2,
    "subscribers_count": 1,
    "watchers": 2,
    "watchers_count": 2,
    "first_commit": "2023-01-04T00:58:31",
    "last_commit": "2023-02-14T17:46:59",
    "branches_count": 1,
    "commit_comments_count": 0,
    "commits_count": 40,
    "countributors_count": 2,
    "downloads_count": 0,
    "events_count": 16,
    "issues_count": 0,
    "labels_count": 9,
    "milestones_count": 0,
    "PR_count": 0,
    "open_PR_count": 0,
    "readme_size": 3190,
    "release_count": 0,
    "topic_count": 0,
    "15_commits": 0,
    "16_commits": 0,
    "17_commits": 0,
    "18_commits": 0,
    "19_commits": 0,
    "20_commits": 0,
    "21_commits": 0,
    "22_commits": 0,
    "15_committer_num": 0,
    "16_committer_num": 0,
    "17_committer_num": 0,
    "18_committer_num": 0,
    "19_committer_num": 0,
    "20_committer_num": 0,
    "21_committer_num": 0,
    "22_committer_num": 0
}{
    "stargazer_date": {
        "27885054": "2023-01-04T07:40:34"
    }
}[
    {
        "GHA": {}
    },
    {
        "Travis": []
    },
    {
        "CircleCI": []
    },
    {
        "AppVeyor": []
    },
    {
        "Azure": []
    },
    {
        "GitLab": []
    },
    {
        "Jenkins": []
    }
]