{
    "id": 587910303,
    "name": "srs",
    "full_name": "intel/srs",
    "org_name": "Intel Corporation",
    "org_id": 17888862,
    "created_at": "2023-01-11T21:50:25",
    "pushed_at": "2023-03-13T06:18:26",
    "updated_at": "2023-02-28T21:37:04",
    "isFork": false,
    "forks": 1,
    "forks_count": 1,
    "has_downloads": true,
    "has_issues": true,
    "has_pages": true,
    "has_projects": true,
    "has_wiki": true,
    "homepage": null,
    "language": "Shell",
    "open_issues": 0,
    "open_issues_count": 0,
    "size": 67269,
    "stargazers_count": 5,
    "subscribers_count": 1,
    "watchers": 5,
    "watchers_count": 5,
    "first_commit": "2023-01-11T21:50:32",
    "last_commit": "2023-03-10T17:01:51",
    "branches_count": 3,
    "commit_comments_count": 0,
    "commits_count": 57,
    "countributors_count": 2,
    "downloads_count": 0,
    "events_count": 278,
    "issues_count": 0,
    "labels_count": 9,
    "milestones_count": 0,
    "PR_count": 1,
    "open_PR_count": 0,
    "readme_size": 0,
    "release_count": 0,
    "topic_count": 0,
    "15_commits": 0,
    "16_commits": 0,
    "17_commits": 0,
    "18_commits": 0,
    "19_commits": 0,
    "20_commits": 0,
    "21_commits": 0,
    "22_commits": 0,
    "15_committer_num": 0,
    "16_committer_num": 0,
    "17_committer_num": 0,
    "18_committer_num": 0,
    "19_committer_num": 0,
    "20_committer_num": 0,
    "21_committer_num": 0,
    "22_committer_num": 0
}{
    "stargazer_date": {
        "9873867": "2023-01-31T20:50:23",
        "3172829": "2023-01-31T21:28:32",
        "12810839": "2023-02-01T16:45:47",
        "6406199": "2023-02-28T21:37:04"
    }
}[
    {
        "GHA": [
            {
                "file_name": ".github/workflows/summary.yml",
                "commit_date": "2023-02-27T16:55:20",
                "status": "modified",
                "first_commit": "2023-02-19T00:13:34",
                "last_commit": "2023-02-27T16:55:20",
                "CI_type": "GHA",
                "sha": "6a4778d875ace70ee4bba5d2f6b6877f974e5efb"
            },
            {
                "file_name": ".github/workflows/summary.yml",
                "commit_date": "2023-02-21T17:31:20",
                "status": "modified",
                "first_commit": "2023-02-19T00:13:34",
                "last_commit": "2023-02-27T16:55:20",
                "CI_type": "GHA",
                "sha": "688c41f4b351cbf4f5cdf48b6bd39dcd1b13c191"
            },
            {
                "file_name": ".github/workflows/summary.yml",
                "commit_date": "2023-02-21T17:20:33",
                "status": "modified",
                "first_commit": "2023-02-19T00:13:34",
                "last_commit": "2023-02-27T16:55:20",
                "CI_type": "GHA",
                "sha": "8c470ddfcce9730660a95af3ee29352a8706fc65"
            },
            {
                "file_name": ".github/workflows/summary.yml",
                "commit_date": "2023-02-19T00:13:34",
                "status": "added",
                "first_commit": "2023-02-19T00:13:34",
                "last_commit": "2023-02-27T16:55:20",
                "CI_type": "GHA",
                "sha": "a52ffc2e4ae00c896200dc82f3804938af440268"
            },
            {
                "file_name": ".github/workflows/work2matrix.yml",
                "commit_date": "2023-01-30T14:05:24",
                "status": "modified",
                "first_commit": "2023-01-12T14:12:21",
                "last_commit": "2023-01-30T14:05:24",
                "CI_type": "GHA",
                "sha": "0d984c38f78357a7b90e0ad0d216fd271998638b"
            },
            {
                "file_name": ".github/workflows/work2matrix.yml",
                "commit_date": "2023-01-12T14:12:21",
                "status": "added",
                "first_commit": "2023-01-12T14:12:21",
                "last_commit": "2023-01-30T14:05:24",
                "CI_type": "GHA",
                "sha": "378cad09754c2ae388b70be00a279b95df2d05ee"
            },
            {
                "file_name": ".github/workflows/metadata-steps.yml",
                "commit_date": "2023-02-14T21:32:11",
                "status": "added",
                "first_commit": "2023-02-14T21:32:11",
                "last_commit": "2023-02-14T21:32:11",
                "CI_type": "GHA",
                "sha": "450fb64db08eb4bab80f487b70ff8f15a3aba746"
            },
            {
                "file_name": ".github/workflows/scan-build.yml",
                "commit_date": "2023-03-01T01:40:42",
                "status": "modified",
                "first_commit": "2023-01-12T14:12:21",
                "last_commit": "2023-03-01T01:40:42",
                "CI_type": "GHA",
                "sha": "f6369acc171227c83fedb8e0c58809764c89f82c"
            },
            {
                "file_name": ".github/workflows/scan-build.yml",
                "commit_date": "2023-01-27T17:14:20",
                "status": "modified",
                "first_commit": "2023-01-12T14:12:21",
                "last_commit": "2023-03-01T01:40:42",
                "CI_type": "GHA",
                "sha": "ca858c48b68e16a2c952dbf679430df2dd074688"
            },
            {
                "file_name": ".github/workflows/scan-build.yml",
                "commit_date": "2023-01-27T16:11:53",
                "status": "modified",
                "first_commit": "2023-01-12T14:12:21",
                "last_commit": "2023-03-01T01:40:42",
                "CI_type": "GHA",
                "sha": "490e82d451dd0b2a191b80fafa7ee18cb2a01173"
            },
            {
                "file_name": ".github/workflows/scan-build.yml",
                "commit_date": "2023-01-26T21:19:25",
                "status": "modified",
                "first_commit": "2023-01-12T14:12:21",
                "last_commit": "2023-03-01T01:40:42",
                "CI_type": "GHA",
                "sha": "793fee6459179c3b0df5e6b7551db980befa6ab4"
            },
            {
                "file_name": ".github/workflows/scan-build.yml",
                "commit_date": "2023-01-26T19:21:15",
                "status": "modified",
                "first_commit": "2023-01-12T14:12:21",
                "last_commit": "2023-03-01T01:40:42",
                "CI_type": "GHA",
                "sha": "1bf132949dca07ee04ec247453acc268f0be94e1"
            },
            {
                "file_name": ".github/workflows/scan-build.yml",
                "commit_date": "2023-01-26T19:05:42",
                "status": "modified",
                "first_commit": "2023-01-12T14:12:21",
                "last_commit": "2023-03-01T01:40:42",
                "CI_type": "GHA",
                "sha": "afa5ad6c1b005a6bd9c0d9bf41d65a6ff90b135f"
            },
            {
                "file_name": ".github/workflows/scan-build.yml",
                "commit_date": "2023-01-12T14:12:21",
                "status": "added",
                "first_commit": "2023-01-12T14:12:21",
                "last_commit": "2023-03-01T01:40:42",
                "CI_type": "GHA",
                "sha": "378cad09754c2ae388b70be00a279b95df2d05ee"
            },
            {
                "file_name": ".github/workflows/weekly.yml",
                "commit_date": "2023-02-24T15:56:46",
                "status": "added",
                "first_commit": "2023-02-24T15:56:46",
                "last_commit": "2023-02-24T15:56:46",
                "CI_type": "GHA",
                "sha": "ce0f39f5c6f5bdb786fbb50a6306df11f068cc1e"
            },
            {
                "file_name": ".github/workflows/ossf-scorecard-steps.yml",
                "commit_date": "2023-03-06T18:27:16",
                "status": "modified",
                "first_commit": "2023-01-12T14:12:21",
                "last_commit": "2023-03-06T18:27:16",
                "CI_type": "GHA",
                "sha": "39d54aec306291cb235f9f0d442948545c80efc5"
            },
            {
                "file_name": ".github/workflows/ossf-scorecard-steps.yml",
                "commit_date": "2023-03-01T13:31:06",
                "status": "modified",
                "first_commit": "2023-01-12T14:12:21",
                "last_commit": "2023-03-06T18:27:16",
                "CI_type": "GHA",
                "sha": "047d78ecbcd3c51cc5f4bd2904320fe2daf3fc64"
            },
            {
                "file_name": ".github/workflows/ossf-scorecard-steps.yml",
                "commit_date": "2023-03-01T01:37:24",
                "status": "modified",
                "first_commit": "2023-01-12T14:12:21",
                "last_commit": "2023-03-06T18:27:16",
                "CI_type": "GHA",
                "sha": "6758c6b0b5752f4df8a03f39953bd0d45d067cbb"
            },
            {
                "file_name": ".github/workflows/ossf-scorecard-steps.yml",
                "commit_date": "2023-01-30T14:19:05",
                "status": "modified",
                "first_commit": "2023-01-12T14:12:21",
                "last_commit": "2023-03-06T18:27:16",
                "CI_type": "GHA",
                "sha": "c4af384e45a8964184d38fb0a7fe96956f4a7395"
            },
            {
                "file_name": ".github/workflows/ossf-scorecard-steps.yml",
                "commit_date": "2023-01-27T18:14:17",
                "status": "modified",
                "first_commit": "2023-01-12T14:12:21",
                "last_commit": "2023-03-06T18:27:16",
                "CI_type": "GHA",
                "sha": "dcf78fd273c0c4903a00eec8a37835613fadcf1d"
            },
            {
                "file_name": ".github/workflows/ossf-scorecard-steps.yml",
                "commit_date": "2023-01-12T14:12:21",
                "status": "added",
                "first_commit": "2023-01-12T14:12:21",
                "last_commit": "2023-03-06T18:27:16",
                "CI_type": "GHA",
                "sha": "378cad09754c2ae388b70be00a279b95df2d05ee"
            },
            {
                "file_name": ".github/workflows/ossf-scorecard.yml",
                "commit_date": "2023-03-01T01:40:42",
                "status": "modified",
                "first_commit": "2023-01-12T14:12:21",
                "last_commit": "2023-03-01T01:40:42",
                "CI_type": "GHA",
                "sha": "f6369acc171227c83fedb8e0c58809764c89f82c"
            },
            {
                "file_name": ".github/workflows/ossf-scorecard.yml",
                "commit_date": "2023-01-27T18:14:17",
                "status": "modified",
                "first_commit": "2023-01-12T14:12:21",
                "last_commit": "2023-03-01T01:40:42",
                "CI_type": "GHA",
                "sha": "dcf78fd273c0c4903a00eec8a37835613fadcf1d"
            },
            {
                "file_name": ".github/workflows/ossf-scorecard.yml",
                "commit_date": "2023-01-12T14:12:21",
                "status": "added",
                "first_commit": "2023-01-12T14:12:21",
                "last_commit": "2023-03-01T01:40:42",
                "CI_type": "GHA",
                "sha": "378cad09754c2ae388b70be00a279b95df2d05ee"
            },
            {
                "file_name": ".github/workflows/query.yml",
                "commit_date": "2023-02-27T16:55:20",
                "status": "modified",
                "first_commit": "2023-01-12T14:12:21",
                "last_commit": "2023-02-27T16:55:20",
                "CI_type": "GHA",
                "sha": "6a4778d875ace70ee4bba5d2f6b6877f974e5efb"
            },
            {
                "file_name": ".github/workflows/query.yml",
                "commit_date": "2023-02-19T22:56:46",
                "status": "modified",
                "first_commit": "2023-01-12T14:12:21",
                "last_commit": "2023-02-27T16:55:20",
                "CI_type": "GHA",
                "sha": "a836129a8ff96a4a2d1d88f9d460c230eaac5c81"
            },
            {
                "file_name": ".github/workflows/query.yml",
                "commit_date": "2023-02-19T00:13:34",
                "status": "modified",
                "first_commit": "2023-01-12T14:12:21",
                "last_commit": "2023-02-27T16:55:20",
                "CI_type": "GHA",
                "sha": "a52ffc2e4ae00c896200dc82f3804938af440268"
            },
            {
                "file_name": ".github/workflows/query.yml",
                "commit_date": "2023-02-14T21:32:11",
                "status": "modified",
                "first_commit": "2023-01-12T14:12:21",
                "last_commit": "2023-02-27T16:55:20",
                "CI_type": "GHA",
                "sha": "450fb64db08eb4bab80f487b70ff8f15a3aba746"
            },
            {
                "file_name": ".github/workflows/query.yml",
                "commit_date": "2023-02-08T18:50:21",
                "status": "modified",
                "first_commit": "2023-01-12T14:12:21",
                "last_commit": "2023-02-27T16:55:20",
                "CI_type": "GHA",
                "sha": "d2a79f0565e9a099f5a02a8a05daf07c4cc4d69b"
            },
            {
                "file_name": ".github/workflows/query.yml",
                "commit_date": "2023-02-07T20:45:01",
                "status": "modified",
                "first_commit": "2023-01-12T14:12:21",
                "last_commit": "2023-02-27T16:55:20",
                "CI_type": "GHA",
                "sha": "120063f28ad896aa800488c9cfa04657ff3cf8b7"
            },
            {
                "file_name": ".github/workflows/query.yml",
                "commit_date": "2023-02-07T20:37:36",
                "status": "modified",
                "first_commit": "2023-01-12T14:12:21",
                "last_commit": "2023-02-27T16:55:20",
                "CI_type": "GHA",
                "sha": "f7fd2c8c9a76e61069d6f7a5bf8b0cbacb0126a8"
            },
            {
                "file_name": ".github/workflows/query.yml",
                "commit_date": "2023-02-07T20:32:33",
                "status": "modified",
                "first_commit": "2023-01-12T14:12:21",
                "last_commit": "2023-02-27T16:55:20",
                "CI_type": "GHA",
                "sha": "cfa0c62bac53a76d528dd825b692dfcccea0519d"
            },
            {
                "file_name": ".github/workflows/query.yml",
                "commit_date": "2023-02-07T13:06:51",
                "status": "modified",
                "first_commit": "2023-01-12T14:12:21",
                "last_commit": "2023-02-27T16:55:20",
                "CI_type": "GHA",
                "sha": "988191449b7e254b773b9e5af618d53974e6e01e"
            },
            {
                "file_name": ".github/workflows/query.yml",
                "commit_date": "2023-02-02T14:27:16",
                "status": "modified",
                "first_commit": "2023-01-12T14:12:21",
                "last_commit": "2023-02-27T16:55:20",
                "CI_type": "GHA",
                "sha": "75ba3d25b8e3302248c3acec075a4fc70bb53f28"
            },
            {
                "file_name": ".github/workflows/query.yml",
                "commit_date": "2023-01-31T21:04:24",
                "status": "modified",
                "first_commit": "2023-01-12T14:12:21",
                "last_commit": "2023-02-27T16:55:20",
                "CI_type": "GHA",
                "sha": "92fe60c83286071387349ba81d683b32ccb9a26c"
            },
            {
                "file_name": ".github/workflows/query.yml",
                "commit_date": "2023-01-30T14:05:39",
                "status": "modified",
                "first_commit": "2023-01-12T14:12:21",
                "last_commit": "2023-02-27T16:55:20",
                "CI_type": "GHA",
                "sha": "97e75310b7c3de5a7c4fb7c6dab134d831d52c44"
            },
            {
                "file_name": ".github/workflows/query.yml",
                "commit_date": "2023-01-27T18:14:17",
                "status": "modified",
                "first_commit": "2023-01-12T14:12:21",
                "last_commit": "2023-02-27T16:55:20",
                "CI_type": "GHA",
                "sha": "dcf78fd273c0c4903a00eec8a37835613fadcf1d"
            },
            {
                "file_name": ".github/workflows/query.yml",
                "commit_date": "2023-01-27T17:29:31",
                "status": "modified",
                "first_commit": "2023-01-12T14:12:21",
                "last_commit": "2023-02-27T16:55:20",
                "CI_type": "GHA",
                "sha": "9556feafd4df849e7aee74feab0bc3bf7e48617f"
            },
            {
                "file_name": ".github/workflows/query.yml",
                "commit_date": "2023-01-27T17:14:20",
                "status": "modified",
                "first_commit": "2023-01-12T14:12:21",
                "last_commit": "2023-02-27T16:55:20",
                "CI_type": "GHA",
                "sha": "ca858c48b68e16a2c952dbf679430df2dd074688"
            },
            {
                "file_name": ".github/workflows/query.yml",
                "commit_date": "2023-01-26T19:21:15",
                "status": "modified",
                "first_commit": "2023-01-12T14:12:21",
                "last_commit": "2023-02-27T16:55:20",
                "CI_type": "GHA",
                "sha": "1bf132949dca07ee04ec247453acc268f0be94e1"
            },
            {
                "file_name": ".github/workflows/query.yml",
                "commit_date": "2023-01-26T18:00:32",
                "status": "modified",
                "first_commit": "2023-01-12T14:12:21",
                "last_commit": "2023-02-27T16:55:20",
                "CI_type": "GHA",
                "sha": "c9fd6429337456ada2e577fd7f8eccdff6e8a1a5"
            },
            {
                "file_name": ".github/workflows/query.yml",
                "commit_date": "2023-01-12T14:12:21",
                "status": "added",
                "first_commit": "2023-01-12T14:12:21",
                "last_commit": "2023-02-27T16:55:20",
                "CI_type": "GHA",
                "sha": "378cad09754c2ae388b70be00a279b95df2d05ee"
            },
            {
                "file_name": ".github/workflows/metadata.yml",
                "commit_date": "2023-03-01T01:40:42",
                "status": "modified",
                "first_commit": "2023-02-14T21:32:11",
                "last_commit": "2023-03-01T01:40:42",
                "CI_type": "GHA",
                "sha": "f6369acc171227c83fedb8e0c58809764c89f82c"
            },
            {
                "file_name": ".github/workflows/metadata.yml",
                "commit_date": "2023-02-14T21:32:11",
                "status": "added",
                "first_commit": "2023-02-14T21:32:11",
                "last_commit": "2023-03-01T01:40:42",
                "CI_type": "GHA",
                "sha": "450fb64db08eb4bab80f487b70ff8f15a3aba746"
            },
            {
                "file_name": ".github/workflows/dispatch.yml",
                "commit_date": "2023-01-31T20:23:47",
                "status": "modified",
                "first_commit": "2023-01-12T14:12:21",
                "last_commit": "2023-01-31T20:23:47",
                "CI_type": "GHA",
                "sha": "f884f472409c59e523cad0d887a76884507472cb"
            },
            {
                "file_name": ".github/workflows/dispatch.yml",
                "commit_date": "2023-01-31T14:20:58",
                "status": "modified",
                "first_commit": "2023-01-12T14:12:21",
                "last_commit": "2023-01-31T20:23:47",
                "CI_type": "GHA",
                "sha": "11676501fa16d7553a594e68b475b18dd9db8794"
            },
            {
                "file_name": ".github/workflows/dispatch.yml",
                "commit_date": "2023-01-26T18:06:03",
                "status": "modified",
                "first_commit": "2023-01-12T14:12:21",
                "last_commit": "2023-01-31T20:23:47",
                "CI_type": "GHA",
                "sha": "d483a3071ce047f071f5ad11fcd867a908d0a95c"
            },
            {
                "file_name": ".github/workflows/dispatch.yml",
                "commit_date": "2023-01-26T18:00:32",
                "status": "modified",
                "first_commit": "2023-01-12T14:12:21",
                "last_commit": "2023-01-31T20:23:47",
                "CI_type": "GHA",
                "sha": "c9fd6429337456ada2e577fd7f8eccdff6e8a1a5"
            },
            {
                "file_name": ".github/workflows/dispatch.yml",
                "commit_date": "2023-01-12T14:12:21",
                "status": "added",
                "first_commit": "2023-01-12T14:12:21",
                "last_commit": "2023-01-31T20:23:47",
                "CI_type": "GHA",
                "sha": "378cad09754c2ae388b70be00a279b95df2d05ee"
            },
            {
                "file_name": ".github/workflows/scan-build-steps.yml",
                "commit_date": "2023-03-10T16:58:14",
                "status": "modified",
                "first_commit": "2023-01-12T14:12:21",
                "last_commit": "2023-03-10T16:58:14",
                "CI_type": "GHA",
                "sha": "4d5abc7160c209709dd96e962613172ab75f1a00"
            },
            {
                "file_name": ".github/workflows/scan-build-steps.yml",
                "commit_date": "2023-02-27T18:35:06",
                "status": "modified",
                "first_commit": "2023-01-12T14:12:21",
                "last_commit": "2023-03-10T16:58:14",
                "CI_type": "GHA",
                "sha": "7bb1f2f79de46c6f94e1157f70ab2c54e76daa4c"
            },
            {
                "file_name": ".github/workflows/scan-build-steps.yml",
                "commit_date": "2023-01-30T14:19:05",
                "status": "modified",
                "first_commit": "2023-01-12T14:12:21",
                "last_commit": "2023-03-10T16:58:14",
                "CI_type": "GHA",
                "sha": "c4af384e45a8964184d38fb0a7fe96956f4a7395"
            },
            {
                "file_name": ".github/workflows/scan-build-steps.yml",
                "commit_date": "2023-01-27T18:14:17",
                "status": "modified",
                "first_commit": "2023-01-12T14:12:21",
                "last_commit": "2023-03-10T16:58:14",
                "CI_type": "GHA",
                "sha": "dcf78fd273c0c4903a00eec8a37835613fadcf1d"
            },
            {
                "file_name": ".github/workflows/scan-build-steps.yml",
                "commit_date": "2023-01-27T17:14:20",
                "status": "modified",
                "first_commit": "2023-01-12T14:12:21",
                "last_commit": "2023-03-10T16:58:14",
                "CI_type": "GHA",
                "sha": "ca858c48b68e16a2c952dbf679430df2dd074688"
            },
            {
                "file_name": ".github/workflows/scan-build-steps.yml",
                "commit_date": "2023-01-27T17:10:19",
                "status": "modified",
                "first_commit": "2023-01-12T14:12:21",
                "last_commit": "2023-03-10T16:58:14",
                "CI_type": "GHA",
                "sha": "05c9fc1aefba4d6eb6df5f0308f22a056a1853e8"
            },
            {
                "file_name": ".github/workflows/scan-build-steps.yml",
                "commit_date": "2023-01-27T16:59:28",
                "status": "modified",
                "first_commit": "2023-01-12T14:12:21",
                "last_commit": "2023-03-10T16:58:14",
                "CI_type": "GHA",
                "sha": "c809d76209e1ae4d30b218c95d6b2186a1fe40a6"
            },
            {
                "file_name": ".github/workflows/scan-build-steps.yml",
                "commit_date": "2023-01-27T16:11:53",
                "status": "modified",
                "first_commit": "2023-01-12T14:12:21",
                "last_commit": "2023-03-10T16:58:14",
                "CI_type": "GHA",
                "sha": "490e82d451dd0b2a191b80fafa7ee18cb2a01173"
            },
            {
                "file_name": ".github/workflows/scan-build-steps.yml",
                "commit_date": "2023-01-26T21:19:25",
                "status": "modified",
                "first_commit": "2023-01-12T14:12:21",
                "last_commit": "2023-03-10T16:58:14",
                "CI_type": "GHA",
                "sha": "793fee6459179c3b0df5e6b7551db980befa6ab4"
            },
            {
                "file_name": ".github/workflows/scan-build-steps.yml",
                "commit_date": "2023-01-12T14:12:21",
                "status": "added",
                "first_commit": "2023-01-12T14:12:21",
                "last_commit": "2023-03-10T16:58:14",
                "CI_type": "GHA",
                "sha": "378cad09754c2ae388b70be00a279b95df2d05ee"
            }
        ]
    },
    {
        "Travis": []
    },
    {
        "CircleCI": []
    },
    {
        "AppVeyor": []
    },
    {
        "Azure": []
    },
    {
        "GitLab": []
    },
    {
        "Jenkins": []
    }
]