{
    "id": 59522609,
    "name": "php_pgo_training_scripts",
    "full_name": "intel/php_pgo_training_scripts",
    "org_name": "Intel Corporation",
    "org_id": 17888862,
    "created_at": "2016-05-23T22:27:47",
    "pushed_at": "2022-08-04T23:10:16",
    "updated_at": "2023-01-27T22:31:33",
    "isFork": false,
    "forks": 15,
    "forks_count": 15,
    "has_downloads": true,
    "has_issues": true,
    "has_pages": false,
    "has_projects": true,
    "has_wiki": true,
    "homepage": null,
    "language": "PHP",
    "open_issues": 4,
    "open_issues_count": 4,
    "size": 99,
    "stargazers_count": 17,
    "subscribers_count": 10,
    "watchers": 17,
    "watchers_count": 17,
    "first_commit": "2016-02-16T15:33:58",
    "last_commit": "2022-08-04T23:04:32",
    "branches_count": 1,
    "commit_comments_count": 0,
    "commits_count": 24,
    "countributors_count": 4,
    "downloads_count": 0,
    "events_count": 0,
    "issues_count": 4,
    "labels_count": 7,
    "milestones_count": 0,
    "PR_count": 4,
    "open_PR_count": 3,
    "readme_size": 495,
    "release_count": 0,
    "topic_count": 0,
    "15_commits": 0,
    "16_commits": 23,
    "17_commits": 0,
    "18_commits": 0,
    "19_commits": 0,
    "20_commits": 0,
    "21_commits": 0,
    "22_commits": 1,
    "15_committer_num": 0,
    "16_committer_num": 3,
    "17_committer_num": 0,
    "18_committer_num": 0,
    "19_committer_num": 0,
    "20_committer_num": 0,
    "21_committer_num": 0,
    "22_committer_num": 1
}{
    "stargazer_date": {
        "10963766": "2016-08-18T08:13:01",
        "2120462": "2016-09-03T03:15:40",
        "5899584": "2016-09-30T18:38:01",
        "1147808": "2016-10-05T14:31:48",
        "8934904": "2017-10-21T15:25:40",
        "1437341": "2018-02-24T11:13:22",
        "8124565": "2018-03-16T08:44:13",
        "8577575": "2018-06-23T19:10:32",
        "36241509": "2018-06-27T13:58:57",
        "12529934": "2018-09-20T09:35:13",
        "6351060": "2018-11-27T11:31:38",
        "42755": "2019-03-28T14:06:22",
        "573391": "2019-09-09T11:36:59",
        "5567853": "2020-03-05T10:26:22",
        "13075675": "2020-10-14T14:33:11",
        "15211301": "2022-02-11T09:40:23",
        "11980681": "2022-12-02T10:23:09"
    }
}[
    {
        "GHA": {}
    },
    {
        "Travis": []
    },
    {
        "CircleCI": []
    },
    {
        "AppVeyor": []
    },
    {
        "Azure": []
    },
    {
        "GitLab": []
    },
    {
        "Jenkins": []
    }
]