{
    "id": 610128443,
    "name": "graph-neural-networks-and-analytics",
    "full_name": "intel/graph-neural-networks-and-analytics",
    "org_name": "Intel Corporation",
    "org_id": 17888862,
    "created_at": "2023-03-06T06:31:40",
    "pushed_at": "2023-03-06T06:31:50",
    "updated_at": "2023-03-10T07:04:42",
    "isFork": false,
    "forks": 0,
    "forks_count": 0,
    "has_downloads": true,
    "has_issues": true,
    "has_pages": false,
    "has_projects": true,
    "has_wiki": true,
    "homepage": null,
    "language": null,
    "open_issues": 0,
    "open_issues_count": 0,
    "size": 3,
    "stargazers_count": 2,
    "subscribers_count": 1,
    "watchers": 2,
    "watchers_count": 2,
    "first_commit": "2023-03-06T06:31:48",
    "last_commit": "2023-03-06T06:31:48",
    "branches_count": 1,
    "commit_comments_count": 0,
    "commits_count": 1,
    "countributors_count": 1,
    "downloads_count": 0,
    "events_count": 4,
    "issues_count": 0,
    "labels_count": 9,
    "milestones_count": 0,
    "PR_count": 0,
    "open_PR_count": 0,
    "readme_size": 0,
    "release_count": 0,
    "topic_count": 0,
    "15_commits": 0,
    "16_commits": 0,
    "17_commits": 0,
    "18_commits": 0,
    "19_commits": 0,
    "20_commits": 0,
    "21_commits": 0,
    "22_commits": 0,
    "15_committer_num": 0,
    "16_committer_num": 0,
    "17_committer_num": 0,
    "18_committer_num": 0,
    "19_committer_num": 0,
    "20_committer_num": 0,
    "21_committer_num": 0,
    "22_committer_num": 0
}{
    "stargazer_date": {
        "3874": "2023-03-06T07:50:35",
        "7245057": "2023-03-10T05:00:16"
    }
}[
    {
        "GHA": {}
    },
    {
        "Travis": []
    },
    {
        "CircleCI": []
    },
    {
        "AppVeyor": []
    },
    {
        "Azure": []
    },
    {
        "GitLab": []
    },
    {
        "Jenkins": []
    }
]