{
    "id": 61247374,
    "name": "CODK-A-X86",
    "full_name": "intel/CODK-A-X86",
    "org_name": "Intel Corporation",
    "org_id": 17888862,
    "created_at": "2016-06-15T23:20:38",
    "pushed_at": "2022-08-04T23:10:03",
    "updated_at": "2023-01-27T22:31:34",
    "isFork": false,
    "forks": 12,
    "forks_count": 12,
    "has_downloads": true,
    "has_issues": true,
    "has_pages": false,
    "has_projects": true,
    "has_wiki": true,
    "homepage": null,
    "language": "C",
    "open_issues": 0,
    "open_issues_count": 0,
    "size": 165708,
    "stargazers_count": 16,
    "subscribers_count": 18,
    "watchers": 16,
    "watchers_count": 16,
    "first_commit": "2016-06-15T23:22:46",
    "last_commit": "2022-08-04T23:04:19",
    "branches_count": 3,
    "commit_comments_count": 0,
    "commits_count": 7,
    "countributors_count": 3,
    "downloads_count": 0,
    "events_count": 0,
    "issues_count": 0,
    "labels_count": 7,
    "milestones_count": 0,
    "PR_count": 1,
    "open_PR_count": 0,
    "readme_size": 4851,
    "release_count": 1,
    "topic_count": 0,
    "15_commits": 0,
    "16_commits": 6,
    "17_commits": 0,
    "18_commits": 0,
    "19_commits": 0,
    "20_commits": 0,
    "21_commits": 0,
    "22_commits": 1,
    "15_committer_num": 0,
    "16_committer_num": 2,
    "17_committer_num": 0,
    "18_committer_num": 0,
    "19_committer_num": 0,
    "20_committer_num": 0,
    "21_committer_num": 0,
    "22_committer_num": 1
}{
    "stargazer_date": {
        "1900734": "2016-06-29T18:46:06",
        "37488": "2016-06-29T19:50:27",
        "378975": "2016-06-29T20:13:45",
        "124498": "2016-06-29T20:25:20",
        "32538": "2016-06-30T01:14:06",
        "1597357": "2016-06-30T13:36:25",
        "20740951": "2016-07-30T15:49:36",
        "3598562": "2019-04-14T22:40:08",
        "53070152": "2019-11-12T11:23:06",
        "37114863": "2019-11-24T15:57:21",
        "34749081": "2020-01-31T03:12:00",
        "10799309": "2020-04-03T20:44:23",
        "16981248": "2020-04-03T21:39:18",
        "17671208": "2020-07-05T16:21:26",
        "7162637": "2020-11-17T05:03:25",
        "76485590": "2021-03-05T07:20:00"
    }
}[
    {
        "GHA": {}
    },
    {
        "Travis": []
    },
    {
        "CircleCI": []
    },
    {
        "AppVeyor": []
    },
    {
        "Azure": []
    },
    {
        "GitLab": []
    },
    {
        "Jenkins": []
    }
]