{
    "id": 61332462,
    "name": "ffmpeg_libyami",
    "full_name": "intel/ffmpeg_libyami",
    "org_name": "Intel Corporation",
    "org_id": 17888862,
    "created_at": "2016-06-16T23:36:55",
    "pushed_at": "2022-08-04T23:06:09",
    "updated_at": "2023-01-27T22:31:34",
    "isFork": false,
    "forks": 23,
    "forks_count": 23,
    "has_downloads": true,
    "has_issues": true,
    "has_pages": false,
    "has_projects": true,
    "has_wiki": true,
    "homepage": null,
    "language": "C",
    "open_issues": 9,
    "open_issues_count": 9,
    "size": 175651,
    "stargazers_count": 43,
    "subscribers_count": 16,
    "watchers": 43,
    "watchers_count": 43,
    "first_commit": "2016-09-20T11:44:01",
    "last_commit": "2022-08-04T23:00:25",
    "branches_count": 27,
    "commit_comments_count": 0,
    "commits_count": 82368,
    "countributors_count": 280,
    "downloads_count": 0,
    "events_count": 2,
    "issues_count": 9,
    "labels_count": 7,
    "milestones_count": 0,
    "PR_count": 24,
    "open_PR_count": 0,
    "readme_size": 2388,
    "release_count": 0,
    "topic_count": 0,
    "15_commits": 8806,
    "16_commits": 4762,
    "17_commits": 3,
    "18_commits": 0,
    "19_commits": 0,
    "20_commits": 0,
    "21_commits": 0,
    "22_commits": 1,
    "15_committer_num": 224,
    "16_committer_num": 180,
    "17_committer_num": 1,
    "18_committer_num": 0,
    "19_committer_num": 0,
    "20_committer_num": 0,
    "21_committer_num": 0,
    "22_committer_num": 1
}{
    "stargazer_date": {
        "18743742": "2016-06-27T08:34:16",
        "18135299": "2016-07-05T10:31:53",
        "6859306": "2016-08-04T10:03:21",
        "175326": "2016-08-19T16:44:24",
        "8448279": "2016-08-22T07:42:21",
        "1668926": "2016-09-06T23:58:53",
        "6811542": "2016-09-28T10:24:36",
        "4736512": "2016-11-16T03:35:59",
        "326969": "2016-11-16T04:53:57",
        "15082228": "2016-11-24T04:03:32",
        "739119": "2016-11-29T12:19:21",
        "3014247": "2016-12-23T03:15:53",
        "14173": "2017-01-23T05:04:22",
        "13299109": "2017-02-19T02:40:16",
        "5782063": "2017-03-03T12:49:38",
        "8407766": "2017-05-01T08:50:42",
        "778353": "2017-07-02T02:53:48",
        "232156": "2017-07-11T16:11:02",
        "13555230": "2017-08-30T05:49:58",
        "5257986": "2017-09-25T03:05:51",
        "13264518": "2018-01-17T07:12:25",
        "32845653": "2018-02-03T13:12:51",
        "781466": "2018-02-22T18:51:17",
        "10080078": "2018-02-22T19:32:29",
        "890586": "2018-05-18T05:56:28",
        "1460856": "2018-06-08T01:44:59",
        "23429527": "2018-07-21T12:22:23",
        "415515": "2018-09-30T05:05:48",
        "20137651": "2018-10-30T04:42:32",
        "1217667": "2018-12-26T07:57:41",
        "44124832": "2019-02-25T11:51:22",
        "9073639": "2019-06-26T13:22:49",
        "6696563": "2019-07-15T14:23:23",
        "4667640": "2020-07-08T19:50:54",
        "3850061": "2020-07-13T04:30:37",
        "14662732": "2020-09-26T05:25:08",
        "1320780": "2020-11-23T08:49:01",
        "28951026": "2020-12-06T05:41:44",
        "12061137": "2021-05-06T01:14:10",
        "34777371": "2022-02-02T21:08:06",
        "24247397": "2022-06-21T17:18:07",
        "23668205": "2022-06-22T19:25:47",
        "5788791": "2022-12-16T00:08:55"
    }
}[
    {
        "GHA": {}
    },
    {
        "Travis": [
            {
                "file_name": "/.travis.yml",
                "commit_date": "2015-11-22T17:12:24",
                "status": "modified",
                "first_commit": "2015-08-13T18:13:48",
                "last_commit": "2015-11-22T17:12:24",
                "CI_type": "Travis",
                "sha": "df8e24be5da2f9a8b0bd86dbbd1b0bf508bac003"
            },
            {
                "file_name": "/.travis.yml",
                "commit_date": "2015-11-17T12:23:08",
                "status": "modified",
                "first_commit": "2015-08-13T18:13:48",
                "last_commit": "2015-11-22T17:12:24",
                "CI_type": "Travis",
                "sha": "eda183287489b2c705843aa373a19c4e46fb2fec"
            },
            {
                "file_name": "/.travis.yml",
                "commit_date": "2015-09-12T06:23:45",
                "status": "modified",
                "first_commit": "2015-08-13T18:13:48",
                "last_commit": "2015-11-22T17:12:24",
                "CI_type": "Travis",
                "sha": "1e0b8bf0b3b3b4247fb21e9839af342ae879607c"
            },
            {
                "file_name": "/.travis.yml",
                "commit_date": "2015-09-12T11:31:22",
                "status": "modified",
                "first_commit": "2015-08-13T18:13:48",
                "last_commit": "2015-11-22T17:12:24",
                "CI_type": "Travis",
                "sha": "33be39efe31326dc787efc54f5077e4c4b97896c"
            },
            {
                "file_name": "/.travis.yml",
                "commit_date": "2015-09-07T10:24:51",
                "status": "added",
                "first_commit": "2015-08-13T18:13:48",
                "last_commit": "2015-11-22T17:12:24",
                "CI_type": "Travis",
                "sha": "7e272100c9834b694d339f8578f28799a35607fc"
            },
            {
                "file_name": "/.travis.yml",
                "commit_date": "2015-08-13T18:13:48",
                "status": "added",
                "first_commit": "2015-08-13T18:13:48",
                "last_commit": "2015-11-22T17:12:24",
                "CI_type": "Travis",
                "sha": "6bcd3e05998b41fb3b2c8dcc79e4662854e5208d"
            }
        ]
    },
    {
        "CircleCI": []
    },
    {
        "AppVeyor": []
    },
    {
        "Azure": []
    },
    {
        "GitLab": []
    },
    {
        "Jenkins": []
    }
]