{
    "id": 61411650,
    "name": "CODK-A-Flashpack",
    "full_name": "intel/CODK-A-Flashpack",
    "org_name": "Intel Corporation",
    "org_id": 17888862,
    "created_at": "2016-06-18T01:40:24",
    "pushed_at": "2022-08-04T23:05:43",
    "updated_at": "2023-01-27T22:31:34",
    "isFork": false,
    "forks": 10,
    "forks_count": 10,
    "has_downloads": true,
    "has_issues": true,
    "has_pages": false,
    "has_projects": true,
    "has_wiki": true,
    "homepage": null,
    "language": "C",
    "open_issues": 1,
    "open_issues_count": 1,
    "size": 22357,
    "stargazers_count": 0,
    "subscribers_count": 10,
    "watchers": 0,
    "watchers_count": 0,
    "first_commit": "2016-06-18T01:40:46",
    "last_commit": "2022-08-04T23:00:00",
    "branches_count": 1,
    "commit_comments_count": 0,
    "commits_count": 13,
    "countributors_count": 2,
    "downloads_count": 0,
    "events_count": 0,
    "issues_count": 1,
    "labels_count": 7,
    "milestones_count": 0,
    "PR_count": 10,
    "open_PR_count": 1,
    "readme_size": 1062,
    "release_count": 1,
    "topic_count": 0,
    "15_commits": 0,
    "16_commits": 11,
    "17_commits": 1,
    "18_commits": 0,
    "19_commits": 0,
    "20_commits": 0,
    "21_commits": 0,
    "22_commits": 1,
    "15_committer_num": 0,
    "16_committer_num": 1,
    "17_committer_num": 1,
    "18_committer_num": 0,
    "19_committer_num": 0,
    "20_committer_num": 0,
    "21_committer_num": 0,
    "22_committer_num": 1
}{
    "stargazer_date": {}
}[
    {
        "GHA": {}
    },
    {
        "Travis": []
    },
    {
        "CircleCI": []
    },
    {
        "AppVeyor": []
    },
    {
        "Azure": []
    },
    {
        "GitLab": []
    },
    {
        "Jenkins": []
    }
]