{
    "id": 66538204,
    "name": "iotg-yocto-bsp-public",
    "full_name": "intel/iotg-yocto-bsp-public",
    "org_name": "Intel Corporation",
    "org_id": 17888862,
    "created_at": "2016-08-25T08:06:21",
    "pushed_at": "2022-08-05T08:51:50",
    "updated_at": "2022-08-05T08:51:33",
    "isFork": false,
    "forks": 25,
    "forks_count": 25,
    "has_downloads": true,
    "has_issues": true,
    "has_pages": false,
    "has_projects": true,
    "has_wiki": true,
    "homepage": null,
    "language": null,
    "open_issues": 8,
    "open_issues_count": 8,
    "size": 20234,
    "stargazers_count": 36,
    "subscribers_count": 32,
    "watchers": 36,
    "watchers_count": 36,
    "first_commit": "2016-08-25T08:06:21",
    "last_commit": "2022-08-05T08:51:50",
    "branches_count": 3,
    "commit_comments_count": 0,
    "commits_count": 3,
    "countributors_count": 1,
    "downloads_count": 0,
    "events_count": 1,
    "issues_count": 8,
    "labels_count": 7,
    "milestones_count": 0,
    "PR_count": 0,
    "open_PR_count": 0,
    "readme_size": 25,
    "release_count": 0,
    "topic_count": 0,
    "15_commits": 0,
    "16_commits": 1,
    "17_commits": 0,
    "18_commits": 0,
    "19_commits": 0,
    "20_commits": 0,
    "21_commits": 0,
    "22_commits": 2,
    "15_committer_num": 0,
    "16_committer_num": 1,
    "17_committer_num": 0,
    "18_committer_num": 0,
    "19_committer_num": 0,
    "20_committer_num": 0,
    "21_committer_num": 0,
    "22_committer_num": 1
}{
    "stargazer_date": {
        "22017811": "2017-03-16T01:37:41",
        "22016232": "2017-03-17T03:13:59",
        "3078269": "2017-03-20T01:51:11",
        "18252881": "2017-04-11T06:57:31",
        "20787054": "2017-05-08T17:13:16",
        "21299833": "2017-05-10T02:47:40",
        "19978468": "2017-05-19T10:04:37",
        "20207424": "2017-07-04T07:17:00",
        "2186922": "2017-07-20T14:19:15",
        "312311": "2017-08-03T19:17:54",
        "13741295": "2017-08-08T09:28:33",
        "884371": "2017-11-02T08:36:53",
        "20899622": "2017-11-08T08:19:07",
        "16768933": "2017-11-20T07:28:33",
        "16497541": "2018-01-23T09:10:27",
        "22615130": "2018-01-30T10:09:39",
        "98924": "2018-01-31T17:48:54",
        "14010787": "2018-02-09T11:50:44",
        "15406994": "2018-04-04T12:21:37",
        "15681086": "2018-05-08T02:47:33",
        "37828264": "2018-09-25T08:37:54",
        "11848914": "2018-10-08T03:42:01",
        "363645": "2019-02-11T16:36:32",
        "47636235": "2019-02-14T15:12:10",
        "2270836": "2019-05-27T13:13:17",
        "787744": "2019-10-31T08:12:57",
        "57225952": "2019-11-08T01:28:25",
        "49336148": "2019-11-22T03:11:43",
        "766759": "2020-02-11T16:17:11",
        "4044153": "2020-04-05T07:46:43",
        "1280521": "2020-07-16T04:02:36",
        "5007838": "2020-12-13T09:56:14",
        "56165449": "2021-10-12T00:28:49",
        "67619441": "2022-02-19T03:35:04",
        "6102202": "2022-03-06T03:01:53",
        "723830": "2022-06-12T21:11:01"
    }
}[
    {
        "GHA": {}
    },
    {
        "Travis": []
    },
    {
        "CircleCI": []
    },
    {
        "AppVeyor": []
    },
    {
        "Azure": []
    },
    {
        "GitLab": []
    },
    {
        "Jenkins": []
    }
]