{
    "id": 67629063,
    "name": "supplemental-reset-components-for-qsys",
    "full_name": "intel/supplemental-reset-components-for-qsys",
    "org_name": "Intel Corporation",
    "org_id": 17888862,
    "created_at": "2016-09-07T17:30:38",
    "pushed_at": "2023-01-07T00:48:34",
    "updated_at": "2023-01-07T00:48:35",
    "isFork": false,
    "forks": 2,
    "forks_count": 2,
    "has_downloads": true,
    "has_issues": true,
    "has_pages": false,
    "has_projects": true,
    "has_wiki": true,
    "homepage": null,
    "language": "Tcl",
    "open_issues": 0,
    "open_issues_count": 0,
    "size": 2173,
    "stargazers_count": 3,
    "subscribers_count": 3,
    "watchers": 3,
    "watchers_count": 3,
    "first_commit": "2016-09-07T17:30:38",
    "last_commit": "2023-01-07T00:48:31",
    "branches_count": 6,
    "commit_comments_count": 0,
    "commits_count": 6,
    "countributors_count": 2,
    "downloads_count": 0,
    "events_count": 1,
    "issues_count": 0,
    "labels_count": 7,
    "milestones_count": 0,
    "PR_count": 0,
    "open_PR_count": 0,
    "readme_size": 531,
    "release_count": 0,
    "topic_count": 0,
    "15_commits": 0,
    "16_commits": 2,
    "17_commits": 0,
    "18_commits": 0,
    "19_commits": 0,
    "20_commits": 0,
    "21_commits": 3,
    "22_commits": 0,
    "15_committer_num": 0,
    "16_committer_num": 1,
    "17_committer_num": 0,
    "18_committer_num": 0,
    "19_committer_num": 0,
    "20_committer_num": 0,
    "21_committer_num": 1,
    "22_committer_num": 0
}{
    "stargazer_date": {
        "14803804": "2019-07-26T03:12:56",
        "1273381": "2019-11-03T06:02:19",
        "12909": "2020-04-18T15:25:27"
    }
}[
    {
        "GHA": {}
    },
    {
        "Travis": []
    },
    {
        "CircleCI": []
    },
    {
        "AppVeyor": []
    },
    {
        "Azure": []
    },
    {
        "GitLab": []
    },
    {
        "Jenkins": []
    }
]