{
    "id": 69593985,
    "name": "osadsp-qemu",
    "full_name": "intel/osadsp-qemu",
    "org_name": "Intel Corporation",
    "org_id": 17888862,
    "created_at": "2016-09-29T18:04:58",
    "pushed_at": "2022-08-04T22:56:18",
    "updated_at": "2023-01-27T22:31:37",
    "isFork": false,
    "forks": 7,
    "forks_count": 7,
    "has_downloads": true,
    "has_issues": true,
    "has_pages": false,
    "has_projects": true,
    "has_wiki": true,
    "homepage": null,
    "language": "C",
    "open_issues": 0,
    "open_issues_count": 0,
    "size": 112304,
    "stargazers_count": 9,
    "subscribers_count": 8,
    "watchers": 9,
    "watchers_count": 9,
    "first_commit": "2017-10-27T07:51:59",
    "last_commit": "2022-08-04T22:50:35",
    "branches_count": 1,
    "commit_comments_count": 0,
    "commits_count": 57535,
    "countributors_count": 276,
    "downloads_count": 0,
    "events_count": 0,
    "issues_count": 0,
    "labels_count": 7,
    "milestones_count": 0,
    "PR_count": 0,
    "open_PR_count": 0,
    "readme_size": 495,
    "release_count": 0,
    "topic_count": 0,
    "15_commits": 6318,
    "16_commits": 7096,
    "17_commits": 7429,
    "18_commits": 33,
    "19_commits": 0,
    "20_commits": 0,
    "21_commits": 0,
    "22_commits": 1,
    "15_committer_num": 200,
    "16_committer_num": 234,
    "17_committer_num": 229,
    "18_committer_num": 1,
    "19_committer_num": 0,
    "20_committer_num": 0,
    "21_committer_num": 0,
    "22_committer_num": 1
}{
    "stargazer_date": {
        "4607154": "2017-07-19T01:11:33",
        "13990872": "2018-01-30T05:00:12",
        "19978468": "2018-02-04T20:42:44",
        "781466": "2018-02-08T14:25:53",
        "25748152": "2018-03-19T05:44:19",
        "1147043": "2018-04-25T16:51:15",
        "10145": "2019-07-11T20:04:04",
        "7200655": "2021-11-11T03:20:22",
        "46381607": "2021-12-21T14:30:56"
    }
}[
    {
        "GHA": {}
    },
    {
        "Travis": [
            {
                "file_name": "/.travis.yml",
                "commit_date": "2017-07-18T00:31:30",
                "status": "modified",
                "first_commit": "2013-11-06T10:43:37",
                "last_commit": "2017-07-18T00:31:30",
                "CI_type": "Travis",
                "sha": "f4089dc8da4e7135600093c6afac8c83fb7057a1"
            },
            {
                "file_name": "/.travis.yml",
                "commit_date": "2017-07-14T09:30:16",
                "status": "modified",
                "first_commit": "2013-11-06T10:43:37",
                "last_commit": "2017-07-18T00:31:30",
                "CI_type": "Travis",
                "sha": "978373143cf9965a6ae1dec73b046fbf3d9f9689"
            },
            {
                "file_name": "/.travis.yml",
                "commit_date": "2017-04-28T12:24:44",
                "status": "modified",
                "first_commit": "2013-11-06T10:43:37",
                "last_commit": "2017-07-18T00:31:30",
                "CI_type": "Travis",
                "sha": "33c53c54e404b2cf0d78864bf1fa22b28fa93402"
            },
            {
                "file_name": "/.travis.yml",
                "commit_date": "2017-01-20T17:11:49",
                "status": "modified",
                "first_commit": "2013-11-06T10:43:37",
                "last_commit": "2017-07-18T00:31:30",
                "CI_type": "Travis",
                "sha": "78a22af040b8ea7c26d52755facdc332ac7bac46"
            },
            {
                "file_name": "/.travis.yml",
                "commit_date": "2017-01-20T17:00:51",
                "status": "modified",
                "first_commit": "2013-11-06T10:43:37",
                "last_commit": "2017-07-18T00:31:30",
                "CI_type": "Travis",
                "sha": "fed53649715267962449a2114472e3a48bcc0e48"
            },
            {
                "file_name": "/.travis.yml",
                "commit_date": "2016-11-07T14:41:09",
                "status": "modified",
                "first_commit": "2013-11-06T10:43:37",
                "last_commit": "2017-07-18T00:31:30",
                "CI_type": "Travis",
                "sha": "ae1a772c5607f25cbdc80063f0f5a85290434058"
            },
            {
                "file_name": "/.travis.yml",
                "commit_date": "2016-10-27T13:23:45",
                "status": "modified",
                "first_commit": "2013-11-06T10:43:37",
                "last_commit": "2017-07-18T00:31:30",
                "CI_type": "Travis",
                "sha": "d9a6b013118aa0b7f451f7a17f6eb683f4da0bdc"
            },
            {
                "file_name": "/.travis.yml",
                "commit_date": "2016-09-30T21:31:03",
                "status": "modified",
                "first_commit": "2013-11-06T10:43:37",
                "last_commit": "2017-07-18T00:31:30",
                "CI_type": "Travis",
                "sha": "32265288a9b207dcd3f8da516643f81e1d2c5a1e"
            },
            {
                "file_name": "/.travis.yml",
                "commit_date": "2016-06-27T18:13:22",
                "status": "modified",
                "first_commit": "2013-11-06T10:43:37",
                "last_commit": "2017-07-18T00:31:30",
                "CI_type": "Travis",
                "sha": "cb4c2536d56c73cb5b6b9ea4f2c5ed17e9b6b9f1"
            },
            {
                "file_name": "/.travis.yml",
                "commit_date": "2016-06-06T14:39:47",
                "status": "modified",
                "first_commit": "2013-11-06T10:43:37",
                "last_commit": "2017-07-18T00:31:30",
                "CI_type": "Travis",
                "sha": "23654d45f8ac08e3725831d812eb8dcf74e5a0a0"
            },
            {
                "file_name": "/.travis.yml",
                "commit_date": "2016-03-23T12:49:43",
                "status": "modified",
                "first_commit": "2013-11-06T10:43:37",
                "last_commit": "2017-07-18T00:31:30",
                "CI_type": "Travis",
                "sha": "4adb05d8bd2a1b78828ee541ad9eaf1460687d85"
            },
            {
                "file_name": "/.travis.yml",
                "commit_date": "2016-03-31T12:26:05",
                "status": "modified",
                "first_commit": "2013-11-06T10:43:37",
                "last_commit": "2017-07-18T00:31:30",
                "CI_type": "Travis",
                "sha": "4ca94085f12ade76509ec22a6dd59079422c9e15"
            },
            {
                "file_name": "/.travis.yml",
                "commit_date": "2016-03-22T12:22:27",
                "status": "modified",
                "first_commit": "2013-11-06T10:43:37",
                "last_commit": "2017-07-18T00:31:30",
                "CI_type": "Travis",
                "sha": "7436268ce7062b32af1d07a392e00f0c3ae664cd"
            },
            {
                "file_name": "/.travis.yml",
                "commit_date": "2016-03-21T19:54:57",
                "status": "modified",
                "first_commit": "2013-11-06T10:43:37",
                "last_commit": "2017-07-18T00:31:30",
                "CI_type": "Travis",
                "sha": "1d002037f93898c9b507cd010bbb9075870ecc5d"
            },
            {
                "file_name": "/.travis.yml",
                "commit_date": "2016-03-15T16:12:58",
                "status": "modified",
                "first_commit": "2013-11-06T10:43:37",
                "last_commit": "2017-07-18T00:31:30",
                "CI_type": "Travis",
                "sha": "6c9332918620a1512f6af5ff250b38228d13a4d6"
            },
            {
                "file_name": "/.travis.yml",
                "commit_date": "2016-02-01T10:05:58",
                "status": "modified",
                "first_commit": "2013-11-06T10:43:37",
                "last_commit": "2017-07-18T00:31:30",
                "CI_type": "Travis",
                "sha": "119721907df5306d40cb2f4c934408e1813f8cdd"
            },
            {
                "file_name": "/.travis.yml",
                "commit_date": "2016-01-31T17:29:46",
                "status": "modified",
                "first_commit": "2013-11-06T10:43:37",
                "last_commit": "2017-07-18T00:31:30",
                "CI_type": "Travis",
                "sha": "4c33d42d0cdc82e741c441192568496f74c21d09"
            },
            {
                "file_name": "/.travis.yml",
                "commit_date": "2016-01-28T10:29:17",
                "status": "modified",
                "first_commit": "2013-11-06T10:43:37",
                "last_commit": "2017-07-18T00:31:30",
                "CI_type": "Travis",
                "sha": "15552dbbee6f35b732759a5e584f1a37ac1ed2d2"
            },
            {
                "file_name": "/.travis.yml",
                "commit_date": "2016-01-28T10:21:15",
                "status": "modified",
                "first_commit": "2013-11-06T10:43:37",
                "last_commit": "2017-07-18T00:31:30",
                "CI_type": "Travis",
                "sha": "01337fbd7f7bd8da33e0a55b1d3586e3f36c70f5"
            },
            {
                "file_name": "/.travis.yml",
                "commit_date": "2016-01-14T19:21:16",
                "status": "modified",
                "first_commit": "2013-11-06T10:43:37",
                "last_commit": "2017-07-18T00:31:30",
                "CI_type": "Travis",
                "sha": "692d162cb2dffdb2459a8b2331ef2642abc49510"
            },
            {
                "file_name": "/.travis.yml",
                "commit_date": "2016-01-07T13:55:30",
                "status": "modified",
                "first_commit": "2013-11-06T10:43:37",
                "last_commit": "2017-07-18T00:31:30",
                "CI_type": "Travis",
                "sha": "ed7f5f1d8db06fc31352a5ef4f54985e630c575a"
            },
            {
                "file_name": "/.travis.yml",
                "commit_date": "2015-09-23T05:27:12",
                "status": "modified",
                "first_commit": "2013-11-06T10:43:37",
                "last_commit": "2017-07-18T00:31:30",
                "CI_type": "Travis",
                "sha": "cb157af23833ca0762125f34b3fe73cfdbac297e"
            },
            {
                "file_name": "/.travis.yml",
                "commit_date": "2015-01-23T09:43:49",
                "status": "modified",
                "first_commit": "2013-11-06T10:43:37",
                "last_commit": "2017-07-18T00:31:30",
                "CI_type": "Travis",
                "sha": "dd858343a73c5c47019c6ade282a91681e0d7105"
            },
            {
                "file_name": "/.travis.yml",
                "commit_date": "2014-09-24T10:13:56",
                "status": "modified",
                "first_commit": "2013-11-06T10:43:37",
                "last_commit": "2017-07-18T00:31:30",
                "CI_type": "Travis",
                "sha": "ed173cb704f01a62143a3ef0dcf8b493bc795c23"
            },
            {
                "file_name": "/.travis.yml",
                "commit_date": "2014-09-24T10:13:55",
                "status": "modified",
                "first_commit": "2013-11-06T10:43:37",
                "last_commit": "2017-07-18T00:31:30",
                "CI_type": "Travis",
                "sha": "cb021cfee772c916bf73f43010c6c299c3d91800"
            },
            {
                "file_name": "/.travis.yml",
                "commit_date": "2014-09-24T10:13:54",
                "status": "modified",
                "first_commit": "2013-11-06T10:43:37",
                "last_commit": "2017-07-18T00:31:30",
                "CI_type": "Travis",
                "sha": "eebf29401abebbe8dba3e8fa8764c05fe4e6c1f1"
            },
            {
                "file_name": "/.travis.yml",
                "commit_date": "2014-09-24T10:13:53",
                "status": "modified",
                "first_commit": "2013-11-06T10:43:37",
                "last_commit": "2017-07-18T00:31:30",
                "CI_type": "Travis",
                "sha": "10905cb26a10848921ba5a2b77e4efddad7c0ec1"
            },
            {
                "file_name": "/.travis.yml",
                "commit_date": "2014-05-27T13:02:14",
                "status": "modified",
                "first_commit": "2013-11-06T10:43:37",
                "last_commit": "2017-07-18T00:31:30",
                "CI_type": "Travis",
                "sha": "5b808275f3bbe8cc95bb9301f4d5a41331d0e0e6"
            },
            {
                "file_name": "/.travis.yml",
                "commit_date": "2014-03-12T14:13:53",
                "status": "modified",
                "first_commit": "2013-11-06T10:43:37",
                "last_commit": "2017-07-18T00:31:30",
                "CI_type": "Travis",
                "sha": "39d16d29c81295be72dbae6e6bc7adc58deacb41"
            },
            {
                "file_name": "/.travis.yml",
                "commit_date": "2014-03-12T14:13:52",
                "status": "modified",
                "first_commit": "2013-11-06T10:43:37",
                "last_commit": "2017-07-18T00:31:30",
                "CI_type": "Travis",
                "sha": "cc13eead53b2e4cf5f209fec606aebf11c1dc8a8"
            },
            {
                "file_name": "/.travis.yml",
                "commit_date": "2014-03-12T14:13:51",
                "status": "modified",
                "first_commit": "2013-11-06T10:43:37",
                "last_commit": "2017-07-18T00:31:30",
                "CI_type": "Travis",
                "sha": "86c3b20a5f654ae444ba6bd1a7b0516e0a17541d"
            },
            {
                "file_name": "/.travis.yml",
                "commit_date": "2014-03-12T14:13:50",
                "status": "modified",
                "first_commit": "2013-11-06T10:43:37",
                "last_commit": "2017-07-18T00:31:30",
                "CI_type": "Travis",
                "sha": "6d585ca55999aec2bcfcbf04c3cbecbb952b7302"
            },
            {
                "file_name": "/.travis.yml",
                "commit_date": "2014-01-04T22:15:48",
                "status": "modified",
                "first_commit": "2013-11-06T10:43:37",
                "last_commit": "2017-07-18T00:31:30",
                "CI_type": "Travis",
                "sha": "08aef910d9398ba488455dbb553a8253dc24a333"
            },
            {
                "file_name": "/.travis.yml",
                "commit_date": "2013-11-06T10:43:37",
                "status": "added",
                "first_commit": "2013-11-06T10:43:37",
                "last_commit": "2017-07-18T00:31:30",
                "CI_type": "Travis",
                "sha": "fe863ab9855478e693d63f306141eb242217b424"
            }
        ]
    },
    {
        "CircleCI": []
    },
    {
        "AppVeyor": []
    },
    {
        "Azure": []
    },
    {
        "GitLab": []
    },
    {
        "Jenkins": []
    }
]