{
    "id": 69654874,
    "name": "numpy",
    "full_name": "intel/numpy",
    "org_name": "Intel Corporation",
    "org_id": 17888862,
    "created_at": "2016-09-30T09:47:06",
    "pushed_at": "2022-08-04T23:09:44",
    "updated_at": "2023-01-27T22:31:35",
    "isFork": true,
    "forks": 4,
    "forks_count": 4,
    "has_downloads": true,
    "has_issues": false,
    "has_pages": false,
    "has_projects": true,
    "has_wiki": true,
    "homepage": "http://www.numpy.org/",
    "language": "C",
    "open_issues": 0,
    "open_issues_count": 0,
    "size": 47008,
    "stargazers_count": 4,
    "subscribers_count": 21,
    "watchers": 4,
    "watchers_count": 4,
    "first_commit": "2016-06-19T11:00:13",
    "last_commit": "2022-08-04T23:04:00",
    "branches_count": 16,
    "commit_comments_count": 0,
    "commits_count": 15078,
    "countributors_count": 404,
    "downloads_count": 0,
    "events_count": 0,
    "issues_count": 0,
    "labels_count": 7,
    "milestones_count": 0,
    "PR_count": 0,
    "open_PR_count": 0,
    "readme_size": 1548,
    "release_count": 0,
    "topic_count": 0,
    "15_commits": 1372,
    "16_commits": 984,
    "17_commits": 0,
    "18_commits": 0,
    "19_commits": 0,
    "20_commits": 0,
    "21_commits": 0,
    "22_commits": 1,
    "15_committer_num": 155,
    "16_committer_num": 129,
    "17_committer_num": 0,
    "18_committer_num": 0,
    "19_committer_num": 0,
    "20_committer_num": 0,
    "21_committer_num": 0,
    "22_committer_num": 1
}{
    "stargazer_date": {
        "7971164": "2016-10-28T02:39:59",
        "1240693": "2016-11-02T03:24:18",
        "20220399": "2016-11-23T00:52:13",
        "24541650": "2017-04-26T03:13:10"
    }
}[
    {
        "GHA": {}
    },
    {
        "Travis": [
            {
                "file_name": "/.travis.yml",
                "commit_date": "2016-09-20T15:20:42",
                "status": "modified",
                "first_commit": "2012-06-05T04:24:46",
                "last_commit": "2016-09-20T15:20:42",
                "CI_type": "Travis",
                "sha": "7fdfa6b2c0a5da5115c523c6869898873050e41c"
            },
            {
                "file_name": "/.travis.yml",
                "commit_date": "2016-01-30T11:06:17",
                "status": "modified",
                "first_commit": "2012-06-05T04:24:46",
                "last_commit": "2016-09-20T15:20:42",
                "CI_type": "Travis",
                "sha": "2dc070d3b7c1aa5d6e0b3509078c358192627132"
            },
            {
                "file_name": "/.travis.yml",
                "commit_date": "2016-04-21T16:31:31",
                "status": "modified",
                "first_commit": "2012-06-05T04:24:46",
                "last_commit": "2016-09-20T15:20:42",
                "CI_type": "Travis",
                "sha": "ef8253f0076b8955aa3025a3651f07d61b14ea5c"
            },
            {
                "file_name": "/.travis.yml",
                "commit_date": "2016-02-25T05:41:12",
                "status": "modified",
                "first_commit": "2012-06-05T04:24:46",
                "last_commit": "2016-09-20T15:20:42",
                "CI_type": "Travis",
                "sha": "16416f0143c9a1213d5d141cc229e740c0e01572"
            },
            {
                "file_name": "/.travis.yml",
                "commit_date": "2016-02-08T06:42:12",
                "status": "modified",
                "first_commit": "2012-06-05T04:24:46",
                "last_commit": "2016-09-20T15:20:42",
                "CI_type": "Travis",
                "sha": "5c616fba2949714b2740f9d299c1f25de3554784"
            },
            {
                "file_name": "/.travis.yml",
                "commit_date": "2016-02-05T19:44:54",
                "status": "modified",
                "first_commit": "2012-06-05T04:24:46",
                "last_commit": "2016-09-20T15:20:42",
                "CI_type": "Travis",
                "sha": "4db3e19312483351d545f64bcb45fdcda278490c"
            },
            {
                "file_name": "/.travis.yml",
                "commit_date": "2016-01-27T20:33:12",
                "status": "modified",
                "first_commit": "2012-06-05T04:24:46",
                "last_commit": "2016-09-20T15:20:42",
                "CI_type": "Travis",
                "sha": "2a079b2d39ea71938912528cbe9d679649bf77b9"
            },
            {
                "file_name": "/.travis.yml",
                "commit_date": "2016-01-20T02:53:20",
                "status": "modified",
                "first_commit": "2012-06-05T04:24:46",
                "last_commit": "2016-09-20T15:20:42",
                "CI_type": "Travis",
                "sha": "11a9b710481f5932835c1c0cb1e5e2747be8cde0"
            },
            {
                "file_name": "/.travis.yml",
                "commit_date": "2016-01-16T18:21:27",
                "status": "modified",
                "first_commit": "2012-06-05T04:24:46",
                "last_commit": "2016-09-20T15:20:42",
                "CI_type": "Travis",
                "sha": "363c5021f7428f19a56cd081a5475e9d2b5e884d"
            },
            {
                "file_name": "/.travis.yml",
                "commit_date": "2015-12-29T16:24:51",
                "status": "modified",
                "first_commit": "2012-06-05T04:24:46",
                "last_commit": "2016-09-20T15:20:42",
                "CI_type": "Travis",
                "sha": "4b43d20fec0eda4a8f02e843b3e6e454bb243f49"
            },
            {
                "file_name": "/.travis.yml",
                "commit_date": "2015-12-16T19:54:23",
                "status": "modified",
                "first_commit": "2012-06-05T04:24:46",
                "last_commit": "2016-09-20T15:20:42",
                "CI_type": "Travis",
                "sha": "8f87f431e275c243d17857ba7a027102dd81cfe8"
            },
            {
                "file_name": "/.travis.yml",
                "commit_date": "2015-12-15T21:48:00",
                "status": "modified",
                "first_commit": "2012-06-05T04:24:46",
                "last_commit": "2016-09-20T15:20:42",
                "CI_type": "Travis",
                "sha": "293e930ad4be772ec07f2777527f1d211257c3b5"
            },
            {
                "file_name": "/.travis.yml",
                "commit_date": "2015-12-13T23:01:51",
                "status": "modified",
                "first_commit": "2012-06-05T04:24:46",
                "last_commit": "2016-09-20T15:20:42",
                "CI_type": "Travis",
                "sha": "f0d6d470c13405f9643f8bde50da74170b66c5c0"
            },
            {
                "file_name": "/.travis.yml",
                "commit_date": "2015-12-03T15:29:22",
                "status": "modified",
                "first_commit": "2012-06-05T04:24:46",
                "last_commit": "2016-09-20T15:20:42",
                "CI_type": "Travis",
                "sha": "27abfb4923a3ff0433bb7f5dd08a42603641b519"
            },
            {
                "file_name": "/.travis.yml",
                "commit_date": "2015-10-19T19:47:50",
                "status": "modified",
                "first_commit": "2012-06-05T04:24:46",
                "last_commit": "2016-09-20T15:20:42",
                "CI_type": "Travis",
                "sha": "ac4433cf550762f53459d330c41a98178a4f9713"
            },
            {
                "file_name": "/.travis.yml",
                "commit_date": "2015-10-14T17:57:06",
                "status": "modified",
                "first_commit": "2012-06-05T04:24:46",
                "last_commit": "2016-09-20T15:20:42",
                "CI_type": "Travis",
                "sha": "034c2e67b111da24a6c8f92578377e65410f42e9"
            },
            {
                "file_name": "/.travis.yml",
                "commit_date": "2015-10-08T20:39:50",
                "status": "modified",
                "first_commit": "2012-06-05T04:24:46",
                "last_commit": "2016-09-20T15:20:42",
                "CI_type": "Travis",
                "sha": "60ca6346918d4a716f2d81ebeca930fbf4b6c190"
            },
            {
                "file_name": "/.travis.yml",
                "commit_date": "2015-08-19T16:11:50",
                "status": "modified",
                "first_commit": "2012-06-05T04:24:46",
                "last_commit": "2016-09-20T15:20:42",
                "CI_type": "Travis",
                "sha": "0648d9f3b4894571968cac5439129331527835a8"
            },
            {
                "file_name": "/.travis.yml",
                "commit_date": "2015-08-05T14:53:32",
                "status": "modified",
                "first_commit": "2012-06-05T04:24:46",
                "last_commit": "2016-09-20T15:20:42",
                "CI_type": "Travis",
                "sha": "4d84ac10bd07c95c25ddd68a3d65e811fe27e5a5"
            },
            {
                "file_name": "/.travis.yml",
                "commit_date": "2015-08-05T12:38:49",
                "status": "modified",
                "first_commit": "2012-06-05T04:24:46",
                "last_commit": "2016-09-20T15:20:42",
                "CI_type": "Travis",
                "sha": "b4ee7287c8a260c5ca4325b63325b6e66647c08b"
            },
            {
                "file_name": "/.travis.yml",
                "commit_date": "2015-08-05T12:33:44",
                "status": "modified",
                "first_commit": "2012-06-05T04:24:46",
                "last_commit": "2016-09-20T15:20:42",
                "CI_type": "Travis",
                "sha": "05010d652d1e2abfa13b4c2c9fa8f5eb48acf4bc"
            },
            {
                "file_name": "/.travis.yml",
                "commit_date": "2015-07-25T03:06:19",
                "status": "modified",
                "first_commit": "2012-06-05T04:24:46",
                "last_commit": "2016-09-20T15:20:42",
                "CI_type": "Travis",
                "sha": "5bc74aae6f218ad6f0cba5e7ca5250028febb50c"
            },
            {
                "file_name": "/.travis.yml",
                "commit_date": "2015-06-25T00:22:41",
                "status": "modified",
                "first_commit": "2012-06-05T04:24:46",
                "last_commit": "2016-09-20T15:20:42",
                "CI_type": "Travis",
                "sha": "ea0744b6fa18b27de2986a2240d1d2fd33085b85"
            },
            {
                "file_name": "/.travis.yml",
                "commit_date": "2015-05-03T14:40:52",
                "status": "modified",
                "first_commit": "2012-06-05T04:24:46",
                "last_commit": "2016-09-20T15:20:42",
                "CI_type": "Travis",
                "sha": "5e98be62a8b865c0b0abe894a37518aa67181c46"
            },
            {
                "file_name": "/.travis.yml",
                "commit_date": "2015-04-27T14:01:17",
                "status": "modified",
                "first_commit": "2012-06-05T04:24:46",
                "last_commit": "2016-09-20T15:20:42",
                "CI_type": "Travis",
                "sha": "d9eb7a5fce10a6bf1b15049536fbbd057f33f1fa"
            },
            {
                "file_name": "/.travis.yml",
                "commit_date": "2015-04-29T21:52:27",
                "status": "modified",
                "first_commit": "2012-06-05T04:24:46",
                "last_commit": "2016-09-20T15:20:42",
                "CI_type": "Travis",
                "sha": "83e0d1762ed96c5fa142c14546b1f188f8d68ec6"
            },
            {
                "file_name": "/.travis.yml",
                "commit_date": "2015-03-22T15:04:00",
                "status": "modified",
                "first_commit": "2012-06-05T04:24:46",
                "last_commit": "2016-09-20T15:20:42",
                "CI_type": "Travis",
                "sha": "3fc612828348fa40ea2153a809a1e15e36316d13"
            },
            {
                "file_name": "/.travis.yml",
                "commit_date": "2014-11-10T20:21:06",
                "status": "modified",
                "first_commit": "2012-06-05T04:24:46",
                "last_commit": "2016-09-20T15:20:42",
                "CI_type": "Travis",
                "sha": "7d1ea605b9af3afbc253906ac6c5774f07eaf957"
            },
            {
                "file_name": "/.travis.yml",
                "commit_date": "2014-11-08T03:18:34",
                "status": "modified",
                "first_commit": "2012-06-05T04:24:46",
                "last_commit": "2016-09-20T15:20:42",
                "CI_type": "Travis",
                "sha": "c12820f45e3cb9f2085b2a28501b7460da3ad243"
            },
            {
                "file_name": "/.travis.yml",
                "commit_date": "2014-11-07T19:08:19",
                "status": "modified",
                "first_commit": "2012-06-05T04:24:46",
                "last_commit": "2016-09-20T15:20:42",
                "CI_type": "Travis",
                "sha": "df33cd8dd0f6a00e9a0daa93fc134f49b0f5c782"
            },
            {
                "file_name": "/.travis.yml",
                "commit_date": "2014-10-04T18:31:30",
                "status": "modified",
                "first_commit": "2012-06-05T04:24:46",
                "last_commit": "2016-09-20T15:20:42",
                "CI_type": "Travis",
                "sha": "cd0b8e7031fa16a60b22b74f1b0273ca60d58668"
            },
            {
                "file_name": "/.travis.yml",
                "commit_date": "2014-10-04T03:10:45",
                "status": "modified",
                "first_commit": "2012-06-05T04:24:46",
                "last_commit": "2016-09-20T15:20:42",
                "CI_type": "Travis",
                "sha": "43ca904f79ced66552ff02e7e92da1c4566beadd"
            },
            {
                "file_name": "/.travis.yml",
                "commit_date": "2014-07-16T21:17:37",
                "status": "modified",
                "first_commit": "2012-06-05T04:24:46",
                "last_commit": "2016-09-20T15:20:42",
                "CI_type": "Travis",
                "sha": "b36af0c496d5306eea008c27f9195bd171e4d460"
            },
            {
                "file_name": "/.travis.yml",
                "commit_date": "2014-07-07T05:49:41",
                "status": "modified",
                "first_commit": "2012-06-05T04:24:46",
                "last_commit": "2016-09-20T15:20:42",
                "CI_type": "Travis",
                "sha": "dc98a3df98645c2d074ee18ccc8357384e208f02"
            },
            {
                "file_name": "/.travis.yml",
                "commit_date": "2014-05-06T15:37:38",
                "status": "modified",
                "first_commit": "2012-06-05T04:24:46",
                "last_commit": "2016-09-20T15:20:42",
                "CI_type": "Travis",
                "sha": "d1422d35d7ad70ebb2c7e41eadd14f27f8cc7e31"
            },
            {
                "file_name": "/.travis.yml",
                "commit_date": "2014-05-03T21:58:38",
                "status": "modified",
                "first_commit": "2012-06-05T04:24:46",
                "last_commit": "2016-09-20T15:20:42",
                "CI_type": "Travis",
                "sha": "0beb47f52b359ac90d81ec3f932f39a6f85bf8e8"
            },
            {
                "file_name": "/.travis.yml",
                "commit_date": "2014-04-05T11:13:13",
                "status": "modified",
                "first_commit": "2012-06-05T04:24:46",
                "last_commit": "2016-09-20T15:20:42",
                "CI_type": "Travis",
                "sha": "c9fd63407da2a529c205402fd1bda5ea20eedce2"
            },
            {
                "file_name": "/.travis.yml",
                "commit_date": "2014-02-24T19:19:50",
                "status": "modified",
                "first_commit": "2012-06-05T04:24:46",
                "last_commit": "2016-09-20T15:20:42",
                "CI_type": "Travis",
                "sha": "2872bf7a7433697483eba0030c67ae27c8f7914e"
            },
            {
                "file_name": "/.travis.yml",
                "commit_date": "2014-01-15T23:32:19",
                "status": "modified",
                "first_commit": "2012-06-05T04:24:46",
                "last_commit": "2016-09-20T15:20:42",
                "CI_type": "Travis",
                "sha": "8ef97a9c21f24964f4cee2e56ec9141b217ff186"
            },
            {
                "file_name": "/.travis.yml",
                "commit_date": "2014-01-11T13:42:59",
                "status": "modified",
                "first_commit": "2012-06-05T04:24:46",
                "last_commit": "2016-09-20T15:20:42",
                "CI_type": "Travis",
                "sha": "da3ad01d20c283adf5222e8ad7cc95731e0fc900"
            },
            {
                "file_name": "/.travis.yml",
                "commit_date": "2013-12-23T13:11:57",
                "status": "modified",
                "first_commit": "2012-06-05T04:24:46",
                "last_commit": "2016-09-20T15:20:42",
                "CI_type": "Travis",
                "sha": "b6cb0305a95d22a389a4127fda19c90629dfdffe"
            },
            {
                "file_name": "/.travis.yml",
                "commit_date": "2013-12-08T14:23:42",
                "status": "modified",
                "first_commit": "2012-06-05T04:24:46",
                "last_commit": "2016-09-20T15:20:42",
                "CI_type": "Travis",
                "sha": "915dda710f3e1acb80bdcbfdaaf839968511cde7"
            },
            {
                "file_name": "/.travis.yml",
                "commit_date": "2013-12-08T14:21:52",
                "status": "modified",
                "first_commit": "2012-06-05T04:24:46",
                "last_commit": "2016-09-20T15:20:42",
                "CI_type": "Travis",
                "sha": "d2e676f1b814b215f765a7d77c691fb00e788591"
            },
            {
                "file_name": "/.travis.yml",
                "commit_date": "2013-09-21T22:11:47",
                "status": "modified",
                "first_commit": "2012-06-05T04:24:46",
                "last_commit": "2016-09-20T15:20:42",
                "CI_type": "Travis",
                "sha": "be45f3397629393352d6d8fc0db20a93d2f948da"
            },
            {
                "file_name": "/.travis.yml",
                "commit_date": "2013-08-15T17:35:27",
                "status": "modified",
                "first_commit": "2012-06-05T04:24:46",
                "last_commit": "2016-09-20T15:20:42",
                "CI_type": "Travis",
                "sha": "332057144d91e227f4e619e6dc8d8701d23a9ec5"
            },
            {
                "file_name": "/.travis.yml",
                "commit_date": "2013-04-06T13:46:20",
                "status": "modified",
                "first_commit": "2012-06-05T04:24:46",
                "last_commit": "2016-09-20T15:20:42",
                "CI_type": "Travis",
                "sha": "129ae08a8a0ea7393963a5f221832ad1de8bd49f"
            },
            {
                "file_name": "/.travis.yml",
                "commit_date": "2013-04-02T18:01:57",
                "status": "modified",
                "first_commit": "2012-06-05T04:24:46",
                "last_commit": "2016-09-20T15:20:42",
                "CI_type": "Travis",
                "sha": "507b09e523e11610ea7f9bf3350b2258120ab0d2"
            },
            {
                "file_name": "/.travis.yml",
                "commit_date": "2013-03-02T11:36:03",
                "status": "modified",
                "first_commit": "2012-06-05T04:24:46",
                "last_commit": "2016-09-20T15:20:42",
                "CI_type": "Travis",
                "sha": "1fa4cad1ba63d6c5ea70758f42504b6c0da716d2"
            },
            {
                "file_name": "/.travis.yml",
                "commit_date": "2013-01-21T19:37:50",
                "status": "modified",
                "first_commit": "2012-06-05T04:24:46",
                "last_commit": "2016-09-20T15:20:42",
                "CI_type": "Travis",
                "sha": "08dfe2f48ea6bab6935b1f13d9385df9f9f4f782"
            },
            {
                "file_name": "/.travis.yml",
                "commit_date": "2013-01-03T15:48:55",
                "status": "modified",
                "first_commit": "2012-06-05T04:24:46",
                "last_commit": "2016-09-20T15:20:42",
                "CI_type": "Travis",
                "sha": "8c05bdbe4a7555628c758967b8800e3e981363e2"
            },
            {
                "file_name": "/.travis.yml",
                "commit_date": "2012-12-21T01:13:35",
                "status": "modified",
                "first_commit": "2012-06-05T04:24:46",
                "last_commit": "2016-09-20T15:20:42",
                "CI_type": "Travis",
                "sha": "834d32bbdeda076d1dff12ab54338421d365ef4b"
            },
            {
                "file_name": "/.travis.yml",
                "commit_date": "2012-11-25T21:09:13",
                "status": "modified",
                "first_commit": "2012-06-05T04:24:46",
                "last_commit": "2016-09-20T15:20:42",
                "CI_type": "Travis",
                "sha": "f3905dc9fe00382e7ac666bacabc429c8b92d634"
            },
            {
                "file_name": "/.travis.yml",
                "commit_date": "2012-06-24T22:15:08",
                "status": "modified",
                "first_commit": "2012-06-05T04:24:46",
                "last_commit": "2016-09-20T15:20:42",
                "CI_type": "Travis",
                "sha": "6bb3ef6b9737f9aae021f8905170eeb160f67d6f"
            },
            {
                "file_name": "/.travis.yml",
                "commit_date": "2012-06-24T21:29:53",
                "status": "modified",
                "first_commit": "2012-06-05T04:24:46",
                "last_commit": "2016-09-20T15:20:42",
                "CI_type": "Travis",
                "sha": "e57266c9c738d5823f1eb3e8df846a4df5092179"
            },
            {
                "file_name": "/.travis.yml",
                "commit_date": "2012-06-24T21:13:32",
                "status": "modified",
                "first_commit": "2012-06-05T04:24:46",
                "last_commit": "2016-09-20T15:20:42",
                "CI_type": "Travis",
                "sha": "6e1e61da848e8d538d4a0482f4cc9cdcf87aad54"
            },
            {
                "file_name": "/.travis.yml",
                "commit_date": "2012-06-16T17:08:50",
                "status": "modified",
                "first_commit": "2012-06-05T04:24:46",
                "last_commit": "2016-09-20T15:20:42",
                "CI_type": "Travis",
                "sha": "36681eb2c4b731d5f8e639607aff41404aa8fc45"
            },
            {
                "file_name": "/.travis.yml",
                "commit_date": "2012-06-16T16:33:41",
                "status": "modified",
                "first_commit": "2012-06-05T04:24:46",
                "last_commit": "2016-09-20T15:20:42",
                "CI_type": "Travis",
                "sha": "d129a54335eb7186a408404ad93b7fd63c6ea919"
            },
            {
                "file_name": "/.travis.yml",
                "commit_date": "2012-06-16T09:59:36",
                "status": "modified",
                "first_commit": "2012-06-05T04:24:46",
                "last_commit": "2016-09-20T15:20:42",
                "CI_type": "Travis",
                "sha": "9e2c5af6cac932bd9f8415ea0af72b2e30d196de"
            },
            {
                "file_name": "/.travis.yml",
                "commit_date": "2012-06-05T04:24:46",
                "status": "added",
                "first_commit": "2012-06-05T04:24:46",
                "last_commit": "2016-09-20T15:20:42",
                "CI_type": "Travis",
                "sha": "1a050bb5de62dc15c9edf8c7625e71cb8abe4b1b"
            }
        ]
    },
    {
        "CircleCI": []
    },
    {
        "AppVeyor": [
            {
                "file_name": "/appveyor.yml",
                "commit_date": "2016-02-25T05:41:12",
                "status": "modified",
                "first_commit": "2015-12-19T04:48:56",
                "last_commit": "2016-02-25T05:41:12",
                "CI_type": "AppVeyor",
                "sha": "16416f0143c9a1213d5d141cc229e740c0e01572"
            },
            {
                "file_name": "/appveyor.yml",
                "commit_date": "2016-02-14T09:24:34",
                "status": "modified",
                "first_commit": "2015-12-19T04:48:56",
                "last_commit": "2016-02-25T05:41:12",
                "CI_type": "AppVeyor",
                "sha": "440e81ace36d65a7b62eec1a0460467f3dc97085"
            },
            {
                "file_name": "/appveyor.yml",
                "commit_date": "2016-01-01T22:00:24",
                "status": "modified",
                "first_commit": "2015-12-19T04:48:56",
                "last_commit": "2016-02-25T05:41:12",
                "CI_type": "AppVeyor",
                "sha": "07fa8cc957880614319aeb5b88c88ae367d954d9"
            },
            {
                "file_name": "/appveyor.yml",
                "commit_date": "2015-12-23T20:53:49",
                "status": "modified",
                "first_commit": "2015-12-19T04:48:56",
                "last_commit": "2016-02-25T05:41:12",
                "CI_type": "AppVeyor",
                "sha": "4f7a60538eb031092ab84816afa56b51ee84f8bd"
            },
            {
                "file_name": "/appveyor.yml",
                "commit_date": "2015-12-22T20:22:18",
                "status": "modified",
                "first_commit": "2015-12-19T04:48:56",
                "last_commit": "2016-02-25T05:41:12",
                "CI_type": "AppVeyor",
                "sha": "68bcaa13904f6e9efaef9ec3ae27797f648ee80c"
            },
            {
                "file_name": "/appveyor.yml",
                "commit_date": "2015-12-19T04:48:56",
                "status": "added",
                "first_commit": "2015-12-19T04:48:56",
                "last_commit": "2016-02-25T05:41:12",
                "CI_type": "AppVeyor",
                "sha": "73ba0080600ab81361df2e83b1d6db2a33ae8bcd"
            }
        ]
    },
    {
        "Azure": []
    },
    {
        "GitLab": []
    },
    {
        "Jenkins": []
    }
]