{
    "id": 72058345,
    "name": "deep-learning-technologies",
    "full_name": "intel/deep-learning-technologies",
    "org_name": "Intel Corporation",
    "org_id": 17888862,
    "created_at": "2016-10-27T01:08:37",
    "pushed_at": "2022-08-04T23:10:12",
    "updated_at": "2023-01-27T22:31:35",
    "isFork": false,
    "forks": 5,
    "forks_count": 5,
    "has_downloads": true,
    "has_issues": true,
    "has_pages": false,
    "has_projects": true,
    "has_wiki": true,
    "homepage": null,
    "language": null,
    "open_issues": 0,
    "open_issues_count": 0,
    "size": 0,
    "stargazers_count": 3,
    "subscribers_count": 21,
    "watchers": 3,
    "watchers_count": 3,
    "first_commit": "2016-10-27T01:08:37",
    "last_commit": "2022-08-04T23:04:28",
    "branches_count": 1,
    "commit_comments_count": 0,
    "commits_count": 2,
    "countributors_count": 1,
    "downloads_count": 0,
    "events_count": 0,
    "issues_count": 0,
    "labels_count": 7,
    "milestones_count": 0,
    "PR_count": 0,
    "open_PR_count": 0,
    "readme_size": 523,
    "release_count": 0,
    "topic_count": 0,
    "15_commits": 0,
    "16_commits": 1,
    "17_commits": 0,
    "18_commits": 0,
    "19_commits": 0,
    "20_commits": 0,
    "21_commits": 0,
    "22_commits": 1,
    "15_committer_num": 0,
    "16_committer_num": 1,
    "17_committer_num": 0,
    "18_committer_num": 0,
    "19_committer_num": 0,
    "20_committer_num": 0,
    "21_committer_num": 0,
    "22_committer_num": 1
}{
    "stargazer_date": {
        "7971164": "2016-10-28T02:38:55",
        "8150900": "2016-11-21T19:08:20",
        "20220399": "2016-11-23T00:51:54"
    }
}[
    {
        "GHA": {}
    },
    {
        "Travis": []
    },
    {
        "CircleCI": []
    },
    {
        "AppVeyor": []
    },
    {
        "Azure": []
    },
    {
        "GitLab": []
    },
    {
        "Jenkins": []
    }
]