{
    "id": 75005564,
    "name": "external-vulkan_hal",
    "full_name": "intel/external-vulkan_hal",
    "org_name": "Intel Corporation",
    "org_id": 17888862,
    "created_at": "2016-11-28T19:10:34",
    "pushed_at": "2022-08-04T23:01:45",
    "updated_at": "2023-01-27T22:31:37",
    "isFork": false,
    "forks": 7,
    "forks_count": 7,
    "has_downloads": true,
    "has_issues": false,
    "has_pages": false,
    "has_projects": true,
    "has_wiki": true,
    "homepage": null,
    "language": "C++",
    "open_issues": 0,
    "open_issues_count": 0,
    "size": 10,
    "stargazers_count": 1,
    "subscribers_count": 11,
    "watchers": 1,
    "watchers_count": 1,
    "first_commit": "2016-11-27T07:05:51",
    "last_commit": "2022-08-04T22:56:02",
    "branches_count": 5,
    "commit_comments_count": 12,
    "commits_count": 10,
    "countributors_count": 4,
    "downloads_count": 0,
    "events_count": 0,
    "issues_count": 0,
    "labels_count": 7,
    "milestones_count": 0,
    "PR_count": 8,
    "open_PR_count": 0,
    "readme_size": 495,
    "release_count": 0,
    "topic_count": 0,
    "15_commits": 0,
    "16_commits": 1,
    "17_commits": 8,
    "18_commits": 0,
    "19_commits": 0,
    "20_commits": 0,
    "21_commits": 0,
    "22_commits": 1,
    "15_committer_num": 0,
    "16_committer_num": 1,
    "17_committer_num": 2,
    "18_committer_num": 0,
    "19_committer_num": 0,
    "20_committer_num": 0,
    "21_committer_num": 0,
    "22_committer_num": 1
}{
    "stargazer_date": {
        "8597425": "2021-04-15T16:04:48"
    }
}[
    {
        "GHA": {}
    },
    {
        "Travis": []
    },
    {
        "CircleCI": []
    },
    {
        "AppVeyor": []
    },
    {
        "Azure": []
    },
    {
        "GitLab": []
    },
    {
        "Jenkins": []
    }
]