{
    "id": 81935252,
    "name": "IA-Hardware-Composer",
    "full_name": "intel/IA-Hardware-Composer",
    "org_name": "Intel Corporation",
    "org_id": 17888862,
    "created_at": "2017-02-14T10:45:35",
    "pushed_at": "2022-12-16T05:11:00",
    "updated_at": "2022-07-16T02:41:55",
    "isFork": false,
    "forks": 86,
    "forks_count": 86,
    "has_downloads": true,
    "has_issues": true,
    "has_pages": false,
    "has_projects": true,
    "has_wiki": true,
    "homepage": null,
    "language": "C++",
    "open_issues": 22,
    "open_issues_count": 22,
    "size": 35679,
    "stargazers_count": 35,
    "subscribers_count": 21,
    "watchers": 35,
    "watchers_count": 35,
    "first_commit": "2019-06-04T10:53:02",
    "last_commit": "2021-05-31T06:42:09",
    "branches_count": 24,
    "commit_comments_count": 89,
    "commits_count": 1202,
    "countributors_count": 54,
    "downloads_count": 0,
    "events_count": 9,
    "issues_count": 22,
    "labels_count": 11,
    "milestones_count": 0,
    "PR_count": 684,
    "open_PR_count": 13,
    "readme_size": 719,
    "release_count": 0,
    "topic_count": 0,
    "15_commits": 0,
    "16_commits": 0,
    "17_commits": 646,
    "18_commits": 390,
    "19_commits": 138,
    "20_commits": 19,
    "21_commits": 9,
    "22_commits": 0,
    "15_committer_num": 0,
    "16_committer_num": 0,
    "17_committer_num": 32,
    "18_committer_num": 29,
    "19_committer_num": 16,
    "20_committer_num": 5,
    "21_committer_num": 5,
    "22_committer_num": 0
}{
    "stargazer_date": {
        "25076716": "2017-02-23T12:32:55",
        "22826669": "2017-03-23T21:18:52",
        "5105469": "2017-05-24T07:00:57",
        "532414": "2017-06-22T14:15:23",
        "22674221": "2017-08-16T06:11:43",
        "32861744": "2017-10-17T06:00:07",
        "33310265": "2017-11-02T07:23:41",
        "158206": "2017-11-30T16:24:05",
        "15620458": "2018-01-05T19:21:35",
        "26514406": "2018-01-23T02:50:13",
        "11133593": "2018-02-24T16:30:41",
        "35127219": "2018-03-09T10:05:51",
        "37657007": "2018-03-22T10:17:15",
        "758621": "2018-04-02T22:00:03",
        "6205619": "2018-05-24T01:11:21",
        "37270051": "2018-06-07T22:01:09",
        "23202978": "2018-06-11T02:48:45",
        "7542938": "2018-06-29T07:11:04",
        "545298": "2018-07-27T10:22:37",
        "40611302": "2018-08-08T20:12:32",
        "8034921": "2018-09-25T08:55:15",
        "22070793": "2018-10-25T20:27:00",
        "19922810": "2019-01-23T00:46:14",
        "1273397": "2019-03-16T01:24:32",
        "50286024": "2019-05-14T06:08:38",
        "1035004": "2019-05-17T04:03:25",
        "8316071": "2019-05-31T09:45:21",
        "43835310": "2019-07-20T09:36:53",
        "14302437": "2019-07-21T23:21:33",
        "43091780": "2019-07-29T08:23:49",
        "6366270": "2019-08-19T09:36:13",
        "3849706": "2021-03-01T14:38:33",
        "7670749": "2021-07-07T09:24:07",
        "2520139": "2021-12-20T08:43:12",
        "11607613": "2022-07-16T02:41:55"
    }
}[
    {
        "GHA": {}
    },
    {
        "Travis": [
            {
                "file_name": "/.travis.yml",
                "commit_date": "2018-08-24T22:15:24",
                "status": "modified",
                "first_commit": "2017-05-17T17:00:03",
                "last_commit": "2018-08-24T22:15:24",
                "CI_type": "Travis",
                "sha": "0cb68f14356f8bfd260eb8b5359e1c3466cacaec"
            },
            {
                "file_name": "/.travis.yml",
                "commit_date": "2018-07-26T03:40:23",
                "status": "modified",
                "first_commit": "2017-05-17T17:00:03",
                "last_commit": "2018-08-24T22:15:24",
                "CI_type": "Travis",
                "sha": "37e0281804c66f35bfb87be44d8d7d1ad1f414d4"
            },
            {
                "file_name": "/.travis.yml",
                "commit_date": "2018-07-13T12:01:29",
                "status": "modified",
                "first_commit": "2017-05-17T17:00:03",
                "last_commit": "2018-08-24T22:15:24",
                "CI_type": "Travis",
                "sha": "feb1e695cc33fef5caa2f8a2ccb6badac5bd9847"
            },
            {
                "file_name": "/.travis.yml",
                "commit_date": "2018-04-27T20:42:30",
                "status": "modified",
                "first_commit": "2017-05-17T17:00:03",
                "last_commit": "2018-08-24T22:15:24",
                "CI_type": "Travis",
                "sha": "995f1689583eb01fb4eeb987709456b62de3eff7"
            },
            {
                "file_name": "/.travis.yml",
                "commit_date": "2018-04-26T19:58:02",
                "status": "modified",
                "first_commit": "2017-05-17T17:00:03",
                "last_commit": "2018-08-24T22:15:24",
                "CI_type": "Travis",
                "sha": "3859170de7b88962783501e1b86642cb12ca23a3"
            },
            {
                "file_name": "/.travis.yml",
                "commit_date": "2018-04-30T03:38:57",
                "status": "modified",
                "first_commit": "2017-05-17T17:00:03",
                "last_commit": "2018-08-24T22:15:24",
                "CI_type": "Travis",
                "sha": "c646f38270ea0c7eed71d10bacd37b06d9860551"
            },
            {
                "file_name": "/.travis.yml",
                "commit_date": "2018-04-26T03:37:14",
                "status": "modified",
                "first_commit": "2017-05-17T17:00:03",
                "last_commit": "2018-08-24T22:15:24",
                "CI_type": "Travis",
                "sha": "27bb73e5de902e0296b86c0d6039e63f441ecb1d"
            },
            {
                "file_name": "/.travis.yml",
                "commit_date": "2018-03-30T17:16:44",
                "status": "modified",
                "first_commit": "2017-05-17T17:00:03",
                "last_commit": "2018-08-24T22:15:24",
                "CI_type": "Travis",
                "sha": "3e2f7e2b8602fbafef9d0e090f7b27528f11b72b"
            },
            {
                "file_name": "/.travis.yml",
                "commit_date": "2018-03-28T17:35:47",
                "status": "modified",
                "first_commit": "2017-05-17T17:00:03",
                "last_commit": "2018-08-24T22:15:24",
                "CI_type": "Travis",
                "sha": "82092e2a6b7c52363263d948a775497c33df3c44"
            },
            {
                "file_name": "/.travis.yml",
                "commit_date": "2018-03-19T22:16:17",
                "status": "modified",
                "first_commit": "2017-05-17T17:00:03",
                "last_commit": "2018-08-24T22:15:24",
                "CI_type": "Travis",
                "sha": "8948e2aa616ac54215407343ab9d238cc286cb9a"
            },
            {
                "file_name": "/.travis.yml",
                "commit_date": "2018-03-09T04:04:19",
                "status": "modified",
                "first_commit": "2017-05-17T17:00:03",
                "last_commit": "2018-08-24T22:15:24",
                "CI_type": "Travis",
                "sha": "312a807dbc0b088792078567c9f5530c22c813f7"
            },
            {
                "file_name": "/.travis.yml",
                "commit_date": "2018-02-20T04:17:06",
                "status": "modified",
                "first_commit": "2017-05-17T17:00:03",
                "last_commit": "2018-08-24T22:15:24",
                "CI_type": "Travis",
                "sha": "c23ec2ab101ccc011319a0b4c85b73915e4c0afb"
            },
            {
                "file_name": "/.travis.yml",
                "commit_date": "2018-02-19T01:26:17",
                "status": "modified",
                "first_commit": "2017-05-17T17:00:03",
                "last_commit": "2018-08-24T22:15:24",
                "CI_type": "Travis",
                "sha": "c5a6e9ee1171290f35cbf749e92fa93cba746bb0"
            },
            {
                "file_name": "/.travis.yml",
                "commit_date": "2018-02-19T01:26:17",
                "status": "modified",
                "first_commit": "2017-05-17T17:00:03",
                "last_commit": "2018-08-24T22:15:24",
                "CI_type": "Travis",
                "sha": "c4ddd2c2b32a7c0cdfe512131b12647d021cde56"
            },
            {
                "file_name": "/.travis.yml",
                "commit_date": "2018-02-18T19:12:49",
                "status": "modified",
                "first_commit": "2017-05-17T17:00:03",
                "last_commit": "2018-08-24T22:15:24",
                "CI_type": "Travis",
                "sha": "d55317071d3a0037ba387b2afddb9c28a70692f4"
            },
            {
                "file_name": "/.travis.yml",
                "commit_date": "2018-02-18T04:39:02",
                "status": "modified",
                "first_commit": "2017-05-17T17:00:03",
                "last_commit": "2018-08-24T22:15:24",
                "CI_type": "Travis",
                "sha": "9742fa84a239d39243c882bd238e7465168f6a38"
            },
            {
                "file_name": "/.travis.yml",
                "commit_date": "2018-01-31T12:56:36",
                "status": "modified",
                "first_commit": "2017-05-17T17:00:03",
                "last_commit": "2018-08-24T22:15:24",
                "CI_type": "Travis",
                "sha": "7f07625860dbe1c975f4f3dacf34062a91061e65"
            },
            {
                "file_name": "/.travis.yml",
                "commit_date": "2017-11-30T17:10:23",
                "status": "modified",
                "first_commit": "2017-05-17T17:00:03",
                "last_commit": "2018-08-24T22:15:24",
                "CI_type": "Travis",
                "sha": "62c6593ad4f97c2dc2ec6d4dabd3b13f4afb7ff9"
            },
            {
                "file_name": "/.travis.yml",
                "commit_date": "2017-11-03T21:50:36",
                "status": "modified",
                "first_commit": "2017-05-17T17:00:03",
                "last_commit": "2018-08-24T22:15:24",
                "CI_type": "Travis",
                "sha": "6abcdd05e7c8ba0c8edc1c15606b85ef89dd1d6c"
            },
            {
                "file_name": "/.travis.yml",
                "commit_date": "2017-10-03T01:50:00",
                "status": "modified",
                "first_commit": "2017-05-17T17:00:03",
                "last_commit": "2018-08-24T22:15:24",
                "CI_type": "Travis",
                "sha": "5a0e97c4e80a228da5830ffedaa3dafbd7fb6478"
            },
            {
                "file_name": "/.travis.yml",
                "commit_date": "2017-09-10T00:56:26",
                "status": "modified",
                "first_commit": "2017-05-17T17:00:03",
                "last_commit": "2018-08-24T22:15:24",
                "CI_type": "Travis",
                "sha": "b33179737d674be6960611bded9ed4cfe96250d5"
            },
            {
                "file_name": "/.travis.yml",
                "commit_date": "2017-07-17T09:27:51",
                "status": "modified",
                "first_commit": "2017-05-17T17:00:03",
                "last_commit": "2018-08-24T22:15:24",
                "CI_type": "Travis",
                "sha": "f1ae7240c64994221e453d5111046b44a3684cc5"
            },
            {
                "file_name": "/.travis.yml",
                "commit_date": "2017-05-17T17:00:03",
                "status": "added",
                "first_commit": "2017-05-17T17:00:03",
                "last_commit": "2018-08-24T22:15:24",
                "CI_type": "Travis",
                "sha": "849ed919bdb979433fe7078791eb6be92db9a616"
            }
        ]
    },
    {
        "CircleCI": []
    },
    {
        "AppVeyor": []
    },
    {
        "Azure": []
    },
    {
        "GitLab": []
    },
    {
        "Jenkins": []
    }
]