{
    "id": 8297025,
    "name": "dleyna-linux",
    "full_name": "intel/dleyna-linux",
    "org_name": "Intel Corporation",
    "org_id": 17888862,
    "created_at": "2013-02-19T18:58:58",
    "pushed_at": "2021-09-15T23:59:04",
    "updated_at": "2023-01-28T06:31:37",
    "isFork": false,
    "forks": 6,
    "forks_count": 6,
    "has_downloads": true,
    "has_issues": true,
    "has_pages": false,
    "has_projects": true,
    "has_wiki": true,
    "homepage": null,
    "language": "M4",
    "open_issues": 2,
    "open_issues_count": 2,
    "size": 23,
    "stargazers_count": 6,
    "subscribers_count": 16,
    "watchers": 6,
    "watchers_count": 6,
    "first_commit": "2013-03-07T16:42:43",
    "last_commit": "2021-09-15T23:59:04",
    "branches_count": 2,
    "commit_comments_count": 0,
    "commits_count": 26,
    "countributors_count": 3,
    "downloads_count": 0,
    "events_count": 0,
    "issues_count": 2,
    "labels_count": 6,
    "milestones_count": 0,
    "PR_count": 1,
    "open_PR_count": 0,
    "readme_size": 2875,
    "release_count": 2,
    "topic_count": 0,
    "15_commits": 2,
    "16_commits": 0,
    "17_commits": 3,
    "18_commits": 0,
    "19_commits": 0,
    "20_commits": 0,
    "21_commits": 1,
    "22_commits": 0,
    "15_committer_num": 2,
    "16_committer_num": 0,
    "17_committer_num": 1,
    "18_committer_num": 0,
    "19_committer_num": 0,
    "20_committer_num": 0,
    "21_committer_num": 1,
    "22_committer_num": 0
}{
    "stargazer_date": {
        "1119650": "2013-06-13T12:38:14",
        "195437": "2013-12-29T23:31:02",
        "1042384": "2014-04-10T15:33:44",
        "10586564": "2015-02-14T20:29:50",
        "1314821": "2016-03-02T13:05:57",
        "42839": "2016-04-02T22:39:17"
    }
}[
    {
        "GHA": {}
    },
    {
        "Travis": []
    },
    {
        "CircleCI": []
    },
    {
        "AppVeyor": []
    },
    {
        "Azure": []
    },
    {
        "GitLab": []
    },
    {
        "Jenkins": []
    }
]