{
    "id": 97070965,
    "name": "VNB-main",
    "full_name": "intel/VNB-main",
    "org_name": "Intel Corporation",
    "org_id": 17888862,
    "created_at": "2017-07-13T02:22:35",
    "pushed_at": "2022-08-04T22:58:04",
    "updated_at": "2023-01-27T22:31:39",
    "isFork": false,
    "forks": 6,
    "forks_count": 6,
    "has_downloads": true,
    "has_issues": true,
    "has_pages": false,
    "has_projects": true,
    "has_wiki": true,
    "homepage": null,
    "language": "Shell",
    "open_issues": 2,
    "open_issues_count": 2,
    "size": 6100,
    "stargazers_count": 4,
    "subscribers_count": 7,
    "watchers": 4,
    "watchers_count": 4,
    "first_commit": "2017-07-15T22:00:15",
    "last_commit": "2022-08-04T22:52:20",
    "branches_count": 1,
    "commit_comments_count": 0,
    "commits_count": 12,
    "countributors_count": 4,
    "downloads_count": 0,
    "events_count": 0,
    "issues_count": 2,
    "labels_count": 7,
    "milestones_count": 0,
    "PR_count": 0,
    "open_PR_count": 0,
    "readme_size": 2325,
    "release_count": 0,
    "topic_count": 0,
    "15_commits": 0,
    "16_commits": 0,
    "17_commits": 11,
    "18_commits": 0,
    "19_commits": 0,
    "20_commits": 0,
    "21_commits": 0,
    "22_commits": 1,
    "15_committer_num": 0,
    "16_committer_num": 0,
    "17_committer_num": 3,
    "18_committer_num": 0,
    "19_committer_num": 0,
    "20_committer_num": 0,
    "21_committer_num": 0,
    "22_committer_num": 1
}{
    "stargazer_date": {
        "3190170": "2018-02-18T07:15:10",
        "22523403": "2018-09-26T03:09:58",
        "15225375": "2018-12-20T02:22:31",
        "30308871": "2020-04-14T17:04:07"
    }
}[
    {
        "GHA": {}
    },
    {
        "Travis": []
    },
    {
        "CircleCI": []
    },
    {
        "AppVeyor": []
    },
    {
        "Azure": []
    },
    {
        "GitLab": []
    },
    {
        "Jenkins": []
    }
]