{
    "id": 9966632,
    "name": "mayloon-portingtool",
    "full_name": "intel/mayloon-portingtool",
    "org_name": "Intel Corporation",
    "org_id": 17888862,
    "created_at": "2013-05-09T19:24:17",
    "pushed_at": "2014-02-14T05:25:02",
    "updated_at": "2023-01-28T17:58:15",
    "isFork": false,
    "forks": 9,
    "forks_count": 9,
    "has_downloads": true,
    "has_issues": true,
    "has_pages": false,
    "has_projects": true,
    "has_wiki": true,
    "homepage": null,
    "language": "JavaScript",
    "open_issues": 1,
    "open_issues_count": 1,
    "size": 51794,
    "stargazers_count": 9,
    "subscribers_count": 10,
    "watchers": 9,
    "watchers_count": 9,
    "first_commit": "2013-09-04T06:48:09",
    "last_commit": "2014-02-14T05:25:02",
    "branches_count": 1,
    "commit_comments_count": 0,
    "commits_count": 495,
    "countributors_count": 5,
    "downloads_count": 0,
    "events_count": 0,
    "issues_count": 1,
    "labels_count": 6,
    "milestones_count": 0,
    "PR_count": 2,
    "open_PR_count": 0,
    "readme_size": 0,
    "release_count": 0,
    "topic_count": 0,
    "15_commits": 0,
    "16_commits": 0,
    "17_commits": 0,
    "18_commits": 0,
    "19_commits": 0,
    "20_commits": 0,
    "21_commits": 0,
    "22_commits": 0,
    "15_committer_num": 0,
    "16_committer_num": 0,
    "17_committer_num": 0,
    "18_committer_num": 0,
    "19_committer_num": 0,
    "20_committer_num": 0,
    "21_committer_num": 0,
    "22_committer_num": 0
}{
    "stargazer_date": {
        "4607096": "2013-06-04T03:26:24",
        "95613": "2013-06-27T06:09:42",
        "3443713": "2013-12-11T04:25:25",
        "5455041": "2014-04-10T03:28:21",
        "518652": "2014-09-21T05:42:11",
        "143009": "2014-12-06T18:56:59",
        "2716047": "2015-08-03T16:18:06",
        "157093": "2017-12-15T22:21:35",
        "6731570": "2020-04-25T02:15:44"
    }
}[
    {
        "GHA": {}
    },
    {
        "Travis": []
    },
    {
        "CircleCI": []
    },
    {
        "AppVeyor": []
    },
    {
        "Azure": []
    },
    {
        "GitLab": []
    },
    {
        "Jenkins": []
    }
]