{
    "id": 101670463,
    "name": "oss-contribution-tracker",
    "full_name": "amzn/oss-contribution-tracker",
    "org_name": "Amazon",
    "org_id": 8594673,
    "created_at": "2017-08-28T17:45:55",
    "pushed_at": "2021-04-16T22:56:10",
    "updated_at": "2023-01-28T09:10:15",
    "isFork": false,
    "forks": 15,
    "forks_count": 15,
    "has_downloads": true,
    "has_issues": true,
    "has_pages": false,
    "has_projects": false,
    "has_wiki": false,
    "homepage": "",
    "language": "TypeScript",
    "open_issues": 1,
    "open_issues_count": 1,
    "size": 2555,
    "stargazers_count": 39,
    "subscribers_count": 9,
    "watchers": 39,
    "watchers_count": 39,
    "first_commit": "2018-08-15T22:22:31",
    "last_commit": "2021-04-16T22:55:59",
    "branches_count": 1,
    "commit_comments_count": 0,
    "commits_count": 218,
    "countributors_count": 6,
    "downloads_count": 0,
    "events_count": 0,
    "issues_count": 1,
    "labels_count": 9,
    "milestones_count": 0,
    "PR_count": 55,
    "open_PR_count": 0,
    "readme_size": 2080,
    "release_count": 0,
    "topic_count": 1,
    "15_commits": 0,
    "16_commits": 0,
    "17_commits": 1,
    "18_commits": 164,
    "19_commits": 25,
    "20_commits": 27,
    "21_commits": 1,
    "22_commits": 0,
    "15_committer_num": 0,
    "16_committer_num": 0,
    "17_committer_num": 0,
    "18_committer_num": 4,
    "19_committer_num": 2,
    "20_committer_num": 2,
    "21_committer_num": 0,
    "22_committer_num": 0
}{
    "stargazer_date": {
        "427420": "2017-09-20T23:13:40",
        "590540": "2017-09-20T23:19:07",
        "40245": "2017-09-20T23:48:54",
        "10311": "2017-09-21T17:10:50",
        "477715": "2017-09-22T16:44:25",
        "1453749": "2017-09-23T04:05:15",
        "73091": "2017-09-24T04:47:35",
        "945486": "2017-09-28T17:45:26",
        "22755571": "2017-09-28T18:11:03",
        "14338588": "2018-01-13T14:00:34",
        "1400312": "2018-01-19T16:31:52",
        "1942529": "2018-01-22T03:16:56",
        "141088": "2018-02-21T07:56:17",
        "2183812": "2018-06-09T13:03:39",
        "28624315": "2018-06-26T06:03:23",
        "22601145": "2018-07-10T23:14:57",
        "24822031": "2018-07-11T19:19:41",
        "491513": "2018-08-02T17:44:19",
        "13075885": "2018-08-16T18:02:23",
        "58620": "2018-08-26T00:55:11",
        "1789893": "2018-09-26T15:11:26",
        "20000337": "2018-10-01T04:32:29",
        "2360224": "2018-10-30T06:44:48",
        "45044339": "2018-11-15T09:15:28",
        "19798308": "2018-11-28T21:40:31",
        "240965": "2018-12-04T06:31:24",
        "19847": "2019-05-15T03:26:08",
        "42984807": "2019-06-05T17:45:57",
        "26358815": "2019-09-14T15:00:57",
        "12439069": "2019-10-02T03:50:32",
        "9933677": "2020-07-31T05:55:53",
        "676032": "2020-08-04T21:22:54",
        "47221377": "2020-09-21T17:51:19",
        "33106667": "2020-12-13T22:23:01",
        "8481767": "2020-12-19T05:01:52",
        "15704427": "2021-04-17T00:05:26",
        "70458154": "2021-07-10T08:35:44",
        "52720626": "2021-08-01T23:54:26",
        "27885054": "2022-08-25T11:53:37"
    }
}[
    {
        "GHA": [
            {
                "file_name": ".github/workflows/ci.yml",
                "commit_date": "2020-12-17T01:03:46",
                "status": "added",
                "first_commit": "2020-12-17T01:03:46",
                "last_commit": "2020-12-17T01:03:46",
                "CI_type": "GHA",
                "sha": "0b9329f977cef83f506b57783f50d0bb502cfee3"
            }
        ]
    },
    {
        "Travis": [
            {
                "file_name": "/.travis.yml",
                "commit_date": "2020-12-17T01:15:07",
                "status": "removed",
                "first_commit": "2018-05-22T22:02:34",
                "last_commit": "2020-12-17T01:15:07",
                "CI_type": "Travis",
                "sha": "093d5b472784715f6429ac2ac0744122e0224d6a"
            },
            {
                "file_name": "/.travis.yml",
                "commit_date": "2020-07-08T21:47:50",
                "status": "modified",
                "first_commit": "2018-05-22T22:02:34",
                "last_commit": "2020-12-17T01:15:07",
                "CI_type": "Travis",
                "sha": "59a845b7f0f9576222400d62d077f4dc4923cac9"
            },
            {
                "file_name": "/.travis.yml",
                "commit_date": "2018-05-22T22:02:34",
                "status": "added",
                "first_commit": "2018-05-22T22:02:34",
                "last_commit": "2020-12-17T01:15:07",
                "CI_type": "Travis",
                "sha": "c60ac6eb8b5e1f4a99c00367f8e91d737b78dd5a"
            }
        ]
    },
    {
        "CircleCI": []
    },
    {
        "AppVeyor": []
    },
    {
        "Azure": []
    },
    {
        "GitLab": []
    },
    {
        "Jenkins": []
    }
]