{
    "id": 113228302,
    "name": "amazon-mcf-plugin-for-magento-1",
    "full_name": "amzn/amazon-mcf-plugin-for-magento-1",
    "org_name": "Amazon",
    "org_id": 8594673,
    "created_at": "2017-12-05T20:13:52",
    "pushed_at": "2018-10-04T22:00:38",
    "updated_at": "2022-02-08T02:31:42",
    "isFork": false,
    "forks": 11,
    "forks_count": 11,
    "has_downloads": true,
    "has_issues": true,
    "has_pages": false,
    "has_projects": true,
    "has_wiki": false,
    "homepage": null,
    "language": "PHP",
    "open_issues": 4,
    "open_issues_count": 4,
    "size": 2238,
    "stargazers_count": 13,
    "subscribers_count": 9,
    "watchers": 13,
    "watchers_count": 13,
    "first_commit": "2017-12-05T20:13:53",
    "last_commit": "2018-04-10T16:50:34",
    "branches_count": 1,
    "commit_comments_count": 0,
    "commits_count": 10,
    "countributors_count": 3,
    "downloads_count": 0,
    "events_count": 0,
    "issues_count": 4,
    "labels_count": 8,
    "milestones_count": 0,
    "PR_count": 2,
    "open_PR_count": 2,
    "readme_size": 152,
    "release_count": 0,
    "topic_count": 0,
    "15_commits": 0,
    "16_commits": 0,
    "17_commits": 8,
    "18_commits": 2,
    "19_commits": 0,
    "20_commits": 0,
    "21_commits": 0,
    "22_commits": 0,
    "15_committer_num": 0,
    "16_committer_num": 0,
    "17_committer_num": 3,
    "18_committer_num": 2,
    "19_committer_num": 0,
    "20_committer_num": 0,
    "21_committer_num": 0,
    "22_committer_num": 0
}{
    "stargazer_date": {
        "11601": "2017-12-11T20:56:50",
        "114378": "2017-12-12T01:14:23",
        "34588738": "2017-12-16T00:57:56",
        "491513": "2018-08-02T17:44:27",
        "1239183": "2019-03-29T00:56:55",
        "42984807": "2019-06-05T17:48:44",
        "5321281": "2020-03-06T13:57:01",
        "9933677": "2020-07-31T06:18:55",
        "25748065": "2020-09-24T15:46:56",
        "70458154": "2021-07-10T13:24:40",
        "15063904": "2021-09-29T01:58:38",
        "89935727": "2021-12-30T21:47:03",
        "54989702": "2022-02-08T02:31:42"
    }
}[
    {
        "GHA": {}
    },
    {
        "Travis": []
    },
    {
        "CircleCI": []
    },
    {
        "AppVeyor": []
    },
    {
        "Azure": []
    },
    {
        "GitLab": []
    },
    {
        "Jenkins": []
    }
]