{
    "id": 141758734,
    "name": "drs-sample-ios-app",
    "full_name": "amzn/drs-sample-ios-app",
    "org_name": "Amazon",
    "org_id": 8594673,
    "created_at": "2018-07-20T21:17:37",
    "pushed_at": "2018-11-26T17:45:50",
    "updated_at": "2021-07-10T13:24:19",
    "isFork": false,
    "forks": 6,
    "forks_count": 6,
    "has_downloads": true,
    "has_issues": true,
    "has_pages": false,
    "has_projects": true,
    "has_wiki": false,
    "homepage": null,
    "language": "Objective-C",
    "open_issues": 0,
    "open_issues_count": 0,
    "size": 2562,
    "stargazers_count": 4,
    "subscribers_count": 3,
    "watchers": 4,
    "watchers_count": 4,
    "first_commit": "2018-07-20T21:17:38",
    "last_commit": "2018-07-24T18:03:00",
    "branches_count": 1,
    "commit_comments_count": 0,
    "commits_count": 9,
    "countributors_count": 2,
    "downloads_count": 0,
    "events_count": 0,
    "issues_count": 0,
    "labels_count": 8,
    "milestones_count": 0,
    "PR_count": 0,
    "open_PR_count": 0,
    "readme_size": 5128,
    "release_count": 1,
    "topic_count": 0,
    "15_commits": 0,
    "16_commits": 0,
    "17_commits": 0,
    "18_commits": 9,
    "19_commits": 0,
    "20_commits": 0,
    "21_commits": 0,
    "22_commits": 0,
    "15_committer_num": 0,
    "16_committer_num": 0,
    "17_committer_num": 0,
    "18_committer_num": 2,
    "19_committer_num": 0,
    "20_committer_num": 0,
    "21_committer_num": 0,
    "22_committer_num": 0
}{
    "stargazer_date": {
        "491513": "2018-08-02T17:45:58",
        "42984807": "2019-06-05T17:48:38",
        "9933677": "2020-07-31T06:18:31",
        "70458154": "2021-07-10T13:24:19"
    }
}[
    {
        "GHA": {}
    },
    {
        "Travis": []
    },
    {
        "CircleCI": []
    },
    {
        "AppVeyor": []
    },
    {
        "Azure": []
    },
    {
        "GitLab": []
    },
    {
        "Jenkins": []
    }
]