{
    "id": 141758694,
    "name": "drs-sample-android-app",
    "full_name": "amzn/drs-sample-android-app",
    "org_name": "Amazon",
    "org_id": 8594673,
    "created_at": "2018-07-20T21:17:03",
    "pushed_at": "2018-11-26T17:49:45",
    "updated_at": "2023-03-07T10:38:25",
    "isFork": false,
    "forks": 17,
    "forks_count": 17,
    "has_downloads": true,
    "has_issues": true,
    "has_pages": false,
    "has_projects": true,
    "has_wiki": false,
    "homepage": null,
    "language": "Java",
    "open_issues": 0,
    "open_issues_count": 0,
    "size": 690,
    "stargazers_count": 7,
    "subscribers_count": 4,
    "watchers": 7,
    "watchers_count": 7,
    "first_commit": "2018-07-20T21:17:03",
    "last_commit": "2018-07-23T16:06:24",
    "branches_count": 1,
    "commit_comments_count": 0,
    "commits_count": 8,
    "countributors_count": 2,
    "downloads_count": 0,
    "events_count": 2,
    "issues_count": 0,
    "labels_count": 8,
    "milestones_count": 0,
    "PR_count": 0,
    "open_PR_count": 0,
    "readme_size": 5311,
    "release_count": 1,
    "topic_count": 0,
    "15_commits": 0,
    "16_commits": 0,
    "17_commits": 0,
    "18_commits": 8,
    "19_commits": 0,
    "20_commits": 0,
    "21_commits": 0,
    "22_commits": 0,
    "15_committer_num": 0,
    "16_committer_num": 0,
    "17_committer_num": 0,
    "18_committer_num": 2,
    "19_committer_num": 0,
    "20_committer_num": 0,
    "21_committer_num": 0,
    "22_committer_num": 0
}{
    "stargazer_date": {
        "491513": "2018-08-02T17:45:50",
        "13530831": "2019-01-25T03:31:28",
        "2431677": "2020-01-02T02:29:12",
        "9933677": "2020-07-31T06:18:15",
        "70458154": "2021-07-10T13:23:44",
        "105325674": "2022-05-16T21:54:28",
        "90963837": "2023-03-07T10:38:25"
    }
}[
    {
        "GHA": {}
    },
    {
        "Travis": []
    },
    {
        "CircleCI": []
    },
    {
        "AppVeyor": []
    },
    {
        "Azure": []
    },
    {
        "GitLab": []
    },
    {
        "Jenkins": []
    }
]