{
    "id": 143745324,
    "name": "tiny-attribution-generator",
    "full_name": "amzn/tiny-attribution-generator",
    "org_name": "Amazon",
    "org_id": 8594673,
    "created_at": "2018-08-06T15:07:34",
    "pushed_at": "2020-12-23T22:35:18",
    "updated_at": "2023-02-16T19:29:01",
    "isFork": false,
    "forks": 14,
    "forks_count": 14,
    "has_downloads": true,
    "has_issues": true,
    "has_pages": false,
    "has_projects": true,
    "has_wiki": false,
    "homepage": "https://www.npmjs.com/package/tiny-attribution-generator",
    "language": "TypeScript",
    "open_issues": 1,
    "open_issues_count": 1,
    "size": 376,
    "stargazers_count": 19,
    "subscribers_count": 6,
    "watchers": 19,
    "watchers_count": 19,
    "first_commit": "2018-08-06T15:07:34",
    "last_commit": "2020-12-23T22:35:17",
    "branches_count": 2,
    "commit_comments_count": 0,
    "commits_count": 79,
    "countributors_count": 7,
    "downloads_count": 0,
    "events_count": 0,
    "issues_count": 1,
    "labels_count": 9,
    "milestones_count": 0,
    "PR_count": 23,
    "open_PR_count": 0,
    "readme_size": 1238,
    "release_count": 0,
    "topic_count": 3,
    "15_commits": 0,
    "16_commits": 0,
    "17_commits": 0,
    "18_commits": 45,
    "19_commits": 24,
    "20_commits": 10,
    "21_commits": 0,
    "22_commits": 0,
    "15_committer_num": 0,
    "16_committer_num": 0,
    "17_committer_num": 0,
    "18_committer_num": 3,
    "19_committer_num": 2,
    "20_committer_num": 5,
    "21_committer_num": 0,
    "22_committer_num": 0
}{
    "stargazer_date": {
        "22601145": "2018-08-06T17:20:18",
        "5168796": "2018-08-09T01:51:18",
        "95346": "2018-08-20T17:49:21",
        "1231306": "2018-08-20T18:27:43",
        "349154": "2018-08-23T10:16:53",
        "2741977": "2018-08-23T11:46:19",
        "970862": "2019-03-16T20:36:49",
        "16433547": "2019-03-17T02:26:14",
        "10160626": "2019-03-19T16:21:09",
        "2770219": "2019-04-22T12:52:09",
        "42984807": "2019-06-05T17:48:08",
        "3646758": "2019-10-25T13:58:22",
        "1662740": "2020-03-18T19:23:31",
        "9933677": "2020-07-31T05:56:57",
        "19519564": "2021-01-23T05:49:38",
        "73091": "2021-01-23T08:01:25",
        "9044773": "2021-06-05T21:49:22",
        "70458154": "2021-07-10T08:45:34",
        "99329208": "2022-04-09T17:38:29"
    }
}[
    {
        "GHA": {}
    },
    {
        "Travis": []
    },
    {
        "CircleCI": []
    },
    {
        "AppVeyor": []
    },
    {
        "Azure": []
    },
    {
        "GitLab": []
    },
    {
        "Jenkins": []
    }
]