{
    "id": 152118796,
    "name": "gameon-sample-game-unity",
    "full_name": "amzn/gameon-sample-game-unity",
    "org_name": "Amazon",
    "org_id": 8594673,
    "created_at": "2018-10-08T17:25:08",
    "pushed_at": "2019-03-15T19:12:29",
    "updated_at": "2021-07-10T13:22:19",
    "isFork": false,
    "forks": 11,
    "forks_count": 11,
    "has_downloads": true,
    "has_issues": true,
    "has_pages": false,
    "has_projects": true,
    "has_wiki": false,
    "homepage": "",
    "language": "C#",
    "open_issues": 1,
    "open_issues_count": 1,
    "size": 6353,
    "stargazers_count": 6,
    "subscribers_count": 12,
    "watchers": 6,
    "watchers_count": 6,
    "first_commit": "2019-03-15T19:01:48",
    "last_commit": "2019-03-15T19:01:48",
    "branches_count": 1,
    "commit_comments_count": 0,
    "commits_count": 1,
    "countributors_count": 0,
    "downloads_count": 0,
    "events_count": 0,
    "issues_count": 1,
    "labels_count": 8,
    "milestones_count": 0,
    "PR_count": 0,
    "open_PR_count": 0,
    "readme_size": 6913,
    "release_count": 0,
    "topic_count": 0,
    "15_commits": 0,
    "16_commits": 0,
    "17_commits": 0,
    "18_commits": 0,
    "19_commits": 1,
    "20_commits": 0,
    "21_commits": 0,
    "22_commits": 0,
    "15_committer_num": 0,
    "16_committer_num": 0,
    "17_committer_num": 0,
    "18_committer_num": 0,
    "19_committer_num": 0,
    "20_committer_num": 0,
    "21_committer_num": 0,
    "22_committer_num": 0
}{
    "stargazer_date": {
        "580116": "2019-03-06T02:02:58",
        "42984807": "2019-06-05T17:48:11",
        "9933677": "2020-07-31T06:17:22",
        "1908061": "2021-05-05T23:11:37",
        "1331014": "2021-05-14T03:01:02",
        "70458154": "2021-07-10T13:22:19"
    }
}[
    {
        "GHA": {}
    },
    {
        "Travis": []
    },
    {
        "CircleCI": []
    },
    {
        "AppVeyor": []
    },
    {
        "Azure": []
    },
    {
        "GitLab": []
    },
    {
        "Jenkins": []
    }
]