{
    "id": 157788508,
    "name": "smoke-aws-credentials",
    "full_name": "amzn/smoke-aws-credentials",
    "org_name": "Amazon",
    "org_id": 8594673,
    "created_at": "2018-11-16T00:07:50",
    "pushed_at": "2022-07-26T22:28:26",
    "updated_at": "2022-03-20T23:10:08",
    "isFork": false,
    "forks": 11,
    "forks_count": 11,
    "has_downloads": true,
    "has_issues": true,
    "has_pages": false,
    "has_projects": true,
    "has_wiki": false,
    "homepage": null,
    "language": "Swift",
    "open_issues": 1,
    "open_issues_count": 1,
    "size": 102,
    "stargazers_count": 16,
    "subscribers_count": 9,
    "watchers": 16,
    "watchers_count": 16,
    "first_commit": "2018-11-16T00:07:50",
    "last_commit": "2022-07-21T01:24:35",
    "branches_count": 8,
    "commit_comments_count": 0,
    "commits_count": 74,
    "countributors_count": 1,
    "downloads_count": 0,
    "events_count": 0,
    "issues_count": 1,
    "labels_count": 8,
    "milestones_count": 1,
    "PR_count": 23,
    "open_PR_count": 0,
    "readme_size": 6007,
    "release_count": 20,
    "topic_count": 0,
    "15_commits": 0,
    "16_commits": 0,
    "17_commits": 0,
    "18_commits": 8,
    "19_commits": 25,
    "20_commits": 27,
    "21_commits": 8,
    "22_commits": 6,
    "15_committer_num": 0,
    "16_committer_num": 0,
    "17_committer_num": 0,
    "18_committer_num": 0,
    "19_committer_num": 1,
    "20_committer_num": 1,
    "21_committer_num": 1,
    "22_committer_num": 1
}{
    "stargazer_date": {
        "1592763": "2018-11-22T13:25:53",
        "640317": "2018-11-25T00:36:05",
        "1428315": "2018-11-30T21:32:30",
        "298531": "2018-12-12T16:16:15",
        "3598092": "2018-12-18T17:25:49",
        "93241": "2018-12-26T02:44:28",
        "216831": "2019-02-07T09:21:20",
        "958431": "2019-04-09T14:06:45",
        "42984807": "2019-06-05T17:45:56",
        "225112": "2019-06-22T14:07:35",
        "1915802": "2020-03-06T14:56:45",
        "32922": "2020-03-22T21:13:04",
        "8268288": "2020-05-08T16:20:16",
        "9933677": "2020-07-31T06:03:35",
        "217": "2021-05-22T11:51:07",
        "70458154": "2021-07-10T08:33:02"
    }
}[
    {
        "GHA": [
            {
                "file_name": ".github/workflows/swift.yml",
                "commit_date": "2022-07-21T01:11:45",
                "status": "modified",
                "first_commit": "2021-11-16T19:36:03",
                "last_commit": "2022-07-21T01:11:45",
                "CI_type": "GHA",
                "sha": "5d8a286ac85e6cbb0ca64d5bc61cb9fa43e79b31"
            },
            {
                "file_name": ".github/workflows/swift.yml",
                "commit_date": "2021-11-16T19:36:03",
                "status": "added",
                "first_commit": "2021-11-16T19:36:03",
                "last_commit": "2022-07-21T01:11:45",
                "CI_type": "GHA",
                "sha": "93d9c42b2d69fba12c33add627bbe1a5586ad17c"
            }
        ]
    },
    {
        "Travis": [
            {
                "file_name": "/.travis.yml",
                "commit_date": "2021-11-16T19:36:03",
                "status": "removed",
                "first_commit": "2019-02-02T00:35:10",
                "last_commit": "2021-11-16T19:36:03",
                "CI_type": "Travis",
                "sha": "93d9c42b2d69fba12c33add627bbe1a5586ad17c"
            },
            {
                "file_name": "/.travis.yml",
                "commit_date": "2021-05-21T00:44:58",
                "status": "modified",
                "first_commit": "2019-02-02T00:35:10",
                "last_commit": "2021-11-16T19:36:03",
                "CI_type": "Travis",
                "sha": "81aa169ee5eb1adf235f160513dd7c7645cdb050"
            },
            {
                "file_name": "/.travis.yml",
                "commit_date": "2020-12-18T02:16:28",
                "status": "modified",
                "first_commit": "2019-02-02T00:35:10",
                "last_commit": "2021-11-16T19:36:03",
                "CI_type": "Travis",
                "sha": "8ecf0014d8a9ed1faa0a92813f0c7ad436f06dfa"
            },
            {
                "file_name": "/.travis.yml",
                "commit_date": "2020-03-29T16:28:53",
                "status": "modified",
                "first_commit": "2019-02-02T00:35:10",
                "last_commit": "2021-11-16T19:36:03",
                "CI_type": "Travis",
                "sha": "6ba36915fb23bb47e446c132859d0d3cbf9112d7"
            },
            {
                "file_name": "/.travis.yml",
                "commit_date": "2020-03-06T17:11:33",
                "status": "modified",
                "first_commit": "2019-02-02T00:35:10",
                "last_commit": "2021-11-16T19:36:03",
                "CI_type": "Travis",
                "sha": "e5a7bd0d74eb57eb403f1f4155caebdc6e841671"
            },
            {
                "file_name": "/.travis.yml",
                "commit_date": "2019-10-01T18:48:40",
                "status": "modified",
                "first_commit": "2019-02-02T00:35:10",
                "last_commit": "2021-11-16T19:36:03",
                "CI_type": "Travis",
                "sha": "58745834195437d3c085b1dca460e93a82a0fd28"
            },
            {
                "file_name": "/.travis.yml",
                "commit_date": "2019-02-02T00:35:10",
                "status": "added",
                "first_commit": "2019-02-02T00:35:10",
                "last_commit": "2021-11-16T19:36:03",
                "CI_type": "Travis",
                "sha": "3e64c354c6e00152612c198481070f626d2e1cc9"
            }
        ]
    },
    {
        "CircleCI": []
    },
    {
        "AppVeyor": []
    },
    {
        "Azure": []
    },
    {
        "GitLab": []
    },
    {
        "Jenkins": []
    }
]