{
    "id": 157912632,
    "name": "smoke-dynamodb",
    "full_name": "amzn/smoke-dynamodb",
    "org_name": "Amazon",
    "org_id": 8594673,
    "created_at": "2018-11-16T19:31:34",
    "pushed_at": "2023-03-08T03:58:41",
    "updated_at": "2022-12-16T04:35:44",
    "isFork": false,
    "forks": 13,
    "forks_count": 13,
    "has_downloads": true,
    "has_issues": true,
    "has_pages": false,
    "has_projects": true,
    "has_wiki": false,
    "homepage": "",
    "language": "Swift",
    "open_issues": 7,
    "open_issues_count": 7,
    "size": 738,
    "stargazers_count": 35,
    "subscribers_count": 10,
    "watchers": 35,
    "watchers_count": 35,
    "first_commit": "2020-04-29T05:32:32",
    "last_commit": "2022-11-30T05:23:43",
    "branches_count": 19,
    "commit_comments_count": 0,
    "commits_count": 164,
    "countributors_count": 8,
    "downloads_count": 0,
    "events_count": 148,
    "issues_count": 7,
    "labels_count": 8,
    "milestones_count": 1,
    "PR_count": 83,
    "open_PR_count": 4,
    "readme_size": 35674,
    "release_count": 45,
    "topic_count": 0,
    "15_commits": 0,
    "16_commits": 0,
    "17_commits": 0,
    "18_commits": 11,
    "19_commits": 30,
    "20_commits": 36,
    "21_commits": 71,
    "22_commits": 16,
    "15_committer_num": 0,
    "16_committer_num": 0,
    "17_committer_num": 0,
    "18_committer_num": 3,
    "19_committer_num": 2,
    "20_committer_num": 1,
    "21_committer_num": 5,
    "22_committer_num": 2
}{
    "stargazer_date": {
        "3598092": "2018-11-28T01:01:05",
        "32922": "2018-11-28T03:08:49",
        "25666875": "2018-11-28T03:17:04",
        "640317": "2018-11-30T14:22:43",
        "298531": "2018-12-12T16:15:56",
        "93241": "2018-12-26T02:44:51",
        "216831": "2019-02-07T09:21:14",
        "453705": "2019-02-24T05:58:34",
        "1428315": "2019-03-20T23:56:27",
        "15990084": "2019-04-06T11:21:39",
        "958431": "2019-04-09T14:06:01",
        "22783": "2019-04-17T15:59:19",
        "780093": "2019-04-17T21:32:17",
        "42984807": "2019-06-05T17:48:04",
        "2412525": "2019-07-09T13:34:28",
        "262165": "2020-01-21T17:44:56",
        "58190020": "2020-02-25T20:16:56",
        "1915802": "2020-03-06T15:16:12",
        "1483": "2020-03-22T10:19:44",
        "14291": "2020-05-10T16:13:13",
        "10114507": "2020-05-19T22:35:40",
        "217": "2020-05-23T23:23:52",
        "9933677": "2020-07-31T06:01:09",
        "30980": "2020-10-31T13:01:33",
        "645007": "2020-12-02T21:57:26",
        "4554498": "2020-12-09T01:50:20",
        "398942": "2021-03-26T01:44:02",
        "70458154": "2021-07-10T08:30:12",
        "87543821": "2021-07-16T18:15:41",
        "26825523": "2022-02-04T04:54:46",
        "86779203": "2022-07-12T20:29:56",
        "30127502": "2022-09-04T01:30:19",
        "4017290": "2022-11-18T22:53:05",
        "200969": "2022-11-30T14:43:47",
        "3131232": "2022-12-16T04:35:44"
    }
}[
    {
        "GHA": [
            {
                "file_name": ".github/workflows/swift.yml",
                "commit_date": "2022-05-20T00:50:43",
                "status": "modified",
                "first_commit": "2021-10-12T16:25:42",
                "last_commit": "2022-05-20T00:50:43",
                "CI_type": "GHA",
                "sha": "7db55ffc5b1481dc20fa04404ea4596c646e7b1e"
            },
            {
                "file_name": ".github/workflows/swift.yml",
                "commit_date": "2022-05-20T00:42:09",
                "status": "modified",
                "first_commit": "2021-10-12T16:25:42",
                "last_commit": "2022-05-20T00:50:43",
                "CI_type": "GHA",
                "sha": "ee2065a43a223cc69b8a7bd51d1f1cf6e02133da"
            },
            {
                "file_name": ".github/workflows/swift.yml",
                "commit_date": "2021-11-02T17:54:18",
                "status": "modified",
                "first_commit": "2021-10-12T16:25:42",
                "last_commit": "2022-05-20T00:50:43",
                "CI_type": "GHA",
                "sha": "2242c78d8303bc4fc6b58386c1ee6debe5d89033"
            },
            {
                "file_name": ".github/workflows/swift.yml",
                "commit_date": "2021-10-12T16:25:42",
                "status": "added",
                "first_commit": "2021-10-12T16:25:42",
                "last_commit": "2022-05-20T00:50:43",
                "CI_type": "GHA",
                "sha": "9ded95b29848e89151d0a0d5c06b3246553cb6f9"
            }
        ]
    },
    {
        "Travis": [
            {
                "file_name": "/.travis.yml",
                "commit_date": "2021-10-12T16:25:42",
                "status": "removed",
                "first_commit": "2019-02-02T01:24:17",
                "last_commit": "2021-10-12T16:25:42",
                "CI_type": "Travis",
                "sha": "9ded95b29848e89151d0a0d5c06b3246553cb6f9"
            },
            {
                "file_name": "/.travis.yml",
                "commit_date": "2021-06-09T23:52:23",
                "status": "modified",
                "first_commit": "2019-02-02T01:24:17",
                "last_commit": "2021-10-12T16:25:42",
                "CI_type": "Travis",
                "sha": "05d89cbed08aabd5e9502b794a39ae260c270d71"
            },
            {
                "file_name": "/.travis.yml",
                "commit_date": "2021-05-19T23:12:28",
                "status": "modified",
                "first_commit": "2019-02-02T01:24:17",
                "last_commit": "2021-10-12T16:25:42",
                "CI_type": "Travis",
                "sha": "7c6b1c2cb1353cb2f3c1a60cfbe0cd3dc637e1c1"
            },
            {
                "file_name": "/.travis.yml",
                "commit_date": "2021-05-19T23:04:07",
                "status": "modified",
                "first_commit": "2019-02-02T01:24:17",
                "last_commit": "2021-10-12T16:25:42",
                "CI_type": "Travis",
                "sha": "436226815b80ca4d485ae1657f1771cba9a67ecd"
            },
            {
                "file_name": "/.travis.yml",
                "commit_date": "2020-12-15T22:15:05",
                "status": "modified",
                "first_commit": "2019-02-02T01:24:17",
                "last_commit": "2021-10-12T16:25:42",
                "CI_type": "Travis",
                "sha": "10df3b36f7ca632c48983b6226b01aad723c02a7"
            },
            {
                "file_name": "/.travis.yml",
                "commit_date": "2020-10-28T01:08:36",
                "status": "modified",
                "first_commit": "2019-02-02T01:24:17",
                "last_commit": "2021-10-12T16:25:42",
                "CI_type": "Travis",
                "sha": "99eec50adbde59eb8fb45c99b30ba95886b5368e"
            },
            {
                "file_name": "/.travis.yml",
                "commit_date": "2020-03-29T16:35:10",
                "status": "modified",
                "first_commit": "2019-02-02T01:24:17",
                "last_commit": "2021-10-12T16:25:42",
                "CI_type": "Travis",
                "sha": "86a71aca51bc60eae5fad3a4f463e5e5fff62341"
            },
            {
                "file_name": "/.travis.yml",
                "commit_date": "2020-02-21T01:31:44",
                "status": "modified",
                "first_commit": "2019-02-02T01:24:17",
                "last_commit": "2021-10-12T16:25:42",
                "CI_type": "Travis",
                "sha": "8d91dc5eb11b82c400078953735520407d32e81c"
            },
            {
                "file_name": "/.travis.yml",
                "commit_date": "2019-10-18T15:10:37",
                "status": "modified",
                "first_commit": "2019-02-02T01:24:17",
                "last_commit": "2021-10-12T16:25:42",
                "CI_type": "Travis",
                "sha": "e5503f0588253cb6eab2285fd7d440ca69e1c2c8"
            },
            {
                "file_name": "/.travis.yml",
                "commit_date": "2019-10-01T18:43:02",
                "status": "modified",
                "first_commit": "2019-02-02T01:24:17",
                "last_commit": "2021-10-12T16:25:42",
                "CI_type": "Travis",
                "sha": "8c302434bb95c1efdc6d27b299e80516d4c24a54"
            },
            {
                "file_name": "/.travis.yml",
                "commit_date": "2019-10-01T18:28:20",
                "status": "modified",
                "first_commit": "2019-02-02T01:24:17",
                "last_commit": "2021-10-12T16:25:42",
                "CI_type": "Travis",
                "sha": "560aad21eb1ccbb752b0360bf3917319d9abc6bf"
            },
            {
                "file_name": "/.travis.yml",
                "commit_date": "2019-02-02T01:24:17",
                "status": "added",
                "first_commit": "2019-02-02T01:24:17",
                "last_commit": "2021-10-12T16:25:42",
                "CI_type": "Travis",
                "sha": "d8e2c5b0ee159131bdbe4277af4dcd270b8dcc20"
            }
        ]
    },
    {
        "CircleCI": []
    },
    {
        "AppVeyor": []
    },
    {
        "Azure": []
    },
    {
        "GitLab": []
    },
    {
        "Jenkins": []
    }
]