{
    "id": 170778618,
    "name": "smoke-aws-generate",
    "full_name": "amzn/smoke-aws-generate",
    "org_name": "Amazon",
    "org_id": 8594673,
    "created_at": "2019-02-15T00:40:50",
    "pushed_at": "2023-03-01T03:17:22",
    "updated_at": "2022-12-16T04:35:44",
    "isFork": false,
    "forks": 10,
    "forks_count": 10,
    "has_downloads": true,
    "has_issues": true,
    "has_pages": false,
    "has_projects": true,
    "has_wiki": false,
    "homepage": null,
    "language": "Swift",
    "open_issues": 4,
    "open_issues_count": 4,
    "size": 318,
    "stargazers_count": 18,
    "subscribers_count": 9,
    "watchers": 18,
    "watchers_count": 18,
    "first_commit": "2021-04-06T04:34:28",
    "last_commit": "2022-11-21T20:12:29",
    "branches_count": 9,
    "commit_comments_count": 0,
    "commits_count": 188,
    "countributors_count": 4,
    "downloads_count": 0,
    "events_count": 10,
    "issues_count": 4,
    "labels_count": 8,
    "milestones_count": 0,
    "PR_count": 84,
    "open_PR_count": 1,
    "readme_size": 13059,
    "release_count": 36,
    "topic_count": 0,
    "15_commits": 0,
    "16_commits": 0,
    "17_commits": 0,
    "18_commits": 0,
    "19_commits": 23,
    "20_commits": 47,
    "21_commits": 43,
    "22_commits": 75,
    "15_committer_num": 0,
    "16_committer_num": 0,
    "17_committer_num": 0,
    "18_committer_num": 0,
    "19_committer_num": 1,
    "20_committer_num": 1,
    "21_committer_num": 1,
    "22_committer_num": 4
}{
    "stargazer_date": {
        "1342803": "2019-02-20T19:24:17",
        "3629297": "2019-02-21T01:36:05",
        "4573957": "2019-02-22T01:14:32",
        "1339000": "2019-04-25T19:55:28",
        "5369685": "2019-05-12T01:43:17",
        "958431": "2019-05-28T06:49:30",
        "42984807": "2019-06-05T17:46:18",
        "11887100": "2019-07-18T02:21:41",
        "1915802": "2020-02-12T12:50:09",
        "9933677": "2020-07-31T06:00:51",
        "829687": "2020-08-09T07:27:34",
        "8904698": "2020-08-17T00:29:59",
        "71807004": "2021-01-30T07:31:00",
        "21194714": "2021-04-19T07:21:03",
        "70458154": "2021-07-10T08:12:20",
        "30127502": "2022-09-04T01:31:13",
        "686038": "2022-12-09T15:54:09",
        "3131232": "2022-12-16T04:35:44"
    }
}[
    {
        "GHA": [
            {
                "file_name": ".github/workflows/swift.yml",
                "commit_date": "2022-09-29T00:16:22",
                "status": "modified",
                "first_commit": "2021-10-18T16:30:16",
                "last_commit": "2022-09-29T00:16:22",
                "CI_type": "GHA",
                "sha": "7ad12ef88b241b6c6bf9badf14ea8cb070f1889b"
            },
            {
                "file_name": ".github/workflows/swift.yml",
                "commit_date": "2022-09-29T00:12:04",
                "status": "modified",
                "first_commit": "2021-10-18T16:30:16",
                "last_commit": "2022-09-29T00:16:22",
                "CI_type": "GHA",
                "sha": "086fca5e48b0c9114bd49e4c97b5eb4b97b4d90d"
            },
            {
                "file_name": ".github/workflows/swift.yml",
                "commit_date": "2022-03-25T21:32:58",
                "status": "modified",
                "first_commit": "2021-10-18T16:30:16",
                "last_commit": "2022-09-29T00:16:22",
                "CI_type": "GHA",
                "sha": "facb4d26651bcbfb765390d3128999df4a63a182"
            },
            {
                "file_name": ".github/workflows/swift.yml",
                "commit_date": "2021-10-28T17:34:16",
                "status": "modified",
                "first_commit": "2021-10-18T16:30:16",
                "last_commit": "2022-09-29T00:16:22",
                "CI_type": "GHA",
                "sha": "43bed050461f4b0e1512da1f809346c1ef82141a"
            },
            {
                "file_name": ".github/workflows/swift.yml",
                "commit_date": "2021-10-28T17:25:51",
                "status": "modified",
                "first_commit": "2021-10-18T16:30:16",
                "last_commit": "2022-09-29T00:16:22",
                "CI_type": "GHA",
                "sha": "8f3267efe256cf436c2fa233a1726464ccd8e955"
            },
            {
                "file_name": ".github/workflows/swift.yml",
                "commit_date": "2021-10-18T16:30:16",
                "status": "added",
                "first_commit": "2021-10-18T16:30:16",
                "last_commit": "2022-09-29T00:16:22",
                "CI_type": "GHA",
                "sha": "9d7e8f2b1e92d2fe0a103032a8dd5638c7055c66"
            }
        ]
    },
    {
        "Travis": [
            {
                "file_name": "/.travis.yml",
                "commit_date": "2021-10-18T16:30:16",
                "status": "removed",
                "first_commit": "2019-02-20T04:47:43",
                "last_commit": "2021-10-18T16:30:16",
                "CI_type": "Travis",
                "sha": "9d7e8f2b1e92d2fe0a103032a8dd5638c7055c66"
            },
            {
                "file_name": "/.travis.yml",
                "commit_date": "2021-06-11T18:37:44",
                "status": "modified",
                "first_commit": "2019-02-20T04:47:43",
                "last_commit": "2021-10-18T16:30:16",
                "CI_type": "Travis",
                "sha": "4ce7280436dae94112251a1328b743354bc36769"
            },
            {
                "file_name": "/.travis.yml",
                "commit_date": "2021-05-06T18:50:14",
                "status": "modified",
                "first_commit": "2019-02-20T04:47:43",
                "last_commit": "2021-10-18T16:30:16",
                "CI_type": "Travis",
                "sha": "74a0ccb79558910db594be33bd85832f27a38850"
            },
            {
                "file_name": "/.travis.yml",
                "commit_date": "2021-03-15T03:09:26",
                "status": "modified",
                "first_commit": "2019-02-20T04:47:43",
                "last_commit": "2021-10-18T16:30:16",
                "CI_type": "Travis",
                "sha": "55cf9b3fa18c1ab22ffc6258b71dae8c6d902a47"
            },
            {
                "file_name": "/.travis.yml",
                "commit_date": "2020-11-20T06:29:20",
                "status": "modified",
                "first_commit": "2019-02-20T04:47:43",
                "last_commit": "2021-10-18T16:30:16",
                "CI_type": "Travis",
                "sha": "096f990748116e8e7b9c58efca49e23fea02098e"
            },
            {
                "file_name": "/.travis.yml",
                "commit_date": "2020-03-29T18:27:04",
                "status": "modified",
                "first_commit": "2019-02-20T04:47:43",
                "last_commit": "2021-10-18T16:30:16",
                "CI_type": "Travis",
                "sha": "9fae011aa703122f67bc919effbf0a848ed57ddf"
            },
            {
                "file_name": "/.travis.yml",
                "commit_date": "2020-03-07T01:20:34",
                "status": "modified",
                "first_commit": "2019-02-20T04:47:43",
                "last_commit": "2021-10-18T16:30:16",
                "CI_type": "Travis",
                "sha": "5479db5ccb9c7ff338e31b6cf2cd86475fc78b95"
            },
            {
                "file_name": "/.travis.yml",
                "commit_date": "2020-02-17T20:51:43",
                "status": "modified",
                "first_commit": "2019-02-20T04:47:43",
                "last_commit": "2021-10-18T16:30:16",
                "CI_type": "Travis",
                "sha": "e97207545728baa38bf9286d221939ffc4e9cd2b"
            },
            {
                "file_name": "/.travis.yml",
                "commit_date": "2019-10-09T21:05:53",
                "status": "modified",
                "first_commit": "2019-02-20T04:47:43",
                "last_commit": "2021-10-18T16:30:16",
                "CI_type": "Travis",
                "sha": "dd9ba273f9ea8886cbc06e06ce58d345c8a6ea12"
            },
            {
                "file_name": "/.travis.yml",
                "commit_date": "2019-02-20T04:47:43",
                "status": "added",
                "first_commit": "2019-02-20T04:47:43",
                "last_commit": "2021-10-18T16:30:16",
                "CI_type": "Travis",
                "sha": "f7c75c92f41a09a17949f7772296c4ff0f79e7ff"
            }
        ]
    },
    {
        "CircleCI": []
    },
    {
        "AppVeyor": []
    },
    {
        "Azure": []
    },
    {
        "GitLab": []
    },
    {
        "Jenkins": []
    }
]