{
    "id": 171391775,
    "name": "smoke-framework-examples",
    "full_name": "amzn/smoke-framework-examples",
    "org_name": "Amazon",
    "org_id": 8594673,
    "created_at": "2019-02-19T02:36:59",
    "pushed_at": "2022-10-18T20:10:02",
    "updated_at": "2023-01-19T05:25:23",
    "isFork": false,
    "forks": 9,
    "forks_count": 9,
    "has_downloads": true,
    "has_issues": true,
    "has_pages": false,
    "has_projects": true,
    "has_wiki": false,
    "homepage": null,
    "language": "Swift",
    "open_issues": 1,
    "open_issues_count": 1,
    "size": 229,
    "stargazers_count": 18,
    "subscribers_count": 9,
    "watchers": 18,
    "watchers_count": 18,
    "first_commit": "2019-02-19T02:36:59",
    "last_commit": "2022-10-18T20:10:02",
    "branches_count": 8,
    "commit_comments_count": 0,
    "commits_count": 69,
    "countributors_count": 2,
    "downloads_count": 0,
    "events_count": 0,
    "issues_count": 1,
    "labels_count": 8,
    "milestones_count": 0,
    "PR_count": 19,
    "open_PR_count": 1,
    "readme_size": 2630,
    "release_count": 0,
    "topic_count": 0,
    "15_commits": 0,
    "16_commits": 0,
    "17_commits": 0,
    "18_commits": 0,
    "19_commits": 12,
    "20_commits": 11,
    "21_commits": 20,
    "22_commits": 26,
    "15_committer_num": 0,
    "16_committer_num": 0,
    "17_committer_num": 0,
    "18_committer_num": 0,
    "19_committer_num": 2,
    "20_committer_num": 1,
    "21_committer_num": 1,
    "22_committer_num": 1
}{
    "stargazer_date": {
        "64329": "2019-04-07T16:51:37",
        "519433": "2019-04-19T10:11:40",
        "42984807": "2019-06-05T17:48:07",
        "16410101": "2019-06-06T01:06:24",
        "225112": "2019-06-22T01:29:11",
        "4554498": "2019-10-10T17:42:44",
        "32922": "2019-11-12T05:59:07",
        "25879490": "2019-11-12T08:07:23",
        "6559692": "2020-04-15T00:20:30",
        "3080139": "2020-04-15T15:55:21",
        "8268288": "2020-04-15T16:03:55",
        "10134641": "2020-05-16T06:11:28",
        "6539412": "2020-05-20T03:02:23",
        "9933677": "2020-07-31T06:03:13",
        "195559": "2020-09-06T14:07:48",
        "70458154": "2021-07-10T08:14:09",
        "1461255": "2022-02-10T22:31:40",
        "217": "2022-09-06T12:47:29"
    }
}[
    {
        "GHA": [
            {
                "file_name": ".github/workflows/swift.yml",
                "commit_date": "2022-10-18T19:46:16",
                "status": "modified",
                "first_commit": "2021-11-01T17:40:29",
                "last_commit": "2022-10-18T19:46:16",
                "CI_type": "GHA",
                "sha": "384a077f536f22cebe63cab2d839982bcaa35b15"
            },
            {
                "file_name": ".github/workflows/swift.yml",
                "commit_date": "2022-10-17T01:34:39",
                "status": "modified",
                "first_commit": "2021-11-01T17:40:29",
                "last_commit": "2022-10-18T19:46:16",
                "CI_type": "GHA",
                "sha": "377b9f296016b4e0ed4080572f6ecae0a64ce671"
            },
            {
                "file_name": ".github/workflows/swift.yml",
                "commit_date": "2022-10-16T22:26:46",
                "status": "modified",
                "first_commit": "2021-11-01T17:40:29",
                "last_commit": "2022-10-18T19:46:16",
                "CI_type": "GHA",
                "sha": "a7c1492dc01ef70983fdd458d8bbfd820f843663"
            },
            {
                "file_name": ".github/workflows/swift.yml",
                "commit_date": "2022-10-16T22:16:14",
                "status": "modified",
                "first_commit": "2021-11-01T17:40:29",
                "last_commit": "2022-10-18T19:46:16",
                "CI_type": "GHA",
                "sha": "1caa887252f5ae564ecdc734c393f4b5b075d456"
            },
            {
                "file_name": ".github/workflows/swift.yml",
                "commit_date": "2022-09-07T01:36:11",
                "status": "modified",
                "first_commit": "2021-11-01T17:40:29",
                "last_commit": "2022-10-18T19:46:16",
                "CI_type": "GHA",
                "sha": "967275d9d9723242735eb0906f8893cc9c402daa"
            },
            {
                "file_name": ".github/workflows/swift.yml",
                "commit_date": "2022-09-07T01:29:19",
                "status": "modified",
                "first_commit": "2021-11-01T17:40:29",
                "last_commit": "2022-10-18T19:46:16",
                "CI_type": "GHA",
                "sha": "5944208bbb4aca305003f72276fd24c04f639256"
            },
            {
                "file_name": ".github/workflows/swift.yml",
                "commit_date": "2022-09-07T01:10:48",
                "status": "modified",
                "first_commit": "2021-11-01T17:40:29",
                "last_commit": "2022-10-18T19:46:16",
                "CI_type": "GHA",
                "sha": "902463326ee8573bf3f880a6d8453f0926aff0f1"
            },
            {
                "file_name": ".github/workflows/swift.yml",
                "commit_date": "2022-03-29T17:23:38",
                "status": "modified",
                "first_commit": "2021-11-01T17:40:29",
                "last_commit": "2022-10-18T19:46:16",
                "CI_type": "GHA",
                "sha": "b5a36cbe9cb3ec1de0cb9c46a6d81aff477e5aa4"
            },
            {
                "file_name": ".github/workflows/swift.yml",
                "commit_date": "2022-03-29T17:20:05",
                "status": "modified",
                "first_commit": "2021-11-01T17:40:29",
                "last_commit": "2022-10-18T19:46:16",
                "CI_type": "GHA",
                "sha": "5b539614d1f5e5aad3fcac9e876d22140ce66e55"
            },
            {
                "file_name": ".github/workflows/swift.yml",
                "commit_date": "2022-01-26T02:01:02",
                "status": "modified",
                "first_commit": "2021-11-01T17:40:29",
                "last_commit": "2022-10-18T19:46:16",
                "CI_type": "GHA",
                "sha": "2d32bf17c1dd374a6cc14f8551a52e699f9875b9"
            },
            {
                "file_name": ".github/workflows/swift.yml",
                "commit_date": "2022-01-26T01:59:06",
                "status": "modified",
                "first_commit": "2021-11-01T17:40:29",
                "last_commit": "2022-10-18T19:46:16",
                "CI_type": "GHA",
                "sha": "023fbea67fa293bf7f5994292675e789260145d6"
            },
            {
                "file_name": ".github/workflows/swift.yml",
                "commit_date": "2021-11-01T18:00:07",
                "status": "modified",
                "first_commit": "2021-11-01T17:40:29",
                "last_commit": "2022-10-18T19:46:16",
                "CI_type": "GHA",
                "sha": "b01406d2c2a8b9ca3b634111d7551e124b6d420c"
            },
            {
                "file_name": ".github/workflows/swift.yml",
                "commit_date": "2021-11-01T17:56:39",
                "status": "modified",
                "first_commit": "2021-11-01T17:40:29",
                "last_commit": "2022-10-18T19:46:16",
                "CI_type": "GHA",
                "sha": "5032fcc34ca455456294d8689de092443c3e8b5d"
            },
            {
                "file_name": ".github/workflows/swift.yml",
                "commit_date": "2021-11-01T17:40:29",
                "status": "added",
                "first_commit": "2021-11-01T17:40:29",
                "last_commit": "2022-10-18T19:46:16",
                "CI_type": "GHA",
                "sha": "891d224997bc7e16783649bc3803e8e0c09245f6"
            }
        ]
    },
    {
        "Travis": [
            {
                "file_name": "/.travis.yml",
                "commit_date": "2021-11-01T17:40:29",
                "status": "removed",
                "first_commit": "2019-11-07T22:15:15",
                "last_commit": "2021-11-01T17:40:29",
                "CI_type": "Travis",
                "sha": "891d224997bc7e16783649bc3803e8e0c09245f6"
            },
            {
                "file_name": "/.travis.yml",
                "commit_date": "2021-05-13T17:28:07",
                "status": "modified",
                "first_commit": "2019-11-07T22:15:15",
                "last_commit": "2021-11-01T17:40:29",
                "CI_type": "Travis",
                "sha": "fff9e775224fb3cf8a1bddaa8d22d684f8f3c124"
            },
            {
                "file_name": "/.travis.yml",
                "commit_date": "2021-03-26T07:55:01",
                "status": "modified",
                "first_commit": "2019-11-07T22:15:15",
                "last_commit": "2021-11-01T17:40:29",
                "CI_type": "Travis",
                "sha": "3854e5dedacdbcb6764d621a02b0ad8e0260828f"
            },
            {
                "file_name": "/.travis.yml",
                "commit_date": "2021-03-26T06:21:01",
                "status": "modified",
                "first_commit": "2019-11-07T22:15:15",
                "last_commit": "2021-11-01T17:40:29",
                "CI_type": "Travis",
                "sha": "782bd78382f9bdee4c1adf6c596e504840fd99be"
            },
            {
                "file_name": "/.travis.yml",
                "commit_date": "2021-03-26T06:15:26",
                "status": "modified",
                "first_commit": "2019-11-07T22:15:15",
                "last_commit": "2021-11-01T17:40:29",
                "CI_type": "Travis",
                "sha": "d6d132f8dfb263bc91c606edd2ddd3c529c81191"
            },
            {
                "file_name": "/.travis.yml",
                "commit_date": "2020-04-12T19:22:47",
                "status": "modified",
                "first_commit": "2019-11-07T22:15:15",
                "last_commit": "2021-11-01T17:40:29",
                "CI_type": "Travis",
                "sha": "b7dffcb3468b715b21a27385bb28c1ab64aa0a2a"
            },
            {
                "file_name": "/.travis.yml",
                "commit_date": "2019-11-07T22:36:03",
                "status": "modified",
                "first_commit": "2019-11-07T22:15:15",
                "last_commit": "2021-11-01T17:40:29",
                "CI_type": "Travis",
                "sha": "12410dbd03e2da6e74482a79708f84492d7778f3"
            },
            {
                "file_name": "/.travis.yml",
                "commit_date": "2019-11-07T22:15:15",
                "status": "added",
                "first_commit": "2019-11-07T22:15:15",
                "last_commit": "2021-11-01T17:40:29",
                "CI_type": "Travis",
                "sha": "4cf13124b0167aa7da2d7695e718cc478c71a0d2"
            }
        ]
    },
    {
        "CircleCI": []
    },
    {
        "AppVeyor": []
    },
    {
        "Azure": []
    },
    {
        "GitLab": []
    },
    {
        "Jenkins": []
    }
]