{
    "id": 171392350,
    "name": "service-model-swift-code-generate",
    "full_name": "amzn/service-model-swift-code-generate",
    "org_name": "Amazon",
    "org_id": 8594673,
    "created_at": "2019-02-19T02:41:18",
    "pushed_at": "2023-01-05T20:00:55",
    "updated_at": "2022-12-18T22:04:55",
    "isFork": false,
    "forks": 15,
    "forks_count": 15,
    "has_downloads": true,
    "has_issues": true,
    "has_pages": false,
    "has_projects": true,
    "has_wiki": false,
    "homepage": null,
    "language": "Swift",
    "open_issues": 3,
    "open_issues_count": 3,
    "size": 375,
    "stargazers_count": 16,
    "subscribers_count": 9,
    "watchers": 16,
    "watchers_count": 16,
    "first_commit": "2021-03-15T02:05:50",
    "last_commit": "2022-11-18T19:15:35",
    "branches_count": 6,
    "commit_comments_count": 0,
    "commits_count": 162,
    "countributors_count": 11,
    "downloads_count": 0,
    "events_count": 19,
    "issues_count": 3,
    "labels_count": 8,
    "milestones_count": 0,
    "PR_count": 65,
    "open_PR_count": 0,
    "readme_size": 9002,
    "release_count": 35,
    "topic_count": 0,
    "15_commits": 0,
    "16_commits": 0,
    "17_commits": 0,
    "18_commits": 0,
    "19_commits": 33,
    "20_commits": 25,
    "21_commits": 59,
    "22_commits": 45,
    "15_committer_num": 0,
    "16_committer_num": 0,
    "17_committer_num": 0,
    "18_committer_num": 0,
    "19_committer_num": 3,
    "20_committer_num": 2,
    "21_committer_num": 6,
    "22_committer_num": 5
}{
    "stargazer_date": {
        "958431": "2019-04-09T14:07:36",
        "14291": "2019-04-24T19:52:52",
        "42984807": "2019-06-05T17:48:03",
        "2412525": "2019-07-10T16:32:42",
        "4554498": "2019-10-10T17:44:39",
        "152635": "2020-05-02T23:49:07",
        "1915802": "2020-05-06T09:33:19",
        "217": "2020-05-23T23:23:30",
        "9933677": "2020-07-31T06:01:00",
        "70458154": "2021-07-10T08:06:08",
        "3131232": "2021-11-10T22:28:31",
        "103170804": "2022-08-01T05:44:26",
        "289994": "2022-08-15T20:52:37",
        "13036662": "2022-08-16T18:10:25",
        "101007168": "2022-11-18T23:21:03",
        "14247193": "2022-11-27T13:29:32"
    }
}[
    {
        "GHA": [
            {
                "file_name": ".github/workflows/swift.yml",
                "commit_date": "2022-09-28T20:54:52",
                "status": "modified",
                "first_commit": "2021-10-26T23:34:27",
                "last_commit": "2022-09-28T20:54:52",
                "CI_type": "GHA",
                "sha": "56a8581013af5e2654fc88dc250a50dbe6279750"
            },
            {
                "file_name": ".github/workflows/swift.yml",
                "commit_date": "2022-03-24T23:58:46",
                "status": "modified",
                "first_commit": "2021-10-26T23:34:27",
                "last_commit": "2022-09-28T20:54:52",
                "CI_type": "GHA",
                "sha": "d20cb3eea004ca1e40691f040a21238963b9568e"
            },
            {
                "file_name": ".github/workflows/swift.yml",
                "commit_date": "2022-03-24T23:56:00",
                "status": "modified",
                "first_commit": "2021-10-26T23:34:27",
                "last_commit": "2022-09-28T20:54:52",
                "CI_type": "GHA",
                "sha": "527f8538cbd8a358446e1e458c91527c8b2406b1"
            },
            {
                "file_name": ".github/workflows/swift.yml",
                "commit_date": "2021-10-26T23:48:49",
                "status": "modified",
                "first_commit": "2021-10-26T23:34:27",
                "last_commit": "2022-09-28T20:54:52",
                "CI_type": "GHA",
                "sha": "d2275008f20377109b111e8b0de9ea3fa2a82a02"
            },
            {
                "file_name": ".github/workflows/swift.yml",
                "commit_date": "2021-10-26T23:37:52",
                "status": "modified",
                "first_commit": "2021-10-26T23:34:27",
                "last_commit": "2022-09-28T20:54:52",
                "CI_type": "GHA",
                "sha": "c103aa82f0275fc22cd5d386e0d5e4a9d4d56757"
            },
            {
                "file_name": ".github/workflows/swift.yml",
                "commit_date": "2021-10-26T23:34:27",
                "status": "added",
                "first_commit": "2021-10-26T23:34:27",
                "last_commit": "2022-09-28T20:54:52",
                "CI_type": "GHA",
                "sha": "a261d97648c06d674484326bee295d26f6884ffe"
            }
        ]
    },
    {
        "Travis": [
            {
                "file_name": "/.travis.yml",
                "commit_date": "2021-10-26T23:34:27",
                "status": "removed",
                "first_commit": "2019-02-19T23:06:30",
                "last_commit": "2021-10-26T23:34:27",
                "CI_type": "Travis",
                "sha": "a261d97648c06d674484326bee295d26f6884ffe"
            },
            {
                "file_name": "/.travis.yml",
                "commit_date": "2021-08-09T13:01:23",
                "status": "modified",
                "first_commit": "2019-02-19T23:06:30",
                "last_commit": "2021-10-26T23:34:27",
                "CI_type": "Travis",
                "sha": "b1b7b3f6e0a16beb7fd1c26a614d803334da12f3"
            },
            {
                "file_name": "/.travis.yml",
                "commit_date": "2021-06-09T23:39:24",
                "status": "modified",
                "first_commit": "2019-02-19T23:06:30",
                "last_commit": "2021-10-26T23:34:27",
                "CI_type": "Travis",
                "sha": "32b7d4436cab1a5cb58ed966c193ff60473bac0c"
            },
            {
                "file_name": "/.travis.yml",
                "commit_date": "2021-05-05T22:10:19",
                "status": "modified",
                "first_commit": "2019-02-19T23:06:30",
                "last_commit": "2021-10-26T23:34:27",
                "CI_type": "Travis",
                "sha": "268def061f54d090b508fe740cfbe76843689e55"
            },
            {
                "file_name": "/.travis.yml",
                "commit_date": "2021-04-30T23:39:58",
                "status": "modified",
                "first_commit": "2019-02-19T23:06:30",
                "last_commit": "2021-10-26T23:34:27",
                "CI_type": "Travis",
                "sha": "04af22076e72e60c6193f4cb76149c5348052e9b"
            },
            {
                "file_name": "/.travis.yml",
                "commit_date": "2021-03-15T02:05:50",
                "status": "modified",
                "first_commit": "2019-02-19T23:06:30",
                "last_commit": "2021-10-26T23:34:27",
                "CI_type": "Travis",
                "sha": "927b97a81863483722e257bb60ef66c6b7702821"
            },
            {
                "file_name": "/.travis.yml",
                "commit_date": "2020-12-16T00:12:14",
                "status": "modified",
                "first_commit": "2019-02-19T23:06:30",
                "last_commit": "2021-10-26T23:34:27",
                "CI_type": "Travis",
                "sha": "0248677b78967f1561433b127071ba0fb0f27e52"
            },
            {
                "file_name": "/.travis.yml",
                "commit_date": "2020-09-16T20:37:58",
                "status": "modified",
                "first_commit": "2019-02-19T23:06:30",
                "last_commit": "2021-10-26T23:34:27",
                "CI_type": "Travis",
                "sha": "6a16fcb28ad7449abbd66695a647f36bf97886ff"
            },
            {
                "file_name": "/.travis.yml",
                "commit_date": "2020-03-29T18:23:53",
                "status": "modified",
                "first_commit": "2019-02-19T23:06:30",
                "last_commit": "2021-10-26T23:34:27",
                "CI_type": "Travis",
                "sha": "9427c812f7904b812e0e3924c4bda39b68968382"
            },
            {
                "file_name": "/.travis.yml",
                "commit_date": "2019-11-15T00:33:28",
                "status": "modified",
                "first_commit": "2019-02-19T23:06:30",
                "last_commit": "2021-10-26T23:34:27",
                "CI_type": "Travis",
                "sha": "3a3559480c0fb1e107da04fb8ac0b5437eed979f"
            },
            {
                "file_name": "/.travis.yml",
                "commit_date": "2019-11-14T17:34:12",
                "status": "modified",
                "first_commit": "2019-02-19T23:06:30",
                "last_commit": "2021-10-26T23:34:27",
                "CI_type": "Travis",
                "sha": "9438556fc536b06de35e2b337326c5e79b097f5b"
            },
            {
                "file_name": "/.travis.yml",
                "commit_date": "2019-10-09T18:09:32",
                "status": "modified",
                "first_commit": "2019-02-19T23:06:30",
                "last_commit": "2021-10-26T23:34:27",
                "CI_type": "Travis",
                "sha": "53856e0cd10d7559e53649bbc8036adb8533b13b"
            },
            {
                "file_name": "/.travis.yml",
                "commit_date": "2019-10-09T17:03:05",
                "status": "modified",
                "first_commit": "2019-02-19T23:06:30",
                "last_commit": "2021-10-26T23:34:27",
                "CI_type": "Travis",
                "sha": "7960f893dd9bcd350f7a2cb721343065ff3c0549"
            },
            {
                "file_name": "/.travis.yml",
                "commit_date": "2019-10-09T16:47:53",
                "status": "modified",
                "first_commit": "2019-02-19T23:06:30",
                "last_commit": "2021-10-26T23:34:27",
                "CI_type": "Travis",
                "sha": "f69cfdeac31ba96c43a94180b5f2ec79846b22d5"
            },
            {
                "file_name": "/.travis.yml",
                "commit_date": "2019-02-19T23:06:30",
                "status": "added",
                "first_commit": "2019-02-19T23:06:30",
                "last_commit": "2021-10-26T23:34:27",
                "CI_type": "Travis",
                "sha": "0f88be00f36f1990f1bb890cde16897f036cd3a8"
            }
        ]
    },
    {
        "CircleCI": []
    },
    {
        "AppVeyor": []
    },
    {
        "Azure": []
    },
    {
        "GitLab": []
    },
    {
        "Jenkins": []
    }
]