{
    "id": 171339259,
    "name": ".github",
    "full_name": "amzn/.github",
    "org_name": "Amazon",
    "org_id": 8594673,
    "created_at": "2019-02-18T18:59:22",
    "pushed_at": "2023-03-08T20:02:27",
    "updated_at": "2023-03-08T20:02:35",
    "isFork": false,
    "forks": 212,
    "forks_count": 212,
    "has_downloads": true,
    "has_issues": true,
    "has_pages": false,
    "has_projects": false,
    "has_wiki": false,
    "homepage": null,
    "language": null,
    "open_issues": 1,
    "open_issues_count": 1,
    "size": 11,
    "stargazers_count": 8,
    "subscribers_count": 4,
    "watchers": 8,
    "watchers_count": 8,
    "first_commit": "2019-02-18T18:59:23",
    "last_commit": "2023-03-08T20:02:27",
    "branches_count": 1,
    "commit_comments_count": 0,
    "commits_count": 17,
    "countributors_count": 5,
    "downloads_count": 0,
    "events_count": 3,
    "issues_count": 1,
    "labels_count": 8,
    "milestones_count": 0,
    "PR_count": 4,
    "open_PR_count": 0,
    "readme_size": 0,
    "release_count": 0,
    "topic_count": 0,
    "15_commits": 0,
    "16_commits": 0,
    "17_commits": 0,
    "18_commits": 0,
    "19_commits": 10,
    "20_commits": 2,
    "21_commits": 1,
    "22_commits": 0,
    "15_committer_num": 0,
    "16_committer_num": 0,
    "17_committer_num": 0,
    "18_committer_num": 0,
    "19_committer_num": 3,
    "20_committer_num": 2,
    "21_committer_num": 1,
    "22_committer_num": 0
}{
    "stargazer_date": {
        "42984807": "2019-06-05T17:46:08",
        "22630685": "2019-10-30T17:06:55",
        "278432": "2019-11-27T08:46:11",
        "51541": "2020-03-10T22:38:53",
        "9933677": "2020-07-31T06:09:26",
        "16266103": "2021-03-31T12:18:54",
        "70458154": "2021-07-10T08:50:29",
        "9002627": "2021-07-26T00:39:32"
    }
}[
    {
        "GHA": {}
    },
    {
        "Travis": []
    },
    {
        "CircleCI": []
    },
    {
        "AppVeyor": []
    },
    {
        "Azure": []
    },
    {
        "GitLab": []
    },
    {
        "Jenkins": []
    }
]