{
    "id": 171766803,
    "name": "rdma-core",
    "full_name": "amzn/rdma-core",
    "org_name": "Amazon",
    "org_id": 8594673,
    "created_at": "2019-02-20T23:44:44",
    "pushed_at": "2023-02-19T07:18:14",
    "updated_at": "2022-11-09T09:15:36",
    "isFork": true,
    "forks": 4,
    "forks_count": 4,
    "has_downloads": true,
    "has_issues": false,
    "has_pages": false,
    "has_projects": true,
    "has_wiki": true,
    "homepage": null,
    "language": "C",
    "open_issues": 0,
    "open_issues_count": 0,
    "size": 16598,
    "stargazers_count": 11,
    "subscribers_count": 10,
    "watchers": 11,
    "watchers_count": 11,
    "first_commit": "2022-11-25T15:46:13",
    "last_commit": "2023-02-15T18:48:17",
    "branches_count": 74,
    "commit_comments_count": 0,
    "commits_count": 8608,
    "countributors_count": 200,
    "downloads_count": 0,
    "events_count": 2,
    "issues_count": 0,
    "labels_count": 8,
    "milestones_count": 0,
    "PR_count": 0,
    "open_PR_count": 0,
    "readme_size": 3671,
    "release_count": 6,
    "topic_count": 0,
    "15_commits": 176,
    "16_commits": 606,
    "17_commits": 925,
    "18_commits": 656,
    "19_commits": 752,
    "20_commits": 872,
    "21_commits": 665,
    "22_commits": 440,
    "15_committer_num": 29,
    "16_committer_num": 29,
    "17_committer_num": 39,
    "18_committer_num": 48,
    "19_committer_num": 51,
    "20_committer_num": 49,
    "21_committer_num": 51,
    "22_committer_num": 52
}{
    "stargazer_date": {
        "47493739": "2019-02-24T08:37:15",
        "742736": "2019-02-26T08:08:00",
        "42984807": "2019-06-05T17:46:06",
        "44222364": "2019-08-15T11:13:09",
        "964527": "2020-01-21T05:58:41",
        "9933677": "2020-07-31T05:54:06",
        "529164": "2020-08-24T04:35:15",
        "48572887": "2020-10-28T23:40:31",
        "70458154": "2021-07-10T08:09:39",
        "26320146": "2021-08-18T03:10:35",
        "11641725": "2021-11-29T05:31:03"
    }
}[
    {
        "GHA": {}
    },
    {
        "Travis": [
            {
                "file_name": "/.travis.yml",
                "commit_date": "2019-10-31T16:17:11",
                "status": "removed",
                "first_commit": "2016-09-28T23:19:25",
                "last_commit": "2019-10-31T16:17:11",
                "CI_type": "Travis",
                "sha": "ae029ac74d62b12ea69127c91f83ad5944130764"
            },
            {
                "file_name": "/.travis.yml",
                "commit_date": "2019-07-19T19:15:55",
                "status": "modified",
                "first_commit": "2016-09-28T23:19:25",
                "last_commit": "2019-10-31T16:17:11",
                "CI_type": "Travis",
                "sha": "936cf8e17cf30dd37ed9b9bb91576603df9184ae"
            },
            {
                "file_name": "/.travis.yml",
                "commit_date": "2019-07-18T18:56:15",
                "status": "modified",
                "first_commit": "2016-09-28T23:19:25",
                "last_commit": "2019-10-31T16:17:11",
                "CI_type": "Travis",
                "sha": "cd34156d68141dc42e31d88650af667dae8aa193"
            },
            {
                "file_name": "/.travis.yml",
                "commit_date": "2019-07-18T18:50:43",
                "status": "modified",
                "first_commit": "2016-09-28T23:19:25",
                "last_commit": "2019-10-31T16:17:11",
                "CI_type": "Travis",
                "sha": "0814f0d5804f3fb4113fa6a1656617428eee1ed1"
            },
            {
                "file_name": "/.travis.yml",
                "commit_date": "2019-07-18T18:49:04",
                "status": "modified",
                "first_commit": "2016-09-28T23:19:25",
                "last_commit": "2019-10-31T16:17:11",
                "CI_type": "Travis",
                "sha": "76ad4cdb74f22f6c7819a6e003fe050324766a74"
            },
            {
                "file_name": "/.travis.yml",
                "commit_date": "2019-05-09T18:25:38",
                "status": "modified",
                "first_commit": "2016-09-28T23:19:25",
                "last_commit": "2019-10-31T16:17:11",
                "CI_type": "Travis",
                "sha": "3f69f34e046f8fc32e2d11dbe3a7d7437619ee5b"
            },
            {
                "file_name": "/.travis.yml",
                "commit_date": "2019-02-03T13:36:32",
                "status": "modified",
                "first_commit": "2016-09-28T23:19:25",
                "last_commit": "2019-10-31T16:17:11",
                "CI_type": "Travis",
                "sha": "279ef5fca6c8a524837df5855c524ecbb9bf9bcc"
            },
            {
                "file_name": "/.travis.yml",
                "commit_date": "2018-10-10T08:43:49",
                "status": "modified",
                "first_commit": "2016-09-28T23:19:25",
                "last_commit": "2019-10-31T16:17:11",
                "CI_type": "Travis",
                "sha": "1ce4a3e877cecfb86fbf4e95296cb9f75b33ee2e"
            },
            {
                "file_name": "/.travis.yml",
                "commit_date": "2018-11-29T12:58:00",
                "status": "modified",
                "first_commit": "2016-09-28T23:19:25",
                "last_commit": "2019-10-31T16:17:11",
                "CI_type": "Travis",
                "sha": "c18a4c542aac84720d6fcc41433f8868f27c555b"
            },
            {
                "file_name": "/.travis.yml",
                "commit_date": "2018-11-22T18:36:08",
                "status": "modified",
                "first_commit": "2016-09-28T23:19:25",
                "last_commit": "2019-10-31T16:17:11",
                "CI_type": "Travis",
                "sha": "b149924d836732143df95d43264fa18cd100ccf3"
            },
            {
                "file_name": "/.travis.yml",
                "commit_date": "2018-10-11T14:44:07",
                "status": "modified",
                "first_commit": "2016-09-28T23:19:25",
                "last_commit": "2019-10-31T16:17:11",
                "CI_type": "Travis",
                "sha": "7f21bedccd2bc04cdd88b8a3489c1114cfd38540"
            },
            {
                "file_name": "/.travis.yml",
                "commit_date": "2018-05-15T20:28:55",
                "status": "modified",
                "first_commit": "2016-09-28T23:19:25",
                "last_commit": "2019-10-31T16:17:11",
                "CI_type": "Travis",
                "sha": "163bdff97ecba95ed4410be5a53429a97ad9fe7c"
            },
            {
                "file_name": "/.travis.yml",
                "commit_date": "2017-12-06T22:40:12",
                "status": "modified",
                "first_commit": "2016-09-28T23:19:25",
                "last_commit": "2019-10-31T16:17:11",
                "CI_type": "Travis",
                "sha": "f16756285453b947d35303db788d58fbd67cbf83"
            },
            {
                "file_name": "/.travis.yml",
                "commit_date": "2018-01-15T21:08:50",
                "status": "modified",
                "first_commit": "2016-09-28T23:19:25",
                "last_commit": "2019-10-31T16:17:11",
                "CI_type": "Travis",
                "sha": "826f9b0abd8600e16c4a64c4f12e96968066f31f"
            },
            {
                "file_name": "/.travis.yml",
                "commit_date": "2017-11-20T12:39:25",
                "status": "modified",
                "first_commit": "2016-09-28T23:19:25",
                "last_commit": "2019-10-31T16:17:11",
                "CI_type": "Travis",
                "sha": "de7e4b745f5c2f6e5793535b4390477164c25f0b"
            },
            {
                "file_name": "/.travis.yml",
                "commit_date": "2017-09-19T12:25:18",
                "status": "modified",
                "first_commit": "2016-09-28T23:19:25",
                "last_commit": "2019-10-31T16:17:11",
                "CI_type": "Travis",
                "sha": "0e6ae170cfb0f7b999f1f4c55ef1e058498030a0"
            },
            {
                "file_name": "/.travis.yml",
                "commit_date": "2017-07-18T20:49:23",
                "status": "modified",
                "first_commit": "2016-09-28T23:19:25",
                "last_commit": "2019-10-31T16:17:11",
                "CI_type": "Travis",
                "sha": "fd234c69ffb1cf7a65d09b28955c51b52b9afeca"
            },
            {
                "file_name": "/.travis.yml",
                "commit_date": "2017-07-18T12:27:47",
                "status": "modified",
                "first_commit": "2016-09-28T23:19:25",
                "last_commit": "2019-10-31T16:17:11",
                "CI_type": "Travis",
                "sha": "6c9166fc3f6aea2c145f05577479f199ae1287d3"
            },
            {
                "file_name": "/.travis.yml",
                "commit_date": "2017-07-15T07:30:25",
                "status": "modified",
                "first_commit": "2016-09-28T23:19:25",
                "last_commit": "2019-10-31T16:17:11",
                "CI_type": "Travis",
                "sha": "ecc5ff0c5090fcc0dbdc9bba0127248534d01903"
            },
            {
                "file_name": "/.travis.yml",
                "commit_date": "2017-07-13T19:46:25",
                "status": "modified",
                "first_commit": "2016-09-28T23:19:25",
                "last_commit": "2019-10-31T16:17:11",
                "CI_type": "Travis",
                "sha": "522a368dd8f8de8b6f92c6e371977abe17fc22aa"
            },
            {
                "file_name": "/.travis.yml",
                "commit_date": "2017-07-13T19:41:29",
                "status": "modified",
                "first_commit": "2016-09-28T23:19:25",
                "last_commit": "2019-10-31T16:17:11",
                "CI_type": "Travis",
                "sha": "19fe5edc89ba46f76f9e46932bf75b0e30c96cfb"
            },
            {
                "file_name": "/.travis.yml",
                "commit_date": "2017-04-04T16:29:16",
                "status": "modified",
                "first_commit": "2016-09-28T23:19:25",
                "last_commit": "2019-10-31T16:17:11",
                "CI_type": "Travis",
                "sha": "a00e42039d14a9d5bb637ace5729723c1d0e965f"
            },
            {
                "file_name": "/.travis.yml",
                "commit_date": "2017-03-15T21:53:04",
                "status": "modified",
                "first_commit": "2016-09-28T23:19:25",
                "last_commit": "2019-10-31T16:17:11",
                "CI_type": "Travis",
                "sha": "abf31d1f56e976a120cc8cd5944dbe8c6066ef55"
            },
            {
                "file_name": "/.travis.yml",
                "commit_date": "2017-03-12T18:12:07",
                "status": "modified",
                "first_commit": "2016-09-28T23:19:25",
                "last_commit": "2019-10-31T16:17:11",
                "CI_type": "Travis",
                "sha": "4c17ca331732ad42d583cec42393c02a1ab3f29a"
            },
            {
                "file_name": "/.travis.yml",
                "commit_date": "2017-02-16T20:54:33",
                "status": "modified",
                "first_commit": "2016-09-28T23:19:25",
                "last_commit": "2019-10-31T16:17:11",
                "CI_type": "Travis",
                "sha": "bedea5fb8a08bc0299f838a86645cf41c94848e8"
            },
            {
                "file_name": "/.travis.yml",
                "commit_date": "2017-02-01T06:39:33",
                "status": "modified",
                "first_commit": "2016-09-28T23:19:25",
                "last_commit": "2019-10-31T16:17:11",
                "CI_type": "Travis",
                "sha": "b9730c92d8873059ed651db472f942a5a6693793"
            },
            {
                "file_name": "/.travis.yml",
                "commit_date": "2017-01-27T15:54:48",
                "status": "modified",
                "first_commit": "2016-09-28T23:19:25",
                "last_commit": "2019-10-31T16:17:11",
                "CI_type": "Travis",
                "sha": "8b1c929d71462b7da90ee8748730f05176103919"
            },
            {
                "file_name": "/.travis.yml",
                "commit_date": "2017-01-27T15:41:52",
                "status": "modified",
                "first_commit": "2016-09-28T23:19:25",
                "last_commit": "2019-10-31T16:17:11",
                "CI_type": "Travis",
                "sha": "f6c15842e357b7b8133fc96cd8cf0ca191db21c2"
            },
            {
                "file_name": "/.travis.yml",
                "commit_date": "2017-01-18T16:34:20",
                "status": "modified",
                "first_commit": "2016-09-28T23:19:25",
                "last_commit": "2019-10-31T16:17:11",
                "CI_type": "Travis",
                "sha": "86f3347da3e0fba283e9079f12de2dcbb8435cf1"
            },
            {
                "file_name": "/.travis.yml",
                "commit_date": "2016-11-10T19:33:34",
                "status": "modified",
                "first_commit": "2016-09-28T23:19:25",
                "last_commit": "2019-10-31T16:17:11",
                "CI_type": "Travis",
                "sha": "1b9b57df9924d1fde2fb2e5e38955c5b8984bf95"
            },
            {
                "file_name": "/.travis.yml",
                "commit_date": "2016-10-07T21:22:47",
                "status": "modified",
                "first_commit": "2016-09-28T23:19:25",
                "last_commit": "2019-10-31T16:17:11",
                "CI_type": "Travis",
                "sha": "23e7d6957ce567c5a2a3268ef4e31969ca10083f"
            },
            {
                "file_name": "/.travis.yml",
                "commit_date": "2016-09-29T03:13:07",
                "status": "modified",
                "first_commit": "2016-09-28T23:19:25",
                "last_commit": "2019-10-31T16:17:11",
                "CI_type": "Travis",
                "sha": "ad48f384594facfc73f9b9467c9a4bd33500ba02"
            },
            {
                "file_name": "/.travis.yml",
                "commit_date": "2016-09-28T23:19:25",
                "status": "added",
                "first_commit": "2016-09-28T23:19:25",
                "last_commit": "2019-10-31T16:17:11",
                "CI_type": "Travis",
                "sha": "6f2c2b0021cc35e991808aeb825b7221f9e031b4"
            }
        ]
    },
    {
        "CircleCI": []
    },
    {
        "AppVeyor": []
    },
    {
        "Azure": []
    },
    {
        "GitLab": []
    },
    {
        "Jenkins": []
    }
]