{
    "id": 175075497,
    "name": "gameon-starter-kit-unity",
    "full_name": "amzn/gameon-starter-kit-unity",
    "org_name": "Amazon",
    "org_id": 8594673,
    "created_at": "2019-03-11T20:04:30",
    "pushed_at": "2019-03-15T20:05:18",
    "updated_at": "2021-07-10T13:21:16",
    "isFork": false,
    "forks": 7,
    "forks_count": 7,
    "has_downloads": true,
    "has_issues": true,
    "has_pages": false,
    "has_projects": true,
    "has_wiki": false,
    "homepage": null,
    "language": "C#",
    "open_issues": 0,
    "open_issues_count": 0,
    "size": 469,
    "stargazers_count": 3,
    "subscribers_count": 9,
    "watchers": 3,
    "watchers_count": 3,
    "first_commit": "2019-03-15T20:04:01",
    "last_commit": "2019-03-15T20:04:01",
    "branches_count": 1,
    "commit_comments_count": 0,
    "commits_count": 1,
    "countributors_count": 1,
    "downloads_count": 0,
    "events_count": 0,
    "issues_count": 0,
    "labels_count": 8,
    "milestones_count": 0,
    "PR_count": 0,
    "open_PR_count": 0,
    "readme_size": 5271,
    "release_count": 0,
    "topic_count": 0,
    "15_commits": 0,
    "16_commits": 0,
    "17_commits": 0,
    "18_commits": 0,
    "19_commits": 1,
    "20_commits": 0,
    "21_commits": 0,
    "22_commits": 0,
    "15_committer_num": 0,
    "16_committer_num": 0,
    "17_committer_num": 0,
    "18_committer_num": 0,
    "19_committer_num": 1,
    "20_committer_num": 0,
    "21_committer_num": 0,
    "22_committer_num": 0
}{
    "stargazer_date": {
        "42984807": "2019-06-05T17:48:10",
        "9933677": "2020-07-31T06:17:11",
        "70458154": "2021-07-10T13:21:16"
    }
}[
    {
        "GHA": {}
    },
    {
        "Travis": []
    },
    {
        "CircleCI": []
    },
    {
        "AppVeyor": []
    },
    {
        "Azure": []
    },
    {
        "GitLab": []
    },
    {
        "Jenkins": []
    }
]