{
    "id": 186874528,
    "name": "amazon-s3-gst-plugin",
    "full_name": "amzn/amazon-s3-gst-plugin",
    "org_name": "Amazon",
    "org_id": 8594673,
    "created_at": "2019-05-15T17:33:53",
    "pushed_at": "2023-02-08T04:35:07",
    "updated_at": "2023-02-16T13:57:10",
    "isFork": false,
    "forks": 19,
    "forks_count": 19,
    "has_downloads": true,
    "has_issues": true,
    "has_pages": false,
    "has_projects": true,
    "has_wiki": false,
    "homepage": null,
    "language": "C",
    "open_issues": 4,
    "open_issues_count": 4,
    "size": 47,
    "stargazers_count": 32,
    "subscribers_count": 10,
    "watchers": 32,
    "watchers_count": 32,
    "first_commit": "2019-05-15T17:33:54",
    "last_commit": "2023-01-09T16:54:05",
    "branches_count": 1,
    "commit_comments_count": 0,
    "commits_count": 30,
    "countributors_count": 6,
    "downloads_count": 0,
    "events_count": 32,
    "issues_count": 4,
    "labels_count": 8,
    "milestones_count": 0,
    "PR_count": 23,
    "open_PR_count": 1,
    "readme_size": 3335,
    "release_count": 0,
    "topic_count": 6,
    "15_commits": 0,
    "16_commits": 0,
    "17_commits": 0,
    "18_commits": 0,
    "19_commits": 11,
    "20_commits": 10,
    "21_commits": 5,
    "22_commits": 3,
    "15_committer_num": 0,
    "16_committer_num": 0,
    "17_committer_num": 0,
    "18_committer_num": 0,
    "19_committer_num": 1,
    "20_committer_num": 1,
    "21_committer_num": 4,
    "22_committer_num": 2
}{
    "stargazer_date": {
        "3201489": "2019-05-19T18:47:56",
        "1965713": "2019-05-20T17:42:55",
        "11369260": "2019-05-29T08:01:37",
        "42984807": "2019-06-05T17:46:02",
        "4977409": "2019-07-11T01:00:17",
        "4578051": "2019-10-28T06:53:34",
        "5576686": "2019-11-02T13:11:41",
        "9884670": "2019-12-16T10:37:25",
        "28163022": "2020-01-14T21:41:22",
        "10106106": "2020-01-24T14:19:37",
        "7117999": "2020-04-23T10:23:44",
        "13380659": "2020-04-23T10:25:55",
        "1707083": "2020-07-11T22:13:00",
        "9933677": "2020-07-31T05:51:20",
        "1680425": "2020-08-26T03:56:18",
        "68919467": "2021-03-02T22:08:41",
        "12166722": "2021-04-02T08:52:38",
        "11292800": "2021-05-12T18:47:14",
        "16409308": "2021-06-28T08:04:51",
        "70458154": "2021-07-10T08:28:02",
        "1368827": "2021-08-03T19:59:28",
        "4017397": "2021-08-24T22:10:25",
        "60752738": "2021-08-28T13:24:52",
        "54882167": "2021-09-23T08:20:44",
        "15381": "2022-03-07T08:26:38",
        "19248035": "2022-04-08T10:04:42",
        "47331082": "2022-05-05T11:33:13",
        "28717686": "2022-09-14T08:35:56",
        "88318438": "2022-11-08T15:58:22",
        "855763": "2022-12-21T00:12:34",
        "44899448": "2023-02-16T13:57:10"
    }
}[
    {
        "GHA": [
            {
                "file_name": ".github/workflows/c-cpp.yml",
                "commit_date": "2023-01-09T16:54:05",
                "status": "modified",
                "first_commit": "2022-06-22T09:28:50",
                "last_commit": "2023-01-09T16:54:05",
                "CI_type": "GHA",
                "sha": "b8ecca63791e6a4f9559b47d32132144d2d191ab"
            },
            {
                "file_name": ".github/workflows/c-cpp.yml",
                "commit_date": "2022-06-22T09:28:50",
                "status": "added",
                "first_commit": "2022-06-22T09:28:50",
                "last_commit": "2023-01-09T16:54:05",
                "CI_type": "GHA",
                "sha": "06c235948a673b240be32fe5f8241feb675d6cc8"
            }
        ]
    },
    {
        "Travis": [
            {
                "file_name": "/.travis.yml",
                "commit_date": "2022-06-22T09:28:50",
                "status": "removed",
                "first_commit": "2019-05-18T18:41:40",
                "last_commit": "2022-06-22T09:28:50",
                "CI_type": "Travis",
                "sha": "06c235948a673b240be32fe5f8241feb675d6cc8"
            },
            {
                "file_name": "/.travis.yml",
                "commit_date": "2021-04-13T09:14:27",
                "status": "modified",
                "first_commit": "2019-05-18T18:41:40",
                "last_commit": "2022-06-22T09:28:50",
                "CI_type": "Travis",
                "sha": "b478f7f8b9f6d3df4b90bc7f2e7f28c37457b60f"
            },
            {
                "file_name": "/.travis.yml",
                "commit_date": "2020-06-27T20:22:32",
                "status": "modified",
                "first_commit": "2019-05-18T18:41:40",
                "last_commit": "2022-06-22T09:28:50",
                "CI_type": "Travis",
                "sha": "385da27b64ba9d01f369c525fd9bb40686aede40"
            },
            {
                "file_name": "/.travis.yml",
                "commit_date": "2019-10-12T18:30:56",
                "status": "modified",
                "first_commit": "2019-05-18T18:41:40",
                "last_commit": "2022-06-22T09:28:50",
                "CI_type": "Travis",
                "sha": "ecd5cc752787e6017b806c0d6ca22678b5e40e29"
            },
            {
                "file_name": "/.travis.yml",
                "commit_date": "2019-05-18T18:41:40",
                "status": "added",
                "first_commit": "2019-05-18T18:41:40",
                "last_commit": "2022-06-22T09:28:50",
                "CI_type": "Travis",
                "sha": "54631f2ea5e1b8a8e919ad5cf8248e1df26f3331"
            }
        ]
    },
    {
        "CircleCI": []
    },
    {
        "AppVeyor": []
    },
    {
        "Azure": []
    },
    {
        "GitLab": []
    },
    {
        "Jenkins": []
    }
]