{
    "id": 190665843,
    "name": "sample-fire-tv-app-video-skill",
    "full_name": "amzn/sample-fire-tv-app-video-skill",
    "org_name": "Amazon",
    "org_id": 8594673,
    "created_at": "2019-06-07T00:05:27",
    "pushed_at": "2022-02-18T22:31:16",
    "updated_at": "2022-05-12T09:38:55",
    "isFork": false,
    "forks": 10,
    "forks_count": 10,
    "has_downloads": true,
    "has_issues": true,
    "has_pages": false,
    "has_projects": true,
    "has_wiki": false,
    "homepage": "https://developer.amazon.com/docs/video-skills-fire-tv-apps/introduction.html",
    "language": "Java",
    "open_issues": 0,
    "open_issues_count": 0,
    "size": 54845,
    "stargazers_count": 12,
    "subscribers_count": 9,
    "watchers": 12,
    "watchers_count": 12,
    "first_commit": "2019-06-07T00:05:28",
    "last_commit": "2022-02-17T23:41:05",
    "branches_count": 1,
    "commit_comments_count": 0,
    "commits_count": 17,
    "countributors_count": 4,
    "downloads_count": 0,
    "events_count": 0,
    "issues_count": 0,
    "labels_count": 9,
    "milestones_count": 0,
    "PR_count": 0,
    "open_PR_count": 0,
    "readme_size": 8030,
    "release_count": 1,
    "topic_count": 0,
    "15_commits": 0,
    "16_commits": 0,
    "17_commits": 0,
    "18_commits": 0,
    "19_commits": 10,
    "20_commits": 4,
    "21_commits": 2,
    "22_commits": 1,
    "15_committer_num": 0,
    "16_committer_num": 0,
    "17_committer_num": 0,
    "18_committer_num": 0,
    "19_committer_num": 2,
    "20_committer_num": 1,
    "21_committer_num": 1,
    "22_committer_num": 1
}{
    "stargazer_date": {
        "20977913": "2019-06-11T04:57:46",
        "20735780": "2019-09-03T18:13:06",
        "5919454": "2020-05-22T08:40:25",
        "14862506": "2020-06-05T17:11:26",
        "9933677": "2020-07-31T06:09:52",
        "44418173": "2020-10-22T04:47:20",
        "465252": "2021-04-11T01:18:30",
        "70458154": "2021-07-10T13:18:14",
        "12024566": "2021-07-23T03:17:11",
        "74585960": "2021-07-31T20:29:29",
        "1268802": "2022-02-13T12:27:46",
        "32885182": "2022-05-12T09:38:55"
    }
}[
    {
        "GHA": {}
    },
    {
        "Travis": []
    },
    {
        "CircleCI": []
    },
    {
        "AppVeyor": []
    },
    {
        "Azure": []
    },
    {
        "GitLab": []
    },
    {
        "Jenkins": []
    }
]