{
    "id": 194170466,
    "name": "amazon-pay-api-sdk-php",
    "full_name": "amzn/amazon-pay-api-sdk-php",
    "org_name": "Amazon",
    "org_id": 8594673,
    "created_at": "2019-06-27T22:23:16",
    "pushed_at": "2023-03-06T12:55:24",
    "updated_at": "2023-02-13T17:32:58",
    "isFork": false,
    "forks": 26,
    "forks_count": 26,
    "has_downloads": true,
    "has_issues": true,
    "has_pages": false,
    "has_projects": true,
    "has_wiki": false,
    "homepage": "",
    "language": "PHP",
    "open_issues": 14,
    "open_issues_count": 14,
    "size": 103,
    "stargazers_count": 37,
    "subscribers_count": 17,
    "watchers": 37,
    "watchers_count": 37,
    "first_commit": "2019-06-27T22:23:17",
    "last_commit": "2023-03-06T12:45:51",
    "branches_count": 3,
    "commit_comments_count": 1,
    "commits_count": 43,
    "countributors_count": 10,
    "downloads_count": 0,
    "events_count": 24,
    "issues_count": 14,
    "labels_count": 9,
    "milestones_count": 0,
    "PR_count": 11,
    "open_PR_count": 2,
    "readme_size": 24794,
    "release_count": 19,
    "topic_count": 0,
    "15_commits": 0,
    "16_commits": 0,
    "17_commits": 0,
    "18_commits": 0,
    "19_commits": 19,
    "20_commits": 12,
    "21_commits": 5,
    "22_commits": 4,
    "15_committer_num": 0,
    "16_committer_num": 0,
    "17_committer_num": 0,
    "18_committer_num": 0,
    "19_committer_num": 5,
    "20_committer_num": 2,
    "21_committer_num": 3,
    "22_committer_num": 0
}{
    "stargazer_date": {
        "10784573": "2019-08-05T19:21:05",
        "45692089": "2019-09-12T20:05:44",
        "15109671": "2019-10-02T14:00:34",
        "22848359": "2019-12-30T08:58:19",
        "38873285": "2020-02-13T00:33:12",
        "4786477": "2020-04-17T14:01:30",
        "26609457": "2020-04-27T03:44:36",
        "33707723": "2020-05-27T09:21:41",
        "4663695": "2020-06-30T15:09:31",
        "9933677": "2020-07-31T06:02:51",
        "53529766": "2020-07-31T18:49:18",
        "152436": "2020-09-25T14:25:51",
        "589445": "2020-10-23T06:56:47",
        "19778449": "2021-01-31T06:13:33",
        "77612697": "2021-03-17T10:23:41",
        "36433535": "2021-03-21T07:26:12",
        "100564": "2021-04-01T02:12:45",
        "17404636": "2021-04-01T15:13:56",
        "82725927": "2021-05-26T18:01:59",
        "1794548": "2021-06-03T09:07:40",
        "70458154": "2021-07-10T08:27:12",
        "58490737": "2021-10-03T02:40:22",
        "14247193": "2021-11-04T05:44:36",
        "92455107": "2021-11-27T09:24:56",
        "1193317": "2022-01-18T20:09:09",
        "98420913": "2022-02-14T02:03:56",
        "251886": "2022-02-20T09:56:33",
        "99642759": "2022-02-21T14:45:34",
        "33990363": "2022-03-25T23:08:04",
        "270990": "2022-06-15T16:24:35",
        "106912504": "2022-07-05T14:54:59",
        "56529054": "2022-11-10T09:38:14",
        "54159343": "2022-11-22T23:45:07",
        "119112484": "2023-02-01T06:52:03",
        "815715": "2023-02-13T17:32:58"
    }
}[
    {
        "GHA": {}
    },
    {
        "Travis": []
    },
    {
        "CircleCI": []
    },
    {
        "AppVeyor": []
    },
    {
        "Azure": []
    },
    {
        "GitLab": []
    },
    {
        "Jenkins": []
    }
]