{
    "id": 199918130,
    "name": "git-commit-template",
    "full_name": "amzn/git-commit-template",
    "org_name": "Amazon",
    "org_id": 8594673,
    "created_at": "2019-07-31T19:38:11",
    "pushed_at": "2022-03-27T06:45:40",
    "updated_at": "2023-01-27T22:44:15",
    "isFork": false,
    "forks": 8,
    "forks_count": 8,
    "has_downloads": true,
    "has_issues": true,
    "has_pages": false,
    "has_projects": true,
    "has_wiki": false,
    "homepage": null,
    "language": "JavaScript",
    "open_issues": 9,
    "open_issues_count": 9,
    "size": 256,
    "stargazers_count": 18,
    "subscribers_count": 13,
    "watchers": 18,
    "watchers_count": 18,
    "first_commit": "2019-07-31T19:38:12",
    "last_commit": "2020-07-22T04:38:58",
    "branches_count": 7,
    "commit_comments_count": 0,
    "commits_count": 30,
    "countributors_count": 4,
    "downloads_count": 0,
    "events_count": 1,
    "issues_count": 9,
    "labels_count": 10,
    "milestones_count": 0,
    "PR_count": 19,
    "open_PR_count": 6,
    "readme_size": 2047,
    "release_count": 5,
    "topic_count": 4,
    "15_commits": 0,
    "16_commits": 0,
    "17_commits": 0,
    "18_commits": 0,
    "19_commits": 13,
    "20_commits": 17,
    "21_commits": 0,
    "22_commits": 0,
    "15_committer_num": 0,
    "16_committer_num": 0,
    "17_committer_num": 0,
    "18_committer_num": 0,
    "19_committer_num": 3,
    "20_committer_num": 3,
    "21_committer_num": 0,
    "22_committer_num": 0
}{
    "stargazer_date": {
        "3718405": "2019-08-02T07:49:45",
        "33324": "2019-10-04T23:20:46",
        "22630685": "2019-10-30T17:06:52",
        "13089476": "2019-11-26T07:01:20",
        "54384": "2020-02-06T17:49:18",
        "3535220": "2020-02-11T17:09:59",
        "1641405": "2020-02-28T23:10:22",
        "3386501": "2020-03-23T17:28:11",
        "3759759": "2020-05-07T01:17:10",
        "172584": "2020-12-08T22:09:05",
        "6250752": "2021-01-30T18:28:42",
        "389055": "2021-06-16T09:17:30",
        "70458154": "2021-07-10T08:29:46",
        "5762138": "2021-07-23T07:05:16",
        "92186317": "2022-04-11T16:39:45",
        "1729784": "2022-05-30T22:43:21",
        "233318": "2022-09-06T11:55:56",
        "51715025": "2023-01-08T23:06:38"
    }
}[
    {
        "GHA": [
            {
                "file_name": ".github/workflows/npmpublish.yml",
                "commit_date": "2020-04-03T12:30:32",
                "status": "modified",
                "first_commit": "2020-04-03T06:55:59",
                "last_commit": "2020-04-03T12:30:32",
                "CI_type": "GHA",
                "sha": "6bce421f9e0b28b80aa7bc76e7f82aaa1a613e51"
            },
            {
                "file_name": ".github/workflows/npmpublish.yml",
                "commit_date": "2020-04-03T09:36:58",
                "status": "modified",
                "first_commit": "2020-04-03T06:55:59",
                "last_commit": "2020-04-03T12:30:32",
                "CI_type": "GHA",
                "sha": "aac5b38cc220dca04111420cbdaf7667acc45a56"
            },
            {
                "file_name": ".github/workflows/npmpublish.yml",
                "commit_date": "2020-04-03T07:39:59",
                "status": "modified",
                "first_commit": "2020-04-03T06:55:59",
                "last_commit": "2020-04-03T12:30:32",
                "CI_type": "GHA",
                "sha": "efb0ea438b746eb49e150a332a55674965003a87"
            },
            {
                "file_name": ".github/workflows/npmpublish.yml",
                "commit_date": "2020-04-03T07:37:58",
                "status": "modified",
                "first_commit": "2020-04-03T06:55:59",
                "last_commit": "2020-04-03T12:30:32",
                "CI_type": "GHA",
                "sha": "fa3684dceb2e6a73969f379d239f0385c4c31aa9"
            },
            {
                "file_name": ".github/workflows/npmpublish.yml",
                "commit_date": "2020-04-03T06:59:58",
                "status": "modified",
                "first_commit": "2020-04-03T06:55:59",
                "last_commit": "2020-04-03T12:30:32",
                "CI_type": "GHA",
                "sha": "a579fdaecb0a2ac900013e5abf9abedd2784953e"
            },
            {
                "file_name": ".github/workflows/npmpublish.yml",
                "commit_date": "2020-04-03T06:55:59",
                "status": "added",
                "first_commit": "2020-04-03T06:55:59",
                "last_commit": "2020-04-03T12:30:32",
                "CI_type": "GHA",
                "sha": "4d5a2d54a2b3575e4dcd2ef1f9b1076e4372c45c"
            },
            {
                "file_name": ".github/workflows/changelog.yml",
                "commit_date": "2020-06-11T10:23:52",
                "status": "modified",
                "first_commit": "2020-06-11T05:48:28",
                "last_commit": "2020-06-11T10:23:52",
                "CI_type": "GHA",
                "sha": "52b95930f9289eac32fa48a32a1920f32b207bfe"
            },
            {
                "file_name": ".github/workflows/changelog.yml",
                "commit_date": "2020-06-11T06:56:37",
                "status": "modified",
                "first_commit": "2020-06-11T05:48:28",
                "last_commit": "2020-06-11T10:23:52",
                "CI_type": "GHA",
                "sha": "faec9c8b8ebae994644e624a4239a8a241f3f3d1"
            },
            {
                "file_name": ".github/workflows/changelog.yml",
                "commit_date": "2020-06-11T05:48:28",
                "status": "added",
                "first_commit": "2020-06-11T05:48:28",
                "last_commit": "2020-06-11T10:23:52",
                "CI_type": "GHA",
                "sha": "7e8bb50d8b44076ba7f1aaac0c241fd962063f6e"
            }
        ]
    },
    {
        "Travis": []
    },
    {
        "CircleCI": []
    },
    {
        "AppVeyor": []
    },
    {
        "Azure": []
    },
    {
        "GitLab": []
    },
    {
        "Jenkins": []
    }
]