{
    "id": 205034001,
    "name": "amazon-pay-api-sdk-dotnet",
    "full_name": "amzn/amazon-pay-api-sdk-dotnet",
    "org_name": "Amazon",
    "org_id": 8594673,
    "created_at": "2019-08-28T22:27:25",
    "pushed_at": "2022-07-29T13:05:48",
    "updated_at": "2023-01-12T17:04:55",
    "isFork": false,
    "forks": 9,
    "forks_count": 9,
    "has_downloads": true,
    "has_issues": true,
    "has_pages": false,
    "has_projects": true,
    "has_wiki": false,
    "homepage": "",
    "language": "C#",
    "open_issues": 1,
    "open_issues_count": 1,
    "size": 174,
    "stargazers_count": 11,
    "subscribers_count": 19,
    "watchers": 11,
    "watchers_count": 11,
    "first_commit": "2019-08-28T22:27:26",
    "last_commit": "2022-07-29T13:03:29",
    "branches_count": 3,
    "commit_comments_count": 1,
    "commits_count": 57,
    "countributors_count": 6,
    "downloads_count": 0,
    "events_count": 1,
    "issues_count": 1,
    "labels_count": 10,
    "milestones_count": 0,
    "PR_count": 3,
    "open_PR_count": 0,
    "readme_size": 26174,
    "release_count": 21,
    "topic_count": 0,
    "15_commits": 0,
    "16_commits": 0,
    "17_commits": 0,
    "18_commits": 0,
    "19_commits": 13,
    "20_commits": 34,
    "21_commits": 7,
    "22_commits": 3,
    "15_committer_num": 0,
    "16_committer_num": 0,
    "17_committer_num": 0,
    "18_committer_num": 0,
    "19_committer_num": 3,
    "20_committer_num": 4,
    "21_committer_num": 0,
    "22_committer_num": 0
}{
    "stargazer_date": {
        "2683269": "2019-10-08T10:43:41",
        "4786477": "2020-04-11T06:50:28",
        "9933677": "2020-07-31T05:59:37",
        "33983361": "2020-10-14T18:24:49",
        "13120940": "2021-02-16T22:56:53",
        "77612697": "2021-03-17T10:23:57",
        "49339": "2021-06-03T12:21:46",
        "70458154": "2021-07-10T08:26:57",
        "5681259": "2021-09-12T13:19:38",
        "14247193": "2021-11-04T05:44:33",
        "5851606": "2023-01-12T17:04:55"
    }
}[
    {
        "GHA": {}
    },
    {
        "Travis": []
    },
    {
        "CircleCI": []
    },
    {
        "AppVeyor": []
    },
    {
        "Azure": []
    },
    {
        "GitLab": []
    },
    {
        "Jenkins": []
    }
]