{
    "id": 211173772,
    "name": "amazon-hub-counter-api-samples",
    "full_name": "amzn/amazon-hub-counter-api-samples",
    "org_name": "Amazon",
    "org_id": 8594673,
    "created_at": "2019-09-26T20:14:36",
    "pushed_at": "2022-09-12T10:49:07",
    "updated_at": "2021-12-20T19:18:52",
    "isFork": false,
    "forks": 6,
    "forks_count": 6,
    "has_downloads": true,
    "has_issues": true,
    "has_pages": false,
    "has_projects": true,
    "has_wiki": true,
    "homepage": null,
    "language": "Java",
    "open_issues": 0,
    "open_issues_count": 0,
    "size": 24,
    "stargazers_count": 2,
    "subscribers_count": 3,
    "watchers": 2,
    "watchers_count": 2,
    "first_commit": "2019-09-26T20:14:37",
    "last_commit": "2022-09-12T10:48:59",
    "branches_count": 1,
    "commit_comments_count": 0,
    "commits_count": 15,
    "countributors_count": 6,
    "downloads_count": 0,
    "events_count": 0,
    "issues_count": 0,
    "labels_count": 10,
    "milestones_count": 0,
    "PR_count": 10,
    "open_PR_count": 0,
    "readme_size": 408,
    "release_count": 0,
    "topic_count": 0,
    "15_commits": 0,
    "16_commits": 0,
    "17_commits": 0,
    "18_commits": 0,
    "19_commits": 3,
    "20_commits": 4,
    "21_commits": 2,
    "22_commits": 6,
    "15_committer_num": 0,
    "16_committer_num": 0,
    "17_committer_num": 0,
    "18_committer_num": 0,
    "19_committer_num": 2,
    "20_committer_num": 2,
    "21_committer_num": 1,
    "22_committer_num": 3
}{
    "stargazer_date": {
        "9933677": "2020-07-31T05:05:16",
        "70458154": "2021-07-10T13:14:59"
    }
}[
    {
        "GHA": {}
    },
    {
        "Travis": []
    },
    {
        "CircleCI": []
    },
    {
        "AppVeyor": []
    },
    {
        "Azure": []
    },
    {
        "GitLab": []
    },
    {
        "Jenkins": []
    }
]