{
    "id": 211173264,
    "name": "amazon-hub-counter-sdk-java",
    "full_name": "amzn/amazon-hub-counter-sdk-java",
    "org_name": "Amazon",
    "org_id": 8594673,
    "created_at": "2019-09-26T20:11:19",
    "pushed_at": "2022-06-23T14:50:04",
    "updated_at": "2021-12-20T19:13:24",
    "isFork": false,
    "forks": 7,
    "forks_count": 7,
    "has_downloads": true,
    "has_issues": true,
    "has_pages": false,
    "has_projects": true,
    "has_wiki": true,
    "homepage": "",
    "language": "Java",
    "open_issues": 1,
    "open_issues_count": 1,
    "size": 41,
    "stargazers_count": 2,
    "subscribers_count": 3,
    "watchers": 2,
    "watchers_count": 2,
    "first_commit": "2019-09-26T20:11:20",
    "last_commit": "2022-06-23T14:49:47",
    "branches_count": 1,
    "commit_comments_count": 0,
    "commits_count": 13,
    "countributors_count": 5,
    "downloads_count": 0,
    "events_count": 0,
    "issues_count": 1,
    "labels_count": 10,
    "milestones_count": 0,
    "PR_count": 7,
    "open_PR_count": 1,
    "readme_size": 6253,
    "release_count": 1,
    "topic_count": 0,
    "15_commits": 0,
    "16_commits": 0,
    "17_commits": 0,
    "18_commits": 0,
    "19_commits": 3,
    "20_commits": 2,
    "21_commits": 4,
    "22_commits": 4,
    "15_committer_num": 0,
    "16_committer_num": 0,
    "17_committer_num": 0,
    "18_committer_num": 0,
    "19_committer_num": 2,
    "20_committer_num": 2,
    "21_committer_num": 2,
    "22_committer_num": 2
}{
    "stargazer_date": {
        "9933677": "2020-07-31T05:05:35",
        "70458154": "2021-07-10T13:15:33"
    }
}[
    {
        "GHA": {}
    },
    {
        "Travis": []
    },
    {
        "CircleCI": []
    },
    {
        "AppVeyor": []
    },
    {
        "Azure": []
    },
    {
        "GitLab": []
    },
    {
        "Jenkins": []
    }
]