{
    "id": 212874433,
    "name": "zeek-plugin-tds",
    "full_name": "amzn/zeek-plugin-tds",
    "org_name": "Amazon",
    "org_id": 8594673,
    "created_at": "2019-10-04T18:01:45",
    "pushed_at": "2022-05-03T10:05:24",
    "updated_at": "2022-08-11T01:53:45",
    "isFork": false,
    "forks": 7,
    "forks_count": 7,
    "has_downloads": true,
    "has_issues": true,
    "has_pages": false,
    "has_projects": true,
    "has_wiki": false,
    "homepage": "",
    "language": "Zeek",
    "open_issues": 1,
    "open_issues_count": 1,
    "size": 23,
    "stargazers_count": 20,
    "subscribers_count": 6,
    "watchers": 20,
    "watchers_count": 20,
    "first_commit": "2019-10-04T18:01:45",
    "last_commit": "2022-03-23T12:46:36",
    "branches_count": 1,
    "commit_comments_count": 0,
    "commits_count": 20,
    "countributors_count": 5,
    "downloads_count": 0,
    "events_count": 0,
    "issues_count": 1,
    "labels_count": 9,
    "milestones_count": 0,
    "PR_count": 3,
    "open_PR_count": 1,
    "readme_size": 1101,
    "release_count": 2,
    "topic_count": 3,
    "15_commits": 0,
    "16_commits": 0,
    "17_commits": 0,
    "18_commits": 0,
    "19_commits": 11,
    "20_commits": 4,
    "21_commits": 4,
    "22_commits": 1,
    "15_committer_num": 0,
    "16_committer_num": 0,
    "17_committer_num": 0,
    "18_committer_num": 0,
    "19_committer_num": 3,
    "20_committer_num": 1,
    "21_committer_num": 3,
    "22_committer_num": 1
}{
    "stargazer_date": {
        "13872653": "2019-10-08T20:21:46",
        "1238612": "2019-10-08T23:02:03",
        "50065154": "2019-10-09T03:24:58",
        "7584935": "2019-10-09T11:53:32",
        "5174107": "2019-10-09T22:18:14",
        "32613488": "2019-10-11T16:15:24",
        "5042794": "2019-10-21T04:10:17",
        "16981248": "2019-11-11T06:41:55",
        "507887": "2019-11-14T03:16:39",
        "17239206": "2020-01-01T14:26:14",
        "14363402": "2020-06-19T06:46:49",
        "9933677": "2020-07-31T06:11:24",
        "7982911": "2020-08-18T15:19:41",
        "57921142": "2020-08-24T17:49:40",
        "53546372": "2020-09-22T10:17:57",
        "535948": "2021-02-13T00:28:42",
        "3521976": "2021-04-29T20:59:02",
        "13104403": "2021-05-02T21:54:57",
        "70458154": "2021-07-10T08:40:14",
        "6584204": "2022-08-11T01:53:45"
    }
}[
    {
        "GHA": {}
    },
    {
        "Travis": []
    },
    {
        "CircleCI": []
    },
    {
        "AppVeyor": []
    },
    {
        "Azure": []
    },
    {
        "GitLab": []
    },
    {
        "Jenkins": []
    }
]