{
    "id": 212873101,
    "name": "zeek-plugin-bacnet",
    "full_name": "amzn/zeek-plugin-bacnet",
    "org_name": "Amazon",
    "org_id": 8594673,
    "created_at": "2019-10-04T17:54:21",
    "pushed_at": "2022-05-03T15:10:48",
    "updated_at": "2022-11-24T11:10:59",
    "isFork": false,
    "forks": 11,
    "forks_count": 11,
    "has_downloads": true,
    "has_issues": true,
    "has_pages": false,
    "has_projects": true,
    "has_wiki": false,
    "homepage": null,
    "language": "Zeek",
    "open_issues": 20,
    "open_issues_count": 20,
    "size": 91,
    "stargazers_count": 24,
    "subscribers_count": 8,
    "watchers": 24,
    "watchers_count": 24,
    "first_commit": "2019-10-04T17:54:22",
    "last_commit": "2021-03-09T00:23:36",
    "branches_count": 1,
    "commit_comments_count": 6,
    "commits_count": 26,
    "countributors_count": 4,
    "downloads_count": 0,
    "events_count": 0,
    "issues_count": 20,
    "labels_count": 9,
    "milestones_count": 0,
    "PR_count": 4,
    "open_PR_count": 1,
    "readme_size": 1284,
    "release_count": 2,
    "topic_count": 4,
    "15_commits": 0,
    "16_commits": 0,
    "17_commits": 0,
    "18_commits": 0,
    "19_commits": 17,
    "20_commits": 5,
    "21_commits": 4,
    "22_commits": 0,
    "15_committer_num": 0,
    "16_committer_num": 0,
    "17_committer_num": 0,
    "18_committer_num": 0,
    "19_committer_num": 3,
    "20_committer_num": 1,
    "21_committer_num": 2,
    "22_committer_num": 0
}{
    "stargazer_date": {
        "13872653": "2019-10-08T20:21:53",
        "22080525": "2019-10-08T20:35:11",
        "1238612": "2019-10-08T23:01:35",
        "50065154": "2019-10-09T03:22:44",
        "21156405": "2019-10-10T04:26:18",
        "31083304": "2019-10-11T11:49:13",
        "32613488": "2019-10-11T16:15:37",
        "5042794": "2019-10-21T04:13:13",
        "1496725": "2019-11-17T23:47:14",
        "5958837": "2019-12-18T21:00:56",
        "17239206": "2020-01-01T14:26:12",
        "5280752": "2020-02-29T19:35:32",
        "34143537": "2020-03-22T00:24:58",
        "9933677": "2020-07-31T06:13:05",
        "7982911": "2020-08-18T15:19:26",
        "6740": "2021-03-05T16:12:03",
        "3521976": "2021-04-29T20:58:54",
        "13104403": "2021-05-02T21:55:15",
        "84886630": "2021-05-27T02:18:04",
        "70458154": "2021-07-10T08:41:49",
        "91989982": "2021-10-17T01:29:38",
        "8159024": "2022-05-25T07:36:47",
        "6546881": "2022-07-09T15:01:12",
        "6584204": "2022-08-11T01:53:19"
    }
}[
    {
        "GHA": {}
    },
    {
        "Travis": []
    },
    {
        "CircleCI": []
    },
    {
        "AppVeyor": []
    },
    {
        "Azure": []
    },
    {
        "GitLab": []
    },
    {
        "Jenkins": []
    }
]