{
    "id": 212873469,
    "name": "zeek-plugin-enip",
    "full_name": "amzn/zeek-plugin-enip",
    "org_name": "Amazon",
    "org_id": 8594673,
    "created_at": "2019-10-04T17:56:40",
    "pushed_at": "2022-05-03T10:20:24",
    "updated_at": "2023-01-27T05:50:10",
    "isFork": false,
    "forks": 14,
    "forks_count": 14,
    "has_downloads": true,
    "has_issues": true,
    "has_pages": false,
    "has_projects": true,
    "has_wiki": false,
    "homepage": null,
    "language": "Zeek",
    "open_issues": 1,
    "open_issues_count": 1,
    "size": 114,
    "stargazers_count": 38,
    "subscribers_count": 10,
    "watchers": 38,
    "watchers_count": 38,
    "first_commit": "2019-10-04T17:56:41",
    "last_commit": "2021-03-09T00:41:15",
    "branches_count": 1,
    "commit_comments_count": 0,
    "commits_count": 23,
    "countributors_count": 4,
    "downloads_count": 0,
    "events_count": 1,
    "issues_count": 1,
    "labels_count": 9,
    "milestones_count": 0,
    "PR_count": 2,
    "open_PR_count": 1,
    "readme_size": 1558,
    "release_count": 2,
    "topic_count": 4,
    "15_commits": 0,
    "16_commits": 0,
    "17_commits": 0,
    "18_commits": 0,
    "19_commits": 15,
    "20_commits": 4,
    "21_commits": 4,
    "22_commits": 0,
    "15_committer_num": 0,
    "16_committer_num": 0,
    "17_committer_num": 0,
    "18_committer_num": 0,
    "19_committer_num": 3,
    "20_committer_num": 1,
    "21_committer_num": 2,
    "22_committer_num": 0
}{
    "stargazer_date": {
        "13872653": "2019-10-08T20:21:43",
        "22080525": "2019-10-08T20:35:41",
        "1238612": "2019-10-08T23:02:51",
        "50065154": "2019-10-09T03:23:11",
        "13104403": "2019-10-09T05:50:37",
        "21156405": "2019-10-10T04:13:21",
        "14222785": "2019-10-11T09:42:13",
        "31083304": "2019-10-11T11:49:16",
        "32613488": "2019-10-11T16:15:18",
        "5042794": "2019-10-21T04:09:54",
        "5510702": "2019-10-24T17:12:10",
        "12020931": "2019-11-14T19:59:14",
        "46077": "2019-12-04T17:29:49",
        "3073580": "2019-12-14T13:09:22",
        "5958837": "2019-12-18T21:00:48",
        "17239206": "2020-01-01T14:25:32",
        "1583904": "2020-02-11T19:56:03",
        "5174107": "2020-03-17T23:06:16",
        "34143537": "2020-03-22T00:24:38",
        "9933677": "2020-07-31T05:59:56",
        "7982911": "2020-08-18T15:19:12",
        "2190746": "2020-09-15T10:13:36",
        "5061991": "2020-11-03T18:39:16",
        "43002597": "2020-11-05T15:26:38",
        "535948": "2021-02-13T00:28:06",
        "6740": "2021-03-05T16:12:02",
        "66310831": "2021-03-16T11:33:41",
        "61324771": "2021-04-22T18:48:46",
        "3521976": "2021-04-29T20:58:51",
        "84886630": "2021-05-27T02:17:49",
        "70458154": "2021-07-10T08:41:32",
        "44162674": "2021-10-13T07:31:03",
        "91989982": "2021-10-17T01:29:23",
        "8083228": "2022-02-22T09:30:55",
        "20454875": "2022-02-25T08:14:33",
        "6584204": "2022-08-11T01:35:10",
        "117589151": "2022-11-09T02:57:35",
        "104449382": "2023-01-27T05:50:10"
    }
}[
    {
        "GHA": {}
    },
    {
        "Travis": []
    },
    {
        "CircleCI": []
    },
    {
        "AppVeyor": []
    },
    {
        "Azure": []
    },
    {
        "GitLab": []
    },
    {
        "Jenkins": []
    }
]