{
    "id": 212874168,
    "name": "zeek-plugin-s7comm",
    "full_name": "amzn/zeek-plugin-s7comm",
    "org_name": "Amazon",
    "org_id": 8594673,
    "created_at": "2019-10-04T18:00:25",
    "pushed_at": "2022-05-03T10:06:27",
    "updated_at": "2022-11-27T13:16:03",
    "isFork": false,
    "forks": 12,
    "forks_count": 12,
    "has_downloads": true,
    "has_issues": true,
    "has_pages": false,
    "has_projects": true,
    "has_wiki": false,
    "homepage": null,
    "language": "Zeek",
    "open_issues": 2,
    "open_issues_count": 2,
    "size": 35,
    "stargazers_count": 32,
    "subscribers_count": 10,
    "watchers": 32,
    "watchers_count": 32,
    "first_commit": "2019-10-04T18:00:26",
    "last_commit": "2022-03-23T12:46:26",
    "branches_count": 1,
    "commit_comments_count": 0,
    "commits_count": 23,
    "countributors_count": 5,
    "downloads_count": 0,
    "events_count": 0,
    "issues_count": 2,
    "labels_count": 9,
    "milestones_count": 0,
    "PR_count": 3,
    "open_PR_count": 1,
    "readme_size": 1210,
    "release_count": 2,
    "topic_count": 4,
    "15_commits": 0,
    "16_commits": 0,
    "17_commits": 0,
    "18_commits": 0,
    "19_commits": 13,
    "20_commits": 4,
    "21_commits": 5,
    "22_commits": 1,
    "15_committer_num": 0,
    "16_committer_num": 0,
    "17_committer_num": 0,
    "18_committer_num": 0,
    "19_committer_num": 3,
    "20_committer_num": 1,
    "21_committer_num": 3,
    "22_committer_num": 1
}{
    "stargazer_date": {
        "13872653": "2019-10-08T20:21:40",
        "1238612": "2019-10-08T23:01:55",
        "50065154": "2019-10-09T03:24:17",
        "31083304": "2019-10-11T11:49:19",
        "32613488": "2019-10-11T16:15:10",
        "5042794": "2019-10-21T04:09:41",
        "14198016": "2019-10-23T01:50:04",
        "2774469": "2019-10-23T10:58:04",
        "13929749": "2019-10-25T05:13:36",
        "46077": "2019-12-04T17:29:16",
        "17239206": "2020-01-01T14:26:05",
        "5174107": "2020-01-30T14:47:56",
        "34143537": "2020-03-22T00:24:27",
        "12268885": "2020-06-15T10:20:02",
        "9933677": "2020-07-31T06:04:29",
        "7982911": "2020-08-18T15:19:20",
        "57921142": "2020-08-24T17:49:34",
        "2190746": "2020-09-15T10:13:43",
        "13389897": "2020-09-26T02:03:49",
        "31393733": "2020-12-11T11:17:24",
        "9074028": "2020-12-23T14:18:00",
        "6740": "2021-03-05T16:12:01",
        "3521976": "2021-04-29T20:58:56",
        "13104403": "2021-05-02T21:55:03",
        "84886630": "2021-05-27T02:17:57",
        "70458154": "2021-07-10T08:40:46",
        "91989982": "2021-10-17T01:29:35",
        "42548177": "2021-11-24T21:49:58",
        "20229439": "2022-01-19T22:21:06",
        "30239892": "2022-03-04T11:49:01",
        "6584204": "2022-08-11T01:53:40",
        "14247193": "2022-11-27T13:16:03"
    }
}[
    {
        "GHA": {}
    },
    {
        "Travis": []
    },
    {
        "CircleCI": []
    },
    {
        "AppVeyor": []
    },
    {
        "Azure": []
    },
    {
        "GitLab": []
    },
    {
        "Jenkins": []
    }
]