{
    "id": 220103558,
    "name": "milan",
    "full_name": "amzn/milan",
    "org_name": "Amazon",
    "org_id": 8594673,
    "created_at": "2019-11-06T22:37:51",
    "pushed_at": "2022-03-08T15:12:34",
    "updated_at": "2023-02-16T19:31:29",
    "isFork": false,
    "forks": 18,
    "forks_count": 18,
    "has_downloads": true,
    "has_issues": true,
    "has_pages": false,
    "has_projects": true,
    "has_wiki": true,
    "homepage": "",
    "language": "Scala",
    "open_issues": 6,
    "open_issues_count": 6,
    "size": 1430,
    "stargazers_count": 36,
    "subscribers_count": 11,
    "watchers": 36,
    "watchers_count": 36,
    "first_commit": "2019-11-06T22:37:52",
    "last_commit": "2022-03-08T14:59:42",
    "branches_count": 5,
    "commit_comments_count": 0,
    "commits_count": 26,
    "countributors_count": 4,
    "downloads_count": 0,
    "events_count": 0,
    "issues_count": 6,
    "labels_count": 10,
    "milestones_count": 0,
    "PR_count": 14,
    "open_PR_count": 4,
    "readme_size": 2618,
    "release_count": 0,
    "topic_count": 0,
    "15_commits": 0,
    "16_commits": 0,
    "17_commits": 0,
    "18_commits": 0,
    "19_commits": 9,
    "20_commits": 12,
    "21_commits": 3,
    "22_commits": 2,
    "15_committer_num": 0,
    "16_committer_num": 0,
    "17_committer_num": 0,
    "18_committer_num": 0,
    "19_committer_num": 4,
    "20_committer_num": 1,
    "21_committer_num": 1,
    "22_committer_num": 1
}{
    "stargazer_date": {
        "1110560": "2019-11-19T10:59:09",
        "20164670": "2019-11-19T11:19:14",
        "89049": "2019-11-19T12:13:06",
        "1235734": "2019-11-19T15:44:07",
        "13307594": "2019-11-19T22:00:51",
        "11016527": "2019-11-20T00:32:04",
        "8201408": "2019-11-20T08:56:27",
        "1121987": "2019-11-20T11:14:00",
        "15143039": "2019-11-20T11:36:08",
        "6026250": "2019-11-21T01:00:58",
        "5460317": "2019-11-21T11:43:28",
        "6868": "2019-11-21T16:23:38",
        "5858898": "2019-11-22T18:17:00",
        "32225774": "2019-11-23T10:27:51",
        "6857699": "2020-01-02T13:47:50",
        "9296536": "2020-01-10T19:53:28",
        "104937": "2020-01-17T21:38:29",
        "8027127": "2020-01-20T20:46:53",
        "54580188": "2020-03-09T13:11:56",
        "9786866": "2020-05-02T19:19:57",
        "133722": "2020-06-22T22:23:56",
        "9933677": "2020-07-31T06:01:50",
        "48683297": "2020-09-06T21:14:56",
        "25748065": "2020-09-24T16:42:36",
        "13808299": "2020-12-03T16:08:57",
        "11997567": "2020-12-18T17:23:02",
        "32355785": "2021-02-17T01:18:01",
        "792325": "2021-02-21T22:54:44",
        "30060010": "2021-03-31T15:43:33",
        "29836260": "2021-04-10T05:37:46",
        "70458154": "2021-07-10T08:34:16",
        "485466": "2021-07-16T18:35:23",
        "19255182": "2021-08-11T16:55:06",
        "16241795": "2021-12-15T17:41:10",
        "85345416": "2021-12-20T21:08:20",
        "72180622": "2022-03-06T18:08:20"
    }
}[
    {
        "GHA": {}
    },
    {
        "Travis": []
    },
    {
        "CircleCI": []
    },
    {
        "AppVeyor": []
    },
    {
        "Azure": []
    },
    {
        "GitLab": []
    },
    {
        "Jenkins": []
    }
]