{
    "id": 220352818,
    "name": "basis-point-sets",
    "full_name": "amzn/basis-point-sets",
    "org_name": "Amazon",
    "org_id": 8594673,
    "created_at": "2019-11-08T00:14:27",
    "pushed_at": "2022-06-08T17:50:25",
    "updated_at": "2023-01-06T04:53:24",
    "isFork": false,
    "forks": 7,
    "forks_count": 7,
    "has_downloads": true,
    "has_issues": true,
    "has_pages": false,
    "has_projects": true,
    "has_wiki": true,
    "homepage": null,
    "language": "Python",
    "open_issues": 2,
    "open_issues_count": 2,
    "size": 3307,
    "stargazers_count": 15,
    "subscribers_count": 6,
    "watchers": 15,
    "watchers_count": 15,
    "first_commit": "2019-12-15T18:06:40",
    "last_commit": "2019-12-26T10:50:20",
    "branches_count": 1,
    "commit_comments_count": 0,
    "commits_count": 261,
    "countributors_count": 2,
    "downloads_count": 0,
    "events_count": 2,
    "issues_count": 2,
    "labels_count": 9,
    "milestones_count": 0,
    "PR_count": 1,
    "open_PR_count": 1,
    "readme_size": 3743,
    "release_count": 0,
    "topic_count": 0,
    "15_commits": 0,
    "16_commits": 0,
    "17_commits": 0,
    "18_commits": 0,
    "19_commits": 261,
    "20_commits": 0,
    "21_commits": 0,
    "22_commits": 0,
    "15_committer_num": 0,
    "16_committer_num": 0,
    "17_committer_num": 0,
    "18_committer_num": 0,
    "19_committer_num": 2,
    "20_committer_num": 0,
    "21_committer_num": 0,
    "22_committer_num": 0
}{
    "stargazer_date": {
        "44940142": "2019-12-21T04:43:59",
        "2386239": "2020-05-03T06:46:18",
        "9933677": "2020-07-31T06:15:43",
        "2599769": "2020-09-07T12:34:34",
        "64102335": "2020-11-15T20:15:57",
        "23127964": "2021-03-31T00:25:47",
        "55657910": "2021-04-04T14:14:13",
        "46412915": "2021-05-11T12:11:49",
        "70458154": "2021-07-10T13:19:00",
        "754887": "2021-08-06T08:43:24",
        "91527702": "2022-08-01T19:41:10",
        "9132273": "2022-11-23T16:34:20",
        "62992414": "2022-11-23T20:08:43",
        "96186255": "2023-01-03T01:54:21",
        "35297362": "2023-01-06T04:53:24"
    }
}[
    {
        "GHA": {}
    },
    {
        "Travis": []
    },
    {
        "CircleCI": []
    },
    {
        "AppVeyor": []
    },
    {
        "Azure": []
    },
    {
        "GitLab": []
    },
    {
        "Jenkins": []
    }
]