{
    "id": 225431811,
    "name": "amazon-hub-counter-api-docs",
    "full_name": "amzn/amazon-hub-counter-api-docs",
    "org_name": "Amazon",
    "org_id": 8594673,
    "created_at": "2019-12-02T17:30:48",
    "pushed_at": "2023-02-27T15:00:40",
    "updated_at": "2023-02-24T14:41:27",
    "isFork": false,
    "forks": 9,
    "forks_count": 9,
    "has_downloads": true,
    "has_issues": true,
    "has_pages": true,
    "has_projects": true,
    "has_wiki": true,
    "homepage": null,
    "language": "CSS",
    "open_issues": 1,
    "open_issues_count": 1,
    "size": 1442,
    "stargazers_count": 4,
    "subscribers_count": 4,
    "watchers": 4,
    "watchers_count": 4,
    "first_commit": "2019-12-02T17:30:49",
    "last_commit": "2023-02-27T15:00:40",
    "branches_count": 19,
    "commit_comments_count": 0,
    "commits_count": 49,
    "countributors_count": 9,
    "downloads_count": 0,
    "events_count": 14,
    "issues_count": 1,
    "labels_count": 9,
    "milestones_count": 0,
    "PR_count": 23,
    "open_PR_count": 0,
    "readme_size": 411,
    "release_count": 0,
    "topic_count": 0,
    "15_commits": 0,
    "16_commits": 0,
    "17_commits": 0,
    "18_commits": 0,
    "19_commits": 8,
    "20_commits": 13,
    "21_commits": 8,
    "22_commits": 14,
    "15_committer_num": 0,
    "16_committer_num": 0,
    "17_committer_num": 0,
    "18_committer_num": 0,
    "19_committer_num": 3,
    "20_committer_num": 3,
    "21_committer_num": 3,
    "22_committer_num": 3
}{
    "stargazer_date": {
        "9933677": "2020-07-31T06:05:11",
        "64849480": "2020-09-11T07:41:23",
        "70458154": "2021-07-10T08:42:08",
        "6871504": "2022-03-17T00:04:33"
    }
}[
    {
        "GHA": {}
    },
    {
        "Travis": []
    },
    {
        "CircleCI": []
    },
    {
        "AppVeyor": []
    },
    {
        "Azure": []
    },
    {
        "GitLab": []
    },
    {
        "Jenkins": []
    }
]