{
    "id": 245295880,
    "name": "ftv-livetv-sample-tv-app",
    "full_name": "amzn/ftv-livetv-sample-tv-app",
    "org_name": "Amazon",
    "org_id": 8594673,
    "created_at": "2020-03-06T00:24:59",
    "pushed_at": "2023-03-01T20:11:05",
    "updated_at": "2022-12-05T12:03:43",
    "isFork": false,
    "forks": 20,
    "forks_count": 20,
    "has_downloads": true,
    "has_issues": true,
    "has_pages": false,
    "has_projects": true,
    "has_wiki": true,
    "homepage": null,
    "language": "Java",
    "open_issues": 3,
    "open_issues_count": 3,
    "size": 20472,
    "stargazers_count": 17,
    "subscribers_count": 7,
    "watchers": 17,
    "watchers_count": 17,
    "first_commit": "2020-03-06T00:25:00",
    "last_commit": "2023-03-01T20:10:55",
    "branches_count": 2,
    "commit_comments_count": 0,
    "commits_count": 21,
    "countributors_count": 6,
    "downloads_count": 0,
    "events_count": 6,
    "issues_count": 3,
    "labels_count": 9,
    "milestones_count": 0,
    "PR_count": 9,
    "open_PR_count": 0,
    "readme_size": 7403,
    "release_count": 0,
    "topic_count": 0,
    "15_commits": 0,
    "16_commits": 0,
    "17_commits": 0,
    "18_commits": 0,
    "19_commits": 0,
    "20_commits": 4,
    "21_commits": 13,
    "22_commits": 2,
    "15_committer_num": 0,
    "16_committer_num": 0,
    "17_committer_num": 0,
    "18_committer_num": 0,
    "19_committer_num": 0,
    "20_committer_num": 2,
    "21_committer_num": 2,
    "22_committer_num": 1
}{
    "stargazer_date": {
        "12533753": "2020-04-21T16:23:24",
        "9933677": "2020-07-31T06:11:46",
        "25629006": "2020-08-31T22:25:40",
        "5298914": "2020-09-11T17:34:06",
        "4995109": "2020-10-12T10:58:35",
        "4977666": "2021-03-23T01:59:59",
        "465252": "2021-04-11T00:42:59",
        "70458154": "2021-07-10T08:14:29",
        "12024566": "2021-08-07T03:23:56",
        "3101238": "2021-08-26T18:47:28",
        "53688893": "2021-11-08T10:22:47",
        "22561679": "2022-02-12T02:04:44",
        "1268802": "2022-02-13T12:32:31",
        "69988472": "2022-03-11T06:34:22",
        "10406127": "2022-09-28T18:17:01",
        "25669630": "2022-10-02T00:12:23",
        "11164992": "2022-12-05T12:03:43"
    }
}[
    {
        "GHA": {}
    },
    {
        "Travis": []
    },
    {
        "CircleCI": []
    },
    {
        "AppVeyor": []
    },
    {
        "Azure": []
    },
    {
        "GitLab": []
    },
    {
        "Jenkins": []
    }
]