{
    "id": 271956469,
    "name": "workspace-resolver",
    "full_name": "amzn/workspace-resolver",
    "org_name": "Amazon",
    "org_id": 8594673,
    "created_at": "2020-06-13T06:48:39",
    "pushed_at": "2023-01-23T23:49:45",
    "updated_at": "2022-12-16T04:35:46",
    "isFork": false,
    "forks": 4,
    "forks_count": 4,
    "has_downloads": true,
    "has_issues": true,
    "has_pages": false,
    "has_projects": true,
    "has_wiki": true,
    "homepage": "",
    "language": "JavaScript",
    "open_issues": 0,
    "open_issues_count": 0,
    "size": 201,
    "stargazers_count": 6,
    "subscribers_count": 4,
    "watchers": 6,
    "watchers_count": 6,
    "first_commit": "2020-06-13T06:48:40",
    "last_commit": "2023-01-01T22:07:45",
    "branches_count": 1,
    "commit_comments_count": 0,
    "commits_count": 26,
    "countributors_count": 3,
    "downloads_count": 0,
    "events_count": 14,
    "issues_count": 0,
    "labels_count": 10,
    "milestones_count": 0,
    "PR_count": 16,
    "open_PR_count": 0,
    "readme_size": 6482,
    "release_count": 0,
    "topic_count": 0,
    "15_commits": 0,
    "16_commits": 0,
    "17_commits": 0,
    "18_commits": 0,
    "19_commits": 0,
    "20_commits": 9,
    "21_commits": 8,
    "22_commits": 7,
    "15_committer_num": 0,
    "16_committer_num": 0,
    "17_committer_num": 0,
    "18_committer_num": 0,
    "19_committer_num": 0,
    "20_committer_num": 3,
    "21_committer_num": 2,
    "22_committer_num": 2
}{
    "stargazer_date": {
        "1919664": "2020-06-13T08:48:16",
        "1435777": "2020-06-15T17:56:34",
        "9933677": "2020-07-31T05:05:05",
        "70458154": "2021-07-10T08:14:50",
        "3131232": "2022-12-16T04:35:46"
    }
}[
    {
        "GHA": {}
    },
    {
        "Travis": []
    },
    {
        "CircleCI": []
    },
    {
        "AppVeyor": []
    },
    {
        "Azure": []
    },
    {
        "GitLab": []
    },
    {
        "Jenkins": []
    }
]