{
    "id": 27605347,
    "name": "amazon-pay-sdk-java",
    "full_name": "amzn/amazon-pay-sdk-java",
    "org_name": "Amazon",
    "org_id": 8594673,
    "created_at": "2014-12-05T18:51:43",
    "pushed_at": "2022-07-05T06:32:17",
    "updated_at": "2022-11-15T17:47:08",
    "isFork": false,
    "forks": 52,
    "forks_count": 52,
    "has_downloads": true,
    "has_issues": true,
    "has_pages": false,
    "has_projects": true,
    "has_wiki": false,
    "homepage": "https://pay.amazon.com/documentation",
    "language": "Java",
    "open_issues": 13,
    "open_issues_count": 13,
    "size": 13945,
    "stargazers_count": 53,
    "subscribers_count": 47,
    "watchers": 53,
    "watchers_count": 53,
    "first_commit": "2016-09-20T21:33:52",
    "last_commit": "2022-07-05T06:27:21",
    "branches_count": 4,
    "commit_comments_count": 0,
    "commits_count": 46,
    "countributors_count": 7,
    "downloads_count": 0,
    "events_count": 0,
    "issues_count": 13,
    "labels_count": 8,
    "milestones_count": 0,
    "PR_count": 15,
    "open_PR_count": 2,
    "readme_size": 19999,
    "release_count": 26,
    "topic_count": 0,
    "15_commits": 0,
    "16_commits": 9,
    "17_commits": 15,
    "18_commits": 9,
    "19_commits": 8,
    "20_commits": 2,
    "21_commits": 2,
    "22_commits": 1,
    "15_committer_num": 0,
    "16_committer_num": 3,
    "17_committer_num": 4,
    "18_committer_num": 4,
    "19_committer_num": 2,
    "20_committer_num": 1,
    "21_committer_num": 0,
    "22_committer_num": 0
}{
    "stargazer_date": {
        "5199694": "2015-01-08T05:45:07",
        "9734109": "2015-01-23T01:56:27",
        "9827021": "2015-04-15T06:49:00",
        "1878936": "2015-04-16T19:54:56",
        "4653613": "2015-07-30T03:50:15",
        "13607061": "2015-08-02T04:16:16",
        "13105426": "2015-10-25T14:36:40",
        "1038803": "2015-10-30T14:02:00",
        "92221": "2015-11-11T07:48:17",
        "6825284": "2015-11-12T14:38:01",
        "16108286": "2015-12-02T00:25:28",
        "2994674": "2016-02-22T07:03:03",
        "11508636": "2016-03-29T10:46:12",
        "958490": "2016-05-20T21:55:45",
        "5833839": "2016-06-13T16:49:25",
        "15089132": "2016-07-12T12:08:52",
        "121462": "2016-08-31T01:14:15",
        "1553772": "2016-10-21T12:16:17",
        "20235339": "2016-11-24T21:53:31",
        "2551393": "2017-02-14T12:07:06",
        "43138": "2017-05-06T06:05:17",
        "12001055": "2017-05-26T05:38:06",
        "7835924": "2017-06-05T09:28:36",
        "7357679": "2017-09-28T18:55:10",
        "6308554": "2017-10-01T19:45:23",
        "10540117": "2017-11-16T03:11:06",
        "15925331": "2018-01-22T05:16:58",
        "7858010": "2018-02-20T20:30:26",
        "37271673": "2018-04-30T19:17:26",
        "491513": "2018-08-02T17:39:33",
        "103092": "2018-11-13T23:24:19",
        "9638314": "2019-01-11T03:39:39",
        "333723": "2019-03-15T01:32:10",
        "24979200": "2019-04-02T23:29:19",
        "906952": "2019-04-05T01:17:22",
        "3462857": "2019-04-11T12:50:36",
        "42984807": "2019-06-05T17:46:12",
        "26490351": "2019-07-18T11:52:13",
        "15109671": "2019-07-22T07:49:30",
        "57972283": "2019-12-12T06:46:47",
        "23628103": "2019-12-31T16:31:45",
        "58469781": "2020-01-16T10:11:20",
        "35808008": "2020-01-20T12:39:08",
        "10469738": "2020-02-03T20:28:21",
        "19830403": "2020-03-31T03:36:13",
        "1990197": "2020-05-01T10:01:05",
        "9933677": "2020-07-31T06:14:14",
        "39324273": "2020-08-30T17:10:40",
        "74238064": "2021-01-27T05:50:06",
        "9606422": "2021-03-02T14:39:23",
        "70458154": "2021-07-10T08:38:50",
        "80207429": "2021-12-04T12:24:04",
        "86134536": "2021-12-23T22:15:04"
    }
}[
    {
        "GHA": {}
    },
    {
        "Travis": []
    },
    {
        "CircleCI": []
    },
    {
        "AppVeyor": []
    },
    {
        "Azure": []
    },
    {
        "GitLab": []
    },
    {
        "Jenkins": []
    }
]