{
    "id": 27617078,
    "name": "amazon-pay-sdk-csharp",
    "full_name": "amzn/amazon-pay-sdk-csharp",
    "org_name": "Amazon",
    "org_id": 8594673,
    "created_at": "2014-12-06T01:01:38",
    "pushed_at": "2022-08-11T05:57:55",
    "updated_at": "2022-08-11T13:18:30",
    "isFork": false,
    "forks": 44,
    "forks_count": 44,
    "has_downloads": true,
    "has_issues": true,
    "has_pages": false,
    "has_projects": true,
    "has_wiki": false,
    "homepage": "https://payments.amazon.com/developer",
    "language": "C#",
    "open_issues": 12,
    "open_issues_count": 12,
    "size": 28263,
    "stargazers_count": 45,
    "subscribers_count": 40,
    "watchers": 45,
    "watchers_count": 45,
    "first_commit": "2016-10-17T22:55:29",
    "last_commit": "2022-08-11T05:55:04",
    "branches_count": 5,
    "commit_comments_count": 0,
    "commits_count": 41,
    "countributors_count": 6,
    "downloads_count": 0,
    "events_count": 0,
    "issues_count": 12,
    "labels_count": 8,
    "milestones_count": 0,
    "PR_count": 13,
    "open_PR_count": 4,
    "readme_size": 30281,
    "release_count": 25,
    "topic_count": 0,
    "15_commits": 0,
    "16_commits": 2,
    "17_commits": 11,
    "18_commits": 9,
    "19_commits": 10,
    "20_commits": 4,
    "21_commits": 4,
    "22_commits": 1,
    "15_committer_num": 0,
    "16_committer_num": 1,
    "17_committer_num": 5,
    "18_committer_num": 2,
    "19_committer_num": 2,
    "20_committer_num": 1,
    "21_committer_num": 0,
    "22_committer_num": 0
}{
    "stargazer_date": {
        "5199694": "2015-01-08T05:45:15",
        "9734109": "2015-01-23T01:56:37",
        "175326": "2015-04-03T01:38:41",
        "1878936": "2015-04-16T19:54:29",
        "1822443": "2015-05-11T22:13:11",
        "636166": "2015-05-28T15:17:19",
        "7894713": "2015-07-22T17:38:52",
        "2580357": "2015-11-22T18:41:27",
        "2994674": "2016-02-22T07:03:42",
        "93667": "2016-03-24T20:02:02",
        "5864694": "2016-10-25T17:27:18",
        "332954": "2016-10-27T15:09:40",
        "5544659": "2016-10-28T14:22:26",
        "13623548": "2016-11-06T10:37:33",
        "2815551": "2016-11-16T00:47:43",
        "16689822": "2016-12-06T20:36:37",
        "739454": "2017-04-07T09:24:45",
        "3970939": "2017-04-18T15:55:21",
        "1725637": "2017-05-09T13:14:57",
        "270398": "2017-05-18T01:08:44",
        "28725635": "2017-07-28T02:37:02",
        "192890": "2017-08-19T08:42:14",
        "7062978": "2017-10-24T07:38:16",
        "7668232": "2017-12-01T08:51:54",
        "35173148": "2018-01-07T07:01:00",
        "10254815": "2018-03-12T13:08:00",
        "4786477": "2018-04-25T06:22:49",
        "64329": "2018-05-16T08:26:31",
        "162583": "2018-06-22T14:27:51",
        "8183620": "2018-07-10T16:12:42",
        "491513": "2018-08-02T17:39:45",
        "767395": "2018-11-06T09:45:09",
        "3588520": "2019-01-15T21:05:56",
        "333723": "2019-03-15T01:35:04",
        "848817": "2019-03-15T11:40:58",
        "42984807": "2019-06-05T17:46:07",
        "13752939": "2019-06-29T12:29:55",
        "11307157": "2019-08-03T00:03:46",
        "2683269": "2019-08-26T12:17:18",
        "58469781": "2020-01-16T10:11:25",
        "11160611": "2020-05-03T19:13:52",
        "68921983": "2020-07-29T15:09:35",
        "9933677": "2020-07-31T06:15:11",
        "70458154": "2021-07-10T08:39:32",
        "10164223": "2021-09-16T13:17:35"
    }
}[
    {
        "GHA": {}
    },
    {
        "Travis": []
    },
    {
        "CircleCI": []
    },
    {
        "AppVeyor": []
    },
    {
        "Azure": []
    },
    {
        "GitLab": []
    },
    {
        "Jenkins": []
    }
]