{
    "id": 285929660,
    "name": "amazon-payment-files-tools",
    "full_name": "amzn/amazon-payment-files-tools",
    "org_name": "Amazon",
    "org_id": 8594673,
    "created_at": "2020-08-07T22:14:01",
    "pushed_at": "2020-08-29T00:15:58",
    "updated_at": "2022-11-27T13:08:49",
    "isFork": false,
    "forks": 5,
    "forks_count": 5,
    "has_downloads": true,
    "has_issues": true,
    "has_pages": false,
    "has_projects": false,
    "has_wiki": false,
    "homepage": "",
    "language": "Kotlin",
    "open_issues": 0,
    "open_issues_count": 0,
    "size": 151,
    "stargazers_count": 7,
    "subscribers_count": 5,
    "watchers": 7,
    "watchers_count": 7,
    "first_commit": "2020-08-07T22:14:03",
    "last_commit": "2020-08-27T08:29:00",
    "branches_count": 1,
    "commit_comments_count": 0,
    "commits_count": 9,
    "countributors_count": 3,
    "downloads_count": 0,
    "events_count": 0,
    "issues_count": 0,
    "labels_count": 9,
    "milestones_count": 0,
    "PR_count": 0,
    "open_PR_count": 0,
    "readme_size": 2420,
    "release_count": 1,
    "topic_count": 0,
    "15_commits": 0,
    "16_commits": 0,
    "17_commits": 0,
    "18_commits": 0,
    "19_commits": 0,
    "20_commits": 9,
    "21_commits": 0,
    "22_commits": 0,
    "15_committer_num": 0,
    "16_committer_num": 0,
    "17_committer_num": 0,
    "18_committer_num": 0,
    "19_committer_num": 0,
    "20_committer_num": 3,
    "21_committer_num": 0,
    "22_committer_num": 0
}{
    "stargazer_date": {
        "202570": "2020-08-14T12:52:20",
        "13983019": "2021-01-22T00:32:38",
        "50600311": "2021-02-10T14:02:50",
        "2376150": "2021-03-10T05:11:53",
        "70458154": "2021-07-10T13:13:50",
        "47242212": "2022-03-08T21:10:29",
        "14247193": "2022-11-27T13:08:49"
    }
}[
    {
        "GHA": {}
    },
    {
        "Travis": []
    },
    {
        "CircleCI": []
    },
    {
        "AppVeyor": []
    },
    {
        "Azure": []
    },
    {
        "GitLab": []
    },
    {
        "Jenkins": []
    }
]