{
    "id": 29757348,
    "name": "amazon-pay-sdk-python",
    "full_name": "amzn/amazon-pay-sdk-python",
    "org_name": "Amazon",
    "org_id": 8594673,
    "created_at": "2015-01-23T23:00:34",
    "pushed_at": "2021-04-07T20:09:25",
    "updated_at": "2022-11-27T13:10:47",
    "isFork": false,
    "forks": 37,
    "forks_count": 37,
    "has_downloads": true,
    "has_issues": true,
    "has_pages": false,
    "has_projects": true,
    "has_wiki": false,
    "homepage": "",
    "language": "Python",
    "open_issues": 8,
    "open_issues_count": 8,
    "size": 83,
    "stargazers_count": 49,
    "subscribers_count": 40,
    "watchers": 49,
    "watchers_count": 49,
    "first_commit": "2015-05-20T18:19:35",
    "last_commit": "2021-03-26T05:48:00",
    "branches_count": 2,
    "commit_comments_count": 0,
    "commits_count": 26,
    "countributors_count": 10,
    "downloads_count": 0,
    "events_count": 0,
    "issues_count": 8,
    "labels_count": 7,
    "milestones_count": 0,
    "PR_count": 8,
    "open_PR_count": 4,
    "readme_size": 13946,
    "release_count": 12,
    "topic_count": 0,
    "15_commits": 5,
    "16_commits": 2,
    "17_commits": 10,
    "18_commits": 6,
    "19_commits": 1,
    "20_commits": 0,
    "21_commits": 2,
    "22_commits": 0,
    "15_committer_num": 2,
    "16_committer_num": 2,
    "17_committer_num": 3,
    "18_committer_num": 3,
    "19_committer_num": 1,
    "20_committer_num": 0,
    "21_committer_num": 1,
    "22_committer_num": 0
}{
    "stargazer_date": {
        "9827021": "2015-04-02T22:33:36",
        "9734109": "2015-04-22T19:56:57",
        "1878936": "2015-05-20T18:28:51",
        "2882": "2015-06-04T05:37:39",
        "970677": "2015-08-26T17:01:38",
        "1192922": "2016-02-09T07:37:27",
        "2994674": "2016-02-22T07:03:23",
        "15151837": "2016-03-22T08:34:41",
        "6883571": "2016-05-01T08:29:41",
        "8538801": "2016-05-10T21:24:06",
        "5805013": "2016-06-14T06:28:21",
        "6809734": "2016-06-19T23:21:12",
        "10492153": "2016-08-08T15:28:58",
        "13062377": "2016-08-26T05:48:24",
        "7321429": "2017-02-04T09:15:35",
        "5598607": "2017-02-08T08:24:55",
        "4046709": "2017-02-10T12:42:43",
        "20639276": "2017-03-16T02:01:42",
        "5399975": "2017-04-18T23:10:21",
        "12926003": "2017-05-02T20:13:29",
        "17301662": "2017-06-05T23:01:48",
        "3798374": "2017-08-21T15:33:02",
        "773123": "2017-12-14T05:41:35",
        "35200791": "2018-01-09T18:39:37",
        "25241752": "2018-06-02T08:05:59",
        "491513": "2018-08-02T17:40:08",
        "3191949": "2018-08-22T11:15:00",
        "13732552": "2018-09-19T07:16:04",
        "873977": "2018-10-05T23:54:11",
        "19941207": "2018-10-09T15:45:07",
        "18626481": "2018-11-09T08:01:37",
        "42261099": "2019-03-09T00:15:47",
        "333723": "2019-03-15T01:33:43",
        "8691762": "2019-05-02T17:53:30",
        "42984807": "2019-06-05T17:48:35",
        "28146606": "2020-03-18T21:54:32",
        "15870426": "2020-06-17T07:34:20",
        "24235581": "2020-06-24T16:30:57",
        "30130836": "2020-07-07T19:51:31",
        "9933677": "2020-07-31T06:15:00",
        "20669799": "2020-10-03T17:58:49",
        "38454352": "2021-02-01T12:49:06",
        "72983046": "2021-04-13T17:30:12",
        "70458154": "2021-07-10T08:37:21",
        "32550568": "2021-09-14T11:30:36",
        "40146113": "2022-04-22T03:07:27",
        "36998310": "2022-10-02T03:00:59",
        "34800563": "2022-10-20T19:30:55",
        "14247193": "2022-11-27T13:10:47"
    }
}[
    {
        "GHA": {}
    },
    {
        "Travis": []
    },
    {
        "CircleCI": []
    },
    {
        "AppVeyor": []
    },
    {
        "Azure": []
    },
    {
        "GitLab": []
    },
    {
        "Jenkins": []
    }
]