{
    "id": 29876251,
    "name": "amazon-pay-sdk-ruby",
    "full_name": "amzn/amazon-pay-sdk-ruby",
    "org_name": "Amazon",
    "org_id": 8594673,
    "created_at": "2015-01-26T18:56:59",
    "pushed_at": "2023-02-06T15:36:52",
    "updated_at": "2023-02-06T02:53:11",
    "isFork": false,
    "forks": 32,
    "forks_count": 32,
    "has_downloads": true,
    "has_issues": true,
    "has_pages": false,
    "has_projects": true,
    "has_wiki": false,
    "homepage": "https://pay.amazon.com/developer",
    "language": "Ruby",
    "open_issues": 8,
    "open_issues_count": 8,
    "size": 92,
    "stargazers_count": 56,
    "subscribers_count": 36,
    "watchers": 56,
    "watchers_count": 56,
    "first_commit": "2017-02-23T23:00:22",
    "last_commit": "2021-03-23T06:59:55",
    "branches_count": 3,
    "commit_comments_count": 1,
    "commits_count": 16,
    "countributors_count": 5,
    "downloads_count": 0,
    "events_count": 7,
    "issues_count": 8,
    "labels_count": 7,
    "milestones_count": 0,
    "PR_count": 14,
    "open_PR_count": 3,
    "readme_size": 14785,
    "release_count": 12,
    "topic_count": 0,
    "15_commits": 0,
    "16_commits": 0,
    "17_commits": 1,
    "18_commits": 11,
    "19_commits": 2,
    "20_commits": 0,
    "21_commits": 2,
    "22_commits": 0,
    "15_committer_num": 0,
    "16_committer_num": 0,
    "17_committer_num": 1,
    "18_committer_num": 3,
    "19_committer_num": 1,
    "20_committer_num": 0,
    "21_committer_num": 0,
    "22_committer_num": 0
}{
    "stargazer_date": {
        "9954942": "2015-01-26T19:05:32",
        "9827021": "2015-02-12T00:33:41",
        "1878936": "2015-04-16T19:54:06",
        "9734109": "2015-04-22T19:56:45",
        "224854": "2015-06-03T18:18:15",
        "2882": "2015-06-04T05:26:13",
        "3360621": "2015-07-08T16:26:01",
        "1384271": "2016-01-02T02:30:01",
        "2994674": "2016-02-22T07:04:11",
        "87462": "2016-03-04T18:03:06",
        "232224": "2016-03-26T03:07:29",
        "992552": "2016-04-15T08:39:43",
        "831744": "2016-04-22T21:30:24",
        "97426": "2016-04-30T03:12:19",
        "4629959": "2016-05-16T11:15:50",
        "11136382": "2016-05-27T21:04:12",
        "7892834": "2016-06-12T07:26:13",
        "352030": "2016-08-21T14:06:50",
        "21133757": "2016-11-01T21:11:09",
        "7437986": "2016-12-12T06:58:01",
        "4110563": "2016-12-14T01:15:10",
        "9249436": "2016-12-19T10:12:54",
        "2803040": "2017-02-08T09:42:52",
        "1120253": "2017-05-19T23:56:26",
        "86240": "2017-05-22T11:22:24",
        "653915": "2017-06-02T08:03:27",
        "593237": "2017-07-16T15:46:38",
        "8839280": "2017-07-25T03:56:49",
        "87799": "2017-08-01T07:41:50",
        "2446523": "2017-09-20T15:18:52",
        "16575192": "2017-11-27T00:36:15",
        "1252612": "2017-12-20T20:28:59",
        "26919024": "2018-01-07T05:53:00",
        "35281808": "2018-01-10T22:21:33",
        "758704": "2018-03-12T03:31:47",
        "15922514": "2018-04-26T14:11:27",
        "16635045": "2018-05-04T09:25:16",
        "1383096": "2018-05-25T21:02:20",
        "1000669": "2018-06-05T04:50:26",
        "1027909": "2018-07-28T18:55:44",
        "491513": "2018-08-02T17:40:15",
        "19238591": "2018-08-20T06:20:49",
        "3191949": "2018-08-22T11:15:11",
        "15371677": "2018-09-29T22:11:37",
        "333723": "2019-03-15T01:34:34",
        "5253640": "2019-04-19T07:07:38",
        "42984807": "2019-06-05T17:46:13",
        "1596655": "2019-07-02T02:28:40",
        "39709016": "2019-09-26T17:40:51",
        "58469781": "2020-01-16T10:11:29",
        "58923415": "2020-03-20T06:10:58",
        "9933677": "2020-07-31T06:16:44",
        "15084819": "2021-02-20T12:50:18",
        "70458154": "2021-07-10T08:34:01",
        "78850": "2022-11-17T03:47:48",
        "86053220": "2023-02-06T02:53:11"
    }
}[
    {
        "GHA": {}
    },
    {
        "Travis": []
    },
    {
        "CircleCI": []
    },
    {
        "AppVeyor": []
    },
    {
        "Azure": []
    },
    {
        "GitLab": []
    },
    {
        "Jenkins": []
    }
]