{
    "id": 306709802,
    "name": "credence-to-causal-estimation",
    "full_name": "amzn/credence-to-causal-estimation",
    "org_name": "Amazon",
    "org_id": 8594673,
    "created_at": "2020-10-23T17:56:33",
    "pushed_at": "2021-08-25T05:03:55",
    "updated_at": "2023-02-17T01:47:26",
    "isFork": false,
    "forks": 14,
    "forks_count": 14,
    "has_downloads": true,
    "has_issues": true,
    "has_pages": false,
    "has_projects": true,
    "has_wiki": true,
    "homepage": "",
    "language": "Python",
    "open_issues": 1,
    "open_issues_count": 1,
    "size": 3111,
    "stargazers_count": 20,
    "subscribers_count": 5,
    "watchers": 20,
    "watchers_count": 20,
    "first_commit": "2020-10-23T17:56:36",
    "last_commit": "2021-08-25T05:03:50",
    "branches_count": 7,
    "commit_comments_count": 0,
    "commits_count": 10,
    "countributors_count": 2,
    "downloads_count": 0,
    "events_count": 3,
    "issues_count": 1,
    "labels_count": 9,
    "milestones_count": 0,
    "PR_count": 1,
    "open_PR_count": 0,
    "readme_size": 3262,
    "release_count": 0,
    "topic_count": 1,
    "15_commits": 0,
    "16_commits": 0,
    "17_commits": 0,
    "18_commits": 0,
    "19_commits": 0,
    "20_commits": 7,
    "21_commits": 3,
    "22_commits": 0,
    "15_committer_num": 0,
    "16_committer_num": 0,
    "17_committer_num": 0,
    "18_committer_num": 0,
    "19_committer_num": 0,
    "20_committer_num": 2,
    "21_committer_num": 0,
    "22_committer_num": 0
}{
    "stargazer_date": {
        "3045407": "2021-01-24T00:31:29",
        "10189218": "2021-03-18T18:36:26",
        "601901": "2021-03-21T23:11:23",
        "1171015": "2021-04-03T15:23:19",
        "37110263": "2021-04-03T18:36:06",
        "17913919": "2021-04-25T02:41:23",
        "18707623": "2021-04-29T17:48:29",
        "262165": "2021-05-04T02:45:41",
        "1395294": "2021-05-19T15:47:28",
        "22121273": "2021-05-20T15:54:31",
        "37833392": "2021-06-25T11:00:39",
        "70458154": "2021-07-10T08:33:44",
        "12880151": "2021-07-26T10:58:41",
        "2122571": "2021-08-27T14:47:44",
        "37744425": "2021-12-17T18:36:33",
        "25883607": "2021-12-17T22:11:46",
        "19407496": "2022-02-06T10:20:40",
        "47318013": "2022-04-18T17:43:57",
        "7754394": "2022-10-14T17:26:52",
        "16698568": "2023-02-17T01:47:26"
    }
}[
    {
        "GHA": {}
    },
    {
        "Travis": []
    },
    {
        "CircleCI": []
    },
    {
        "AppVeyor": []
    },
    {
        "Azure": []
    },
    {
        "GitLab": []
    },
    {
        "Jenkins": []
    }
]