{
    "id": 307377926,
    "name": "amzn-ec2-ena-utilities",
    "full_name": "amzn/amzn-ec2-ena-utilities",
    "org_name": "Amazon",
    "org_id": 8594673,
    "created_at": "2020-10-26T13:15:33",
    "pushed_at": "2021-11-03T10:26:40",
    "updated_at": "2022-11-27T13:13:29",
    "isFork": false,
    "forks": 6,
    "forks_count": 6,
    "has_downloads": true,
    "has_issues": true,
    "has_pages": false,
    "has_projects": true,
    "has_wiki": true,
    "homepage": null,
    "language": "Python",
    "open_issues": 1,
    "open_issues_count": 1,
    "size": 405,
    "stargazers_count": 9,
    "subscribers_count": 10,
    "watchers": 9,
    "watchers_count": 9,
    "first_commit": "2020-10-26T13:15:36",
    "last_commit": "2021-11-03T10:22:49",
    "branches_count": 1,
    "commit_comments_count": 0,
    "commits_count": 9,
    "countributors_count": 2,
    "downloads_count": 0,
    "events_count": 13,
    "issues_count": 1,
    "labels_count": 9,
    "milestones_count": 0,
    "PR_count": 0,
    "open_PR_count": 0,
    "readme_size": 368,
    "release_count": 0,
    "topic_count": 0,
    "15_commits": 0,
    "16_commits": 0,
    "17_commits": 0,
    "18_commits": 0,
    "19_commits": 0,
    "20_commits": 6,
    "21_commits": 3,
    "22_commits": 0,
    "15_committer_num": 0,
    "16_committer_num": 0,
    "17_committer_num": 0,
    "18_committer_num": 0,
    "19_committer_num": 0,
    "20_committer_num": 1,
    "21_committer_num": 1,
    "22_committer_num": 0
}{
    "stargazer_date": {
        "37025016": "2021-04-29T05:23:56",
        "53052271": "2021-04-29T05:45:30",
        "65345580": "2021-04-29T05:56:49",
        "26633483": "2021-04-29T06:33:21",
        "70458154": "2021-07-10T08:34:35",
        "69871845": "2022-03-23T02:26:55",
        "872568": "2022-04-18T07:14:15",
        "79409653": "2022-07-22T20:51:06",
        "14247193": "2022-11-27T13:13:29"
    }
}[
    {
        "GHA": {}
    },
    {
        "Travis": []
    },
    {
        "CircleCI": []
    },
    {
        "AppVeyor": []
    },
    {
        "Azure": []
    },
    {
        "GitLab": []
    },
    {
        "Jenkins": []
    }
]