{
    "id": 313293017,
    "name": "aws-apigateway-client-lib",
    "full_name": "amzn/aws-apigateway-client-lib",
    "org_name": "Amazon",
    "org_id": 8594673,
    "created_at": "2020-11-16T12:20:29",
    "pushed_at": "2020-11-16T13:02:56",
    "updated_at": "2021-12-06T02:17:49",
    "isFork": false,
    "forks": 5,
    "forks_count": 5,
    "has_downloads": true,
    "has_issues": true,
    "has_pages": false,
    "has_projects": true,
    "has_wiki": true,
    "homepage": null,
    "language": null,
    "open_issues": 0,
    "open_issues_count": 0,
    "size": 23,
    "stargazers_count": 2,
    "subscribers_count": 4,
    "watchers": 2,
    "watchers_count": 2,
    "first_commit": "2020-07-16T05:10:48",
    "last_commit": "2020-11-16T13:01:01",
    "branches_count": 2,
    "commit_comments_count": 0,
    "commits_count": 5,
    "countributors_count": 1,
    "downloads_count": 0,
    "events_count": 0,
    "issues_count": 0,
    "labels_count": 9,
    "milestones_count": 0,
    "PR_count": 0,
    "open_PR_count": 0,
    "readme_size": 1048,
    "release_count": 0,
    "topic_count": 0,
    "15_commits": 0,
    "16_commits": 0,
    "17_commits": 0,
    "18_commits": 0,
    "19_commits": 0,
    "20_commits": 5,
    "21_commits": 0,
    "22_commits": 0,
    "15_committer_num": 0,
    "16_committer_num": 0,
    "17_committer_num": 0,
    "18_committer_num": 0,
    "19_committer_num": 0,
    "20_committer_num": 1,
    "21_committer_num": 0,
    "22_committer_num": 0
}{
    "stargazer_date": {
        "70458154": "2021-07-10T08:48:01"
    }
}[
    {
        "GHA": {}
    },
    {
        "Travis": []
    },
    {
        "CircleCI": []
    },
    {
        "AppVeyor": []
    },
    {
        "Azure": []
    },
    {
        "GitLab": []
    },
    {
        "Jenkins": []
    }
]