{
    "id": 313583267,
    "name": "sparse-vqvae",
    "full_name": "amzn/sparse-vqvae",
    "org_name": "Amazon",
    "org_id": 8594673,
    "created_at": "2020-11-17T10:26:05",
    "pushed_at": "2020-11-29T15:23:54",
    "updated_at": "2022-08-27T14:27:20",
    "isFork": false,
    "forks": 10,
    "forks_count": 10,
    "has_downloads": true,
    "has_issues": true,
    "has_pages": false,
    "has_projects": true,
    "has_wiki": true,
    "homepage": "",
    "language": "Python",
    "open_issues": 0,
    "open_issues_count": 0,
    "size": 66,
    "stargazers_count": 20,
    "subscribers_count": 5,
    "watchers": 20,
    "watchers_count": 20,
    "first_commit": "2020-11-17T10:26:08",
    "last_commit": "2020-11-29T15:23:53",
    "branches_count": 1,
    "commit_comments_count": 0,
    "commits_count": 5,
    "countributors_count": 3,
    "downloads_count": 0,
    "events_count": 0,
    "issues_count": 0,
    "labels_count": 9,
    "milestones_count": 0,
    "PR_count": 0,
    "open_PR_count": 0,
    "readme_size": 9021,
    "release_count": 0,
    "topic_count": 2,
    "15_commits": 0,
    "16_commits": 0,
    "17_commits": 0,
    "18_commits": 0,
    "19_commits": 0,
    "20_commits": 5,
    "21_commits": 0,
    "22_commits": 0,
    "15_committer_num": 0,
    "16_committer_num": 0,
    "17_committer_num": 0,
    "18_committer_num": 0,
    "19_committer_num": 0,
    "20_committer_num": 3,
    "21_committer_num": 0,
    "22_committer_num": 0
}{
    "stargazer_date": {
        "18657264": "2020-11-29T12:53:49",
        "63166449": "2020-12-04T05:34:40",
        "1417945": "2021-06-05T16:46:43",
        "70458154": "2021-07-10T08:46:37",
        "7424041": "2021-08-08T17:17:22",
        "6182540": "2021-08-11T10:16:16",
        "9556101": "2021-08-15T10:13:44",
        "29489977": "2021-10-30T13:07:24",
        "12425585": "2021-11-22T14:24:31",
        "7162458": "2021-11-23T12:52:08",
        "55070269": "2021-12-30T08:50:37",
        "17476642": "2022-01-07T15:56:53",
        "8847006": "2022-01-15T13:33:46",
        "11996763": "2022-02-21T21:43:45",
        "19226226": "2022-03-09T18:40:24",
        "8372098": "2022-07-08T06:04:17",
        "56097804": "2022-07-21T01:01:08",
        "43428393": "2022-07-22T03:39:07",
        "17018278": "2022-08-11T05:58:59",
        "110321163": "2022-08-27T14:27:20"
    }
}[
    {
        "GHA": {}
    },
    {
        "Travis": []
    },
    {
        "CircleCI": []
    },
    {
        "AppVeyor": []
    },
    {
        "Azure": []
    },
    {
        "GitLab": []
    },
    {
        "Jenkins": []
    }
]