{
    "id": 33279165,
    "name": "amazon-pay-sdk-samples",
    "full_name": "amzn/amazon-pay-sdk-samples",
    "org_name": "Amazon",
    "org_id": 8594673,
    "created_at": "2015-04-01T23:52:35",
    "pushed_at": "2020-11-03T20:16:27",
    "updated_at": "2022-10-28T07:26:49",
    "isFork": false,
    "forks": 34,
    "forks_count": 34,
    "has_downloads": true,
    "has_issues": true,
    "has_pages": true,
    "has_projects": true,
    "has_wiki": false,
    "homepage": "",
    "language": "PHP",
    "open_issues": 10,
    "open_issues_count": 10,
    "size": 4573,
    "stargazers_count": 37,
    "subscribers_count": 40,
    "watchers": 37,
    "watchers_count": 37,
    "first_commit": "2015-04-01T23:52:35",
    "last_commit": "2020-02-24T19:56:42",
    "branches_count": 4,
    "commit_comments_count": 0,
    "commits_count": 49,
    "countributors_count": 11,
    "downloads_count": 0,
    "events_count": 0,
    "issues_count": 10,
    "labels_count": 7,
    "milestones_count": 0,
    "PR_count": 11,
    "open_PR_count": 2,
    "readme_size": 566,
    "release_count": 0,
    "topic_count": 0,
    "15_commits": 20,
    "16_commits": 6,
    "17_commits": 13,
    "18_commits": 5,
    "19_commits": 4,
    "20_commits": 1,
    "21_commits": 0,
    "22_commits": 0,
    "15_committer_num": 2,
    "16_committer_num": 3,
    "17_committer_num": 5,
    "18_committer_num": 4,
    "19_committer_num": 1,
    "20_committer_num": 1,
    "21_committer_num": 0,
    "22_committer_num": 0
}{
    "stargazer_date": {
        "9734109": "2015-04-22T19:57:44",
        "9827021": "2015-05-04T16:50:32",
        "1878936": "2015-05-20T18:34:54",
        "3978513": "2015-10-29T20:09:15",
        "1192922": "2016-02-09T07:39:29",
        "2994674": "2016-02-22T07:03:50",
        "10492153": "2016-08-08T15:36:28",
        "12526255": "2016-09-01T14:32:41",
        "12057821": "2016-11-10T22:56:30",
        "7418": "2016-11-27T00:44:28",
        "14163753": "2017-03-07T17:53:57",
        "1255516": "2017-05-22T10:14:30",
        "20235339": "2017-06-16T18:54:20",
        "10293827": "2017-07-12T08:07:10",
        "12926003": "2017-07-27T20:04:24",
        "13251600": "2017-10-28T03:45:43",
        "42620": "2017-10-29T11:57:45",
        "24926086": "2018-01-02T23:58:24",
        "8183620": "2018-07-10T21:04:20",
        "491513": "2018-08-02T17:40:30",
        "1776577": "2018-08-12T08:03:33",
        "1464256": "2018-08-16T06:08:52",
        "17621509": "2019-03-05T08:42:48",
        "26553392": "2019-03-08T14:56:22",
        "333723": "2019-03-15T01:33:36",
        "3462857": "2019-04-11T12:53:59",
        "42984807": "2019-06-05T17:48:34",
        "433871": "2019-08-19T16:57:35",
        "48643": "2019-09-25T03:47:46",
        "58469781": "2020-01-16T10:11:38",
        "61039255": "2020-02-17T04:41:38",
        "9933677": "2020-07-31T06:14:03",
        "74238064": "2021-01-14T09:56:31",
        "7510974": "2021-02-14T14:13:04",
        "70458154": "2021-07-10T08:49:39",
        "5851606": "2022-07-20T17:09:32",
        "22922071": "2022-10-28T07:26:49"
    }
}[
    {
        "GHA": {}
    },
    {
        "Travis": []
    },
    {
        "CircleCI": []
    },
    {
        "AppVeyor": []
    },
    {
        "Azure": []
    },
    {
        "GitLab": []
    },
    {
        "Jenkins": []
    }
]