{
    "id": 336979276,
    "name": "golang-gitoperations",
    "full_name": "amzn/golang-gitoperations",
    "org_name": "Amazon",
    "org_id": 8594673,
    "created_at": "2021-02-08T06:19:14",
    "pushed_at": "2021-02-23T01:30:27",
    "updated_at": "2022-08-18T06:48:50",
    "isFork": false,
    "forks": 5,
    "forks_count": 5,
    "has_downloads": true,
    "has_issues": true,
    "has_pages": false,
    "has_projects": true,
    "has_wiki": true,
    "homepage": null,
    "language": "Go",
    "open_issues": 0,
    "open_issues_count": 0,
    "size": 16,
    "stargazers_count": 5,
    "subscribers_count": 5,
    "watchers": 5,
    "watchers_count": 5,
    "first_commit": "2021-02-08T06:19:17",
    "last_commit": "2021-02-21T16:57:17",
    "branches_count": 1,
    "commit_comments_count": 0,
    "commits_count": 6,
    "countributors_count": 1,
    "downloads_count": 0,
    "events_count": 0,
    "issues_count": 0,
    "labels_count": 9,
    "milestones_count": 0,
    "PR_count": 0,
    "open_PR_count": 0,
    "readme_size": 797,
    "release_count": 0,
    "topic_count": 0,
    "15_commits": 0,
    "16_commits": 0,
    "17_commits": 0,
    "18_commits": 0,
    "19_commits": 0,
    "20_commits": 0,
    "21_commits": 6,
    "22_commits": 0,
    "15_committer_num": 0,
    "16_committer_num": 0,
    "17_committer_num": 0,
    "18_committer_num": 0,
    "19_committer_num": 0,
    "20_committer_num": 0,
    "21_committer_num": 1,
    "22_committer_num": 0
}{
    "stargazer_date": {
        "30059": "2021-02-11T01:54:55",
        "7500251": "2021-02-12T04:00:32",
        "70458154": "2021-07-10T08:42:57",
        "278414": "2022-01-22T07:52:59",
        "7019092": "2022-08-18T06:48:50"
    }
}[
    {
        "GHA": {}
    },
    {
        "Travis": []
    },
    {
        "CircleCI": []
    },
    {
        "AppVeyor": []
    },
    {
        "Azure": []
    },
    {
        "GitLab": []
    },
    {
        "Jenkins": []
    }
]