{
    "id": 360592248,
    "name": "explainable-text-vqa",
    "full_name": "amzn/explainable-text-vqa",
    "org_name": "Amazon",
    "org_id": 8594673,
    "created_at": "2021-04-22T16:52:53",
    "pushed_at": "2021-06-02T15:53:08",
    "updated_at": "2022-10-28T17:02:14",
    "isFork": false,
    "forks": 5,
    "forks_count": 5,
    "has_downloads": true,
    "has_issues": true,
    "has_pages": false,
    "has_projects": true,
    "has_wiki": true,
    "homepage": null,
    "language": null,
    "open_issues": 2,
    "open_issues_count": 2,
    "size": 14244,
    "stargazers_count": 8,
    "subscribers_count": 3,
    "watchers": 8,
    "watchers_count": 8,
    "first_commit": "2021-04-22T16:52:55",
    "last_commit": "2021-06-02T15:52:46",
    "branches_count": 1,
    "commit_comments_count": 0,
    "commits_count": 4,
    "countributors_count": 1,
    "downloads_count": 0,
    "events_count": 0,
    "issues_count": 2,
    "labels_count": 9,
    "milestones_count": 0,
    "PR_count": 0,
    "open_PR_count": 0,
    "readme_size": 1641,
    "release_count": 0,
    "topic_count": 0,
    "15_commits": 0,
    "16_commits": 0,
    "17_commits": 0,
    "18_commits": 0,
    "19_commits": 0,
    "20_commits": 0,
    "21_commits": 4,
    "22_commits": 0,
    "15_committer_num": 0,
    "16_committer_num": 0,
    "17_committer_num": 0,
    "18_committer_num": 0,
    "19_committer_num": 0,
    "20_committer_num": 0,
    "21_committer_num": 1,
    "22_committer_num": 0
}{
    "stargazer_date": {
        "6558572": "2021-05-09T01:02:52",
        "5874226": "2021-05-18T01:58:31",
        "18963158": "2021-06-06T02:18:05",
        "70458154": "2021-07-10T08:31:49",
        "21120604": "2021-09-24T20:43:44",
        "41103695": "2021-12-02T13:29:50",
        "29777165": "2022-02-27T11:12:00",
        "16069913": "2022-05-29T09:53:49"
    }
}[
    {
        "GHA": {}
    },
    {
        "Travis": []
    },
    {
        "CircleCI": []
    },
    {
        "AppVeyor": []
    },
    {
        "Azure": []
    },
    {
        "GitLab": []
    },
    {
        "Jenkins": []
    }
]