{
    "id": 361620746,
    "name": "zero-shot-rlhr",
    "full_name": "amzn/zero-shot-rlhr",
    "org_name": "Amazon",
    "org_id": 8594673,
    "created_at": "2021-04-26T04:49:11",
    "pushed_at": "2021-04-26T05:39:00",
    "updated_at": "2023-03-08T11:29:36",
    "isFork": false,
    "forks": 13,
    "forks_count": 13,
    "has_downloads": true,
    "has_issues": true,
    "has_pages": false,
    "has_projects": true,
    "has_wiki": true,
    "homepage": null,
    "language": "Python",
    "open_issues": 1,
    "open_issues_count": 1,
    "size": 119,
    "stargazers_count": 42,
    "subscribers_count": 7,
    "watchers": 42,
    "watchers_count": 42,
    "first_commit": "2021-04-26T04:49:12",
    "last_commit": "2021-04-26T05:39:00",
    "branches_count": 1,
    "commit_comments_count": 0,
    "commits_count": 3,
    "countributors_count": 3,
    "downloads_count": 0,
    "events_count": 3,
    "issues_count": 1,
    "labels_count": 9,
    "milestones_count": 0,
    "PR_count": 0,
    "open_PR_count": 0,
    "readme_size": 6504,
    "release_count": 0,
    "topic_count": 0,
    "15_commits": 0,
    "16_commits": 0,
    "17_commits": 0,
    "18_commits": 0,
    "19_commits": 0,
    "20_commits": 0,
    "21_commits": 3,
    "22_commits": 0,
    "15_committer_num": 0,
    "16_committer_num": 0,
    "17_committer_num": 0,
    "18_committer_num": 0,
    "19_committer_num": 0,
    "20_committer_num": 0,
    "21_committer_num": 3,
    "22_committer_num": 0
}{
    "stargazer_date": {
        "8596775": "2021-04-26T05:50:15",
        "29071052": "2021-04-26T06:14:00",
        "43170043": "2021-04-27T09:52:35",
        "50439347": "2021-04-27T13:51:38",
        "17613985": "2021-04-28T02:04:45",
        "14258051": "2021-04-28T20:02:30",
        "17514579": "2021-04-29T02:02:42",
        "6972283": "2021-04-29T07:16:20",
        "48306199": "2021-04-29T08:11:01",
        "33591386": "2021-04-29T08:41:55",
        "31235529": "2021-04-29T09:20:38",
        "12071805": "2021-04-29T09:23:54",
        "3602220": "2021-04-29T09:32:24",
        "9078335": "2021-04-29T13:43:00",
        "19567683": "2021-04-29T14:01:48",
        "8794159": "2021-05-05T07:24:16",
        "120500": "2021-05-07T21:08:04",
        "68498490": "2021-05-24T14:17:42",
        "29108275": "2021-06-24T20:13:55",
        "65371982": "2021-07-03T10:34:03",
        "70458154": "2021-07-10T08:34:53",
        "22066983": "2021-08-10T03:42:29",
        "11925255": "2021-08-12T08:46:11",
        "931887": "2021-08-15T21:37:45",
        "20845117": "2021-08-16T11:37:37",
        "41107450": "2021-08-17T08:13:36",
        "32632186": "2021-10-06T11:22:07",
        "23032865": "2021-10-19T20:39:18",
        "4735784": "2021-10-21T22:25:51",
        "7103453": "2021-11-22T03:47:43",
        "60057336": "2021-11-30T06:36:43",
        "2386239": "2022-01-06T13:34:59",
        "8588586": "2022-02-27T13:07:38",
        "19247759": "2022-03-01T09:42:43",
        "85154700": "2022-03-04T09:23:49",
        "61669825": "2022-03-17T12:41:26",
        "71744503": "2022-07-06T02:02:12",
        "35456851": "2022-09-02T11:05:41",
        "78953239": "2022-11-19T14:04:16",
        "40078041": "2023-02-14T06:12:47",
        "12570513": "2023-02-16T06:19:47",
        "43029437": "2023-03-08T11:29:36"
    }
}[
    {
        "GHA": {}
    },
    {
        "Travis": []
    },
    {
        "CircleCI": []
    },
    {
        "AppVeyor": []
    },
    {
        "Azure": []
    },
    {
        "GitLab": []
    },
    {
        "Jenkins": []
    }
]