{
    "id": 364360221,
    "name": "ion-object-mapper-dotnet",
    "full_name": "amzn/ion-object-mapper-dotnet",
    "org_name": "Amazon",
    "org_id": 8594673,
    "created_at": "2021-05-04T19:10:41",
    "pushed_at": "2022-01-19T20:53:08",
    "updated_at": "2022-08-20T01:46:08",
    "isFork": false,
    "forks": 10,
    "forks_count": 10,
    "has_downloads": true,
    "has_issues": true,
    "has_pages": false,
    "has_projects": true,
    "has_wiki": true,
    "homepage": null,
    "language": "C#",
    "open_issues": 10,
    "open_issues_count": 10,
    "size": 394,
    "stargazers_count": 5,
    "subscribers_count": 9,
    "watchers": 5,
    "watchers_count": 5,
    "first_commit": "2021-06-24T16:12:15",
    "last_commit": "2022-01-19T20:29:06",
    "branches_count": 4,
    "commit_comments_count": 4,
    "commits_count": 277,
    "countributors_count": 10,
    "downloads_count": 0,
    "events_count": 3,
    "issues_count": 10,
    "labels_count": 9,
    "milestones_count": 0,
    "PR_count": 57,
    "open_PR_count": 1,
    "readme_size": 2310,
    "release_count": 4,
    "topic_count": 0,
    "15_commits": 0,
    "16_commits": 0,
    "17_commits": 0,
    "18_commits": 0,
    "19_commits": 0,
    "20_commits": 0,
    "21_commits": 270,
    "22_commits": 7,
    "15_committer_num": 0,
    "16_committer_num": 0,
    "17_committer_num": 0,
    "18_committer_num": 0,
    "19_committer_num": 0,
    "20_committer_num": 0,
    "21_committer_num": 10,
    "22_committer_num": 3
}{
    "stargazer_date": {
        "8580525": "2021-06-19T22:15:17",
        "70458154": "2021-07-10T08:01:55",
        "10833580": "2021-08-12T00:43:41",
        "203744": "2022-08-20T01:46:08"
    }
}[
    {
        "GHA": [
            {
                "file_name": ".github/workflows/codeql-analysis.yml",
                "commit_date": "2021-07-13T20:11:37",
                "status": "added",
                "first_commit": "2021-07-13T20:11:37",
                "last_commit": "2021-07-13T20:11:37",
                "CI_type": "GHA",
                "sha": "05d9c6cb050f6ea4845fc4770b83446c0fc606df"
            },
            {
                "file_name": ".github/workflows/release.yml",
                "commit_date": "2022-01-19T20:29:06",
                "status": "modified",
                "first_commit": "2021-07-23T17:54:28",
                "last_commit": "2022-01-19T20:29:06",
                "CI_type": "GHA",
                "sha": "ebe57142801d3992993f13ac5e4193ac3d350784"
            },
            {
                "file_name": ".github/workflows/release.yml",
                "commit_date": "2021-09-07T21:28:17",
                "status": "modified",
                "first_commit": "2021-07-23T17:54:28",
                "last_commit": "2022-01-19T20:29:06",
                "CI_type": "GHA",
                "sha": "8bb431cb4e0c3780615e99654988d69a4663514f"
            },
            {
                "file_name": ".github/workflows/release.yml",
                "commit_date": "2021-07-23T17:54:28",
                "status": "added",
                "first_commit": "2021-07-23T17:54:28",
                "last_commit": "2022-01-19T20:29:06",
                "CI_type": "GHA",
                "sha": "917ef777fa5c865075a251d640be4c67c0f341ac"
            },
            {
                "file_name": ".github/workflows/test.yml",
                "commit_date": "2021-06-22T21:14:42",
                "status": "removed",
                "first_commit": "2021-04-19T22:24:00",
                "last_commit": "2021-06-22T21:14:42",
                "CI_type": "GHA",
                "sha": "5c2d8772610869410827292de83b59f95cabe20c"
            },
            {
                "file_name": ".github/workflows/test.yml",
                "commit_date": "2021-04-19T22:26:18",
                "status": "modified",
                "first_commit": "2021-04-19T22:24:00",
                "last_commit": "2021-06-22T21:14:42",
                "CI_type": "GHA",
                "sha": "8939a845f2bc9fbed29cb7168f5c005b760adf40"
            },
            {
                "file_name": ".github/workflows/test.yml",
                "commit_date": "2021-04-19T22:24:00",
                "status": "added",
                "first_commit": "2021-04-19T22:24:00",
                "last_commit": "2021-06-22T21:14:42",
                "CI_type": "GHA",
                "sha": "5bf92ffe2a211b5cd6ca9a138dfbd16c938e9c0d"
            },
            {
                "file_name": ".github/workflows/build.yml",
                "commit_date": "2021-09-07T21:28:17",
                "status": "modified",
                "first_commit": "2021-06-22T21:14:42",
                "last_commit": "2021-09-07T21:28:17",
                "CI_type": "GHA",
                "sha": "8bb431cb4e0c3780615e99654988d69a4663514f"
            },
            {
                "file_name": ".github/workflows/build.yml",
                "commit_date": "2021-06-30T18:01:57",
                "status": "modified",
                "first_commit": "2021-06-22T21:14:42",
                "last_commit": "2021-09-07T21:28:17",
                "CI_type": "GHA",
                "sha": "d1d3f5b2d5e6561925ee5296b531a6ecd23c2cbd"
            },
            {
                "file_name": ".github/workflows/build.yml",
                "commit_date": "2021-06-22T21:14:42",
                "status": "added",
                "first_commit": "2021-06-22T21:14:42",
                "last_commit": "2021-09-07T21:28:17",
                "CI_type": "GHA",
                "sha": "5c2d8772610869410827292de83b59f95cabe20c"
            }
        ]
    },
    {
        "Travis": []
    },
    {
        "CircleCI": []
    },
    {
        "AppVeyor": []
    },
    {
        "Azure": []
    },
    {
        "GitLab": []
    },
    {
        "Jenkins": []
    }
]