{
    "id": 36835278,
    "name": "amazon-instant-access-sdk-php",
    "full_name": "amzn/amazon-instant-access-sdk-php",
    "org_name": "Amazon",
    "org_id": 8594673,
    "created_at": "2015-06-03T22:58:39",
    "pushed_at": "2018-03-14T22:43:19",
    "updated_at": "2022-11-27T13:04:40",
    "isFork": false,
    "forks": 20,
    "forks_count": 20,
    "has_downloads": true,
    "has_issues": true,
    "has_pages": false,
    "has_projects": true,
    "has_wiki": false,
    "homepage": null,
    "language": "PHP",
    "open_issues": 2,
    "open_issues_count": 2,
    "size": 52,
    "stargazers_count": 13,
    "subscribers_count": 9,
    "watchers": 13,
    "watchers_count": 13,
    "first_commit": "2015-06-03T22:58:39",
    "last_commit": "2018-03-14T22:43:18",
    "branches_count": 1,
    "commit_comments_count": 0,
    "commits_count": 8,
    "countributors_count": 3,
    "downloads_count": 0,
    "events_count": 0,
    "issues_count": 2,
    "labels_count": 7,
    "milestones_count": 0,
    "PR_count": 3,
    "open_PR_count": 1,
    "readme_size": 338,
    "release_count": 2,
    "topic_count": 0,
    "15_commits": 3,
    "16_commits": 2,
    "17_commits": 1,
    "18_commits": 2,
    "19_commits": 0,
    "20_commits": 0,
    "21_commits": 0,
    "22_commits": 0,
    "15_committer_num": 2,
    "16_committer_num": 1,
    "17_committer_num": 0,
    "18_committer_num": 2,
    "19_committer_num": 0,
    "20_committer_num": 0,
    "21_committer_num": 0,
    "22_committer_num": 0
}{
    "stargazer_date": {
        "5242269": "2016-05-25T15:40:34",
        "409634": "2016-08-31T01:25:22",
        "5769420": "2016-10-08T10:44:25",
        "22985054": "2017-01-17T17:08:37",
        "25119778": "2017-03-04T19:57:23",
        "7368491": "2017-07-06T21:35:12",
        "491513": "2018-08-02T17:40:40",
        "5495692": "2018-09-19T21:31:44",
        "42984807": "2019-06-05T17:49:58",
        "452143": "2019-06-16T21:45:19",
        "9933677": "2020-07-31T06:21:29",
        "70458154": "2021-07-10T13:32:13",
        "14247193": "2022-11-27T13:04:40"
    }
}[
    {
        "GHA": {}
    },
    {
        "Travis": []
    },
    {
        "CircleCI": []
    },
    {
        "AppVeyor": []
    },
    {
        "Azure": []
    },
    {
        "GitLab": []
    },
    {
        "Jenkins": []
    }
]