{
    "id": 368813141,
    "name": "amazon-hub-support",
    "full_name": "amzn/amazon-hub-support",
    "org_name": "Amazon",
    "org_id": 8594673,
    "created_at": "2021-05-19T09:24:57",
    "pushed_at": "2022-09-07T15:26:02",
    "updated_at": "2023-03-07T23:54:28",
    "isFork": false,
    "forks": 7,
    "forks_count": 7,
    "has_downloads": true,
    "has_issues": true,
    "has_pages": true,
    "has_projects": true,
    "has_wiki": true,
    "homepage": null,
    "language": "PowerShell",
    "open_issues": 0,
    "open_issues_count": 0,
    "size": 969,
    "stargazers_count": 5,
    "subscribers_count": 2,
    "watchers": 5,
    "watchers_count": 5,
    "first_commit": "2021-05-19T09:24:59",
    "last_commit": "2022-09-07T15:25:17",
    "branches_count": 2,
    "commit_comments_count": 0,
    "commits_count": 54,
    "countributors_count": 2,
    "downloads_count": 0,
    "events_count": 1,
    "issues_count": 0,
    "labels_count": 9,
    "milestones_count": 0,
    "PR_count": 0,
    "open_PR_count": 0,
    "readme_size": 126,
    "release_count": 0,
    "topic_count": 0,
    "15_commits": 0,
    "16_commits": 0,
    "17_commits": 0,
    "18_commits": 0,
    "19_commits": 0,
    "20_commits": 0,
    "21_commits": 44,
    "22_commits": 10,
    "15_committer_num": 0,
    "16_committer_num": 0,
    "17_committer_num": 0,
    "18_committer_num": 0,
    "19_committer_num": 0,
    "20_committer_num": 0,
    "21_committer_num": 2,
    "22_committer_num": 1
}{
    "stargazer_date": {
        "82630693": "2021-07-06T21:04:08",
        "70458154": "2021-07-10T08:08:03",
        "39141616": "2021-08-15T21:57:24",
        "127110146": "2023-03-07T23:54:28"
    }
}[
    {
        "GHA": {}
    },
    {
        "Travis": [
            {
                "file_name": "/.travis.yml",
                "commit_date": "2021-05-19T09:36:33",
                "status": "added",
                "first_commit": "2021-05-19T09:36:33",
                "last_commit": "2021-05-19T09:36:33",
                "CI_type": "Travis",
                "sha": "4a50be1268e5ab55bf48ea2b678052b150881e60"
            }
        ]
    },
    {
        "CircleCI": []
    },
    {
        "AppVeyor": []
    },
    {
        "Azure": []
    },
    {
        "GitLab": []
    },
    {
        "Jenkins": []
    }
]