{
    "id": 369409385,
    "name": "amigitenough",
    "full_name": "amzn/amigitenough",
    "org_name": "Amazon",
    "org_id": 8594673,
    "created_at": "2021-05-21T04:06:08",
    "pushed_at": "2021-05-21T04:41:17",
    "updated_at": "2021-12-06T02:02:33",
    "isFork": false,
    "forks": 5,
    "forks_count": 5,
    "has_downloads": true,
    "has_issues": true,
    "has_pages": false,
    "has_projects": true,
    "has_wiki": true,
    "homepage": null,
    "language": "Go",
    "open_issues": 0,
    "open_issues_count": 0,
    "size": 9,
    "stargazers_count": 3,
    "subscribers_count": 3,
    "watchers": 3,
    "watchers_count": 3,
    "first_commit": "2021-03-21T21:44:59",
    "last_commit": "2021-03-21T21:44:59",
    "branches_count": 1,
    "commit_comments_count": 0,
    "commits_count": 1,
    "countributors_count": 0,
    "downloads_count": 0,
    "events_count": 0,
    "issues_count": 0,
    "labels_count": 9,
    "milestones_count": 0,
    "PR_count": 0,
    "open_PR_count": 0,
    "readme_size": 2839,
    "release_count": 0,
    "topic_count": 0,
    "15_commits": 0,
    "16_commits": 0,
    "17_commits": 0,
    "18_commits": 0,
    "19_commits": 0,
    "20_commits": 0,
    "21_commits": 1,
    "22_commits": 0,
    "15_committer_num": 0,
    "16_committer_num": 0,
    "17_committer_num": 0,
    "18_committer_num": 0,
    "19_committer_num": 0,
    "20_committer_num": 0,
    "21_committer_num": 0,
    "22_committer_num": 0
}{
    "stargazer_date": {
        "70458154": "2021-07-10T08:33:20",
        "5762138": "2021-07-23T07:05:55"
    }
}[
    {
        "GHA": {}
    },
    {
        "Travis": []
    },
    {
        "CircleCI": []
    },
    {
        "AppVeyor": []
    },
    {
        "Azure": []
    },
    {
        "GitLab": []
    },
    {
        "Jenkins": []
    }
]