{
    "id": 371131214,
    "name": "halo-third-party-sdk-for-python",
    "full_name": "amzn/halo-third-party-sdk-for-python",
    "org_name": "Amazon",
    "org_id": 8594673,
    "created_at": "2021-05-26T18:21:45",
    "pushed_at": "2022-12-07T00:05:30",
    "updated_at": "2022-12-06T23:39:39",
    "isFork": false,
    "forks": 4,
    "forks_count": 4,
    "has_downloads": true,
    "has_issues": true,
    "has_pages": false,
    "has_projects": true,
    "has_wiki": true,
    "homepage": "",
    "language": "Python",
    "open_issues": 0,
    "open_issues_count": 0,
    "size": 46,
    "stargazers_count": 2,
    "subscribers_count": 4,
    "watchers": 2,
    "watchers_count": 2,
    "first_commit": "2021-05-26T18:21:46",
    "last_commit": "2022-12-06T23:30:08",
    "branches_count": 4,
    "commit_comments_count": 0,
    "commits_count": 8,
    "countributors_count": 3,
    "downloads_count": 0,
    "events_count": 7,
    "issues_count": 0,
    "labels_count": 9,
    "milestones_count": 0,
    "PR_count": 3,
    "open_PR_count": 0,
    "readme_size": 2975,
    "release_count": 2,
    "topic_count": 0,
    "15_commits": 0,
    "16_commits": 0,
    "17_commits": 0,
    "18_commits": 0,
    "19_commits": 0,
    "20_commits": 0,
    "21_commits": 3,
    "22_commits": 5,
    "15_committer_num": 0,
    "16_committer_num": 0,
    "17_committer_num": 0,
    "18_committer_num": 0,
    "19_committer_num": 0,
    "20_committer_num": 0,
    "21_committer_num": 3,
    "22_committer_num": 1
}{
    "stargazer_date": {
        "70458154": "2021-07-10T08:25:10",
        "22691632": "2022-01-21T19:10:21"
    }
}[
    {
        "GHA": [
            {
                "file_name": ".github/workflows/tox_tests.yml",
                "commit_date": "2021-05-27T21:08:48",
                "status": "added",
                "first_commit": "2021-05-27T21:08:48",
                "last_commit": "2021-05-27T21:08:48",
                "CI_type": "GHA",
                "sha": "f56644b0d65398090297d7aad9a22d1ca8901f8b"
            }
        ]
    },
    {
        "Travis": []
    },
    {
        "CircleCI": []
    },
    {
        "AppVeyor": []
    },
    {
        "Azure": []
    },
    {
        "GitLab": []
    },
    {
        "Jenkins": []
    }
]