{
    "id": 371130626,
    "name": "halo-third-party-sdk-for-java",
    "full_name": "amzn/halo-third-party-sdk-for-java",
    "org_name": "Amazon",
    "org_id": 8594673,
    "created_at": "2021-05-26T18:19:29",
    "pushed_at": "2022-12-07T00:04:59",
    "updated_at": "2022-12-06T23:39:21",
    "isFork": false,
    "forks": 3,
    "forks_count": 3,
    "has_downloads": true,
    "has_issues": true,
    "has_pages": false,
    "has_projects": true,
    "has_wiki": true,
    "homepage": "",
    "language": "Java",
    "open_issues": 0,
    "open_issues_count": 0,
    "size": 42,
    "stargazers_count": 3,
    "subscribers_count": 5,
    "watchers": 3,
    "watchers_count": 3,
    "first_commit": "2021-05-26T18:19:31",
    "last_commit": "2022-12-06T23:45:55",
    "branches_count": 4,
    "commit_comments_count": 0,
    "commits_count": 9,
    "countributors_count": 3,
    "downloads_count": 0,
    "events_count": 0,
    "issues_count": 0,
    "labels_count": 9,
    "milestones_count": 0,
    "PR_count": 3,
    "open_PR_count": 0,
    "readme_size": 1849,
    "release_count": 2,
    "topic_count": 0,
    "15_commits": 0,
    "16_commits": 0,
    "17_commits": 0,
    "18_commits": 0,
    "19_commits": 0,
    "20_commits": 0,
    "21_commits": 3,
    "22_commits": 6,
    "15_committer_num": 0,
    "16_committer_num": 0,
    "17_committer_num": 0,
    "18_committer_num": 0,
    "19_committer_num": 0,
    "20_committer_num": 0,
    "21_committer_num": 3,
    "22_committer_num": 1
}{
    "stargazer_date": {
        "70458154": "2021-07-10T08:24:41",
        "10148379": "2021-08-19T18:19:21",
        "55927613": "2022-03-30T19:24:08"
    }
}[
    {
        "GHA": [
            {
                "file_name": ".github/workflows/halo-third-party-sdk-unit-test.yml",
                "commit_date": "2021-05-26T23:46:49",
                "status": "added",
                "first_commit": "2021-05-26T23:46:49",
                "last_commit": "2021-05-26T23:46:49",
                "CI_type": "GHA",
                "sha": "71e83d1ab690ce976d7b550afd1d9b7a97d589b4"
            }
        ]
    },
    {
        "Travis": []
    },
    {
        "CircleCI": []
    },
    {
        "AppVeyor": []
    },
    {
        "Azure": []
    },
    {
        "GitLab": []
    },
    {
        "Jenkins": []
    }
]