{
    "id": 371129221,
    "name": "halo-third-party-sdk-for-node-js",
    "full_name": "amzn/halo-third-party-sdk-for-node-js",
    "org_name": "Amazon",
    "org_id": 8594673,
    "created_at": "2021-05-26T18:13:35",
    "pushed_at": "2023-01-04T19:10:43",
    "updated_at": "2023-02-06T19:12:41",
    "isFork": false,
    "forks": 4,
    "forks_count": 4,
    "has_downloads": true,
    "has_issues": true,
    "has_pages": false,
    "has_projects": true,
    "has_wiki": true,
    "homepage": "",
    "language": "TypeScript",
    "open_issues": 0,
    "open_issues_count": 0,
    "size": 42,
    "stargazers_count": 5,
    "subscribers_count": 4,
    "watchers": 5,
    "watchers_count": 5,
    "first_commit": "2021-05-26T18:13:37",
    "last_commit": "2023-01-04T18:58:31",
    "branches_count": 5,
    "commit_comments_count": 0,
    "commits_count": 12,
    "countributors_count": 3,
    "downloads_count": 0,
    "events_count": 8,
    "issues_count": 0,
    "labels_count": 9,
    "milestones_count": 0,
    "PR_count": 9,
    "open_PR_count": 0,
    "readme_size": 1770,
    "release_count": 3,
    "topic_count": 0,
    "15_commits": 0,
    "16_commits": 0,
    "17_commits": 0,
    "18_commits": 0,
    "19_commits": 0,
    "20_commits": 0,
    "21_commits": 4,
    "22_commits": 6,
    "15_committer_num": 0,
    "16_committer_num": 0,
    "17_committer_num": 0,
    "18_committer_num": 0,
    "19_committer_num": 0,
    "20_committer_num": 0,
    "21_committer_num": 3,
    "22_committer_num": 1
}{
    "stargazer_date": {
        "70458154": "2021-07-10T08:24:11",
        "10148379": "2021-08-19T18:19:29",
        "2166312": "2021-12-05T17:41:24",
        "3235047": "2021-12-16T21:44:46"
    }
}[
    {
        "GHA": [
            {
                "file_name": ".github/workflows/halo-third-party-sdk-unit-test.yml",
                "commit_date": "2021-05-26T20:20:59",
                "status": "added",
                "first_commit": "2021-05-26T20:20:59",
                "last_commit": "2021-05-26T20:20:59",
                "CI_type": "GHA",
                "sha": "fbe002563847bcc9aeddbf734c43b42c144674d6"
            }
        ]
    },
    {
        "Travis": []
    },
    {
        "CircleCI": []
    },
    {
        "AppVeyor": []
    },
    {
        "Azure": []
    },
    {
        "GitLab": []
    },
    {
        "Jenkins": []
    }
]