{
    "id": 379347556,
    "name": "supply-chain-simulation-environment",
    "full_name": "amzn/supply-chain-simulation-environment",
    "org_name": "Amazon",
    "org_id": 8594673,
    "created_at": "2021-06-22T17:18:09",
    "pushed_at": "2022-01-18T17:39:01",
    "updated_at": "2023-02-23T20:22:11",
    "isFork": false,
    "forks": 16,
    "forks_count": 16,
    "has_downloads": true,
    "has_issues": true,
    "has_pages": false,
    "has_projects": true,
    "has_wiki": true,
    "homepage": null,
    "language": "Python",
    "open_issues": 1,
    "open_issues_count": 1,
    "size": 34,
    "stargazers_count": 34,
    "subscribers_count": 4,
    "watchers": 34,
    "watchers_count": 34,
    "first_commit": "2021-06-22T17:18:11",
    "last_commit": "2021-06-22T18:51:19",
    "branches_count": 1,
    "commit_comments_count": 0,
    "commits_count": 2,
    "countributors_count": 2,
    "downloads_count": 0,
    "events_count": 1,
    "issues_count": 1,
    "labels_count": 9,
    "milestones_count": 0,
    "PR_count": 7,
    "open_PR_count": 1,
    "readme_size": 769,
    "release_count": 0,
    "topic_count": 0,
    "15_commits": 0,
    "16_commits": 0,
    "17_commits": 0,
    "18_commits": 0,
    "19_commits": 0,
    "20_commits": 0,
    "21_commits": 2,
    "22_commits": 0,
    "15_committer_num": 0,
    "16_committer_num": 0,
    "17_committer_num": 0,
    "18_committer_num": 0,
    "19_committer_num": 0,
    "20_committer_num": 0,
    "21_committer_num": 2,
    "22_committer_num": 0
}{
    "stargazer_date": {
        "12761323": "2021-06-23T00:58:24",
        "6405428": "2021-06-23T02:32:22",
        "20865401": "2021-06-23T11:37:45",
        "7306824": "2021-06-23T12:30:33",
        "32505743": "2021-06-23T16:24:13",
        "12789590": "2021-06-23T18:19:21",
        "11478740": "2021-06-23T18:57:54",
        "15907990": "2021-06-23T20:25:16",
        "36088720": "2021-06-23T21:27:07",
        "5695607": "2021-06-24T01:07:51",
        "34951638": "2021-06-24T07:48:32",
        "7561919": "2021-06-24T11:28:39",
        "28300618": "2021-07-08T13:33:58",
        "70458154": "2021-07-10T08:26:42",
        "55789794": "2021-07-12T21:11:19",
        "6857699": "2021-09-09T11:07:19",
        "573211": "2021-09-22T21:04:21",
        "89480": "2021-09-23T01:54:14",
        "76124220": "2021-09-23T10:13:50",
        "63562227": "2021-10-14T18:03:26",
        "93429411": "2021-11-02T12:38:42",
        "32013626": "2021-11-19T14:09:38",
        "3664146": "2022-01-23T23:54:04",
        "8437905": "2022-02-08T06:31:29",
        "17487320": "2022-04-22T20:45:43",
        "56110893": "2022-05-02T15:25:21",
        "66575709": "2022-05-11T16:54:42",
        "5865941": "2022-06-26T03:05:24",
        "107246407": "2022-08-04T13:15:25",
        "49229516": "2022-09-05T10:21:01",
        "56045049": "2022-09-29T12:44:24",
        "44059615": "2022-11-07T18:56:31",
        "14247193": "2022-11-27T13:14:09",
        "1200925": "2023-02-23T20:22:11"
    }
}[
    {
        "GHA": {}
    },
    {
        "Travis": []
    },
    {
        "CircleCI": []
    },
    {
        "AppVeyor": []
    },
    {
        "Azure": []
    },
    {
        "GitLab": []
    },
    {
        "Jenkins": []
    }
]