{
    "id": 381044204,
    "name": "firetv-sample-touch-app",
    "full_name": "amzn/firetv-sample-touch-app",
    "org_name": "Amazon",
    "org_id": 8594673,
    "created_at": "2021-06-28T13:37:39",
    "pushed_at": "2021-07-05T14:07:11",
    "updated_at": "2022-11-11T22:10:05",
    "isFork": false,
    "forks": 5,
    "forks_count": 5,
    "has_downloads": true,
    "has_issues": true,
    "has_pages": false,
    "has_projects": true,
    "has_wiki": true,
    "homepage": "",
    "language": "Java",
    "open_issues": 1,
    "open_issues_count": 1,
    "size": 111,
    "stargazers_count": 10,
    "subscribers_count": 6,
    "watchers": 10,
    "watchers_count": 10,
    "first_commit": "2021-06-28T13:37:40",
    "last_commit": "2021-06-29T08:50:26",
    "branches_count": 1,
    "commit_comments_count": 0,
    "commits_count": 4,
    "countributors_count": 2,
    "downloads_count": 0,
    "events_count": 0,
    "issues_count": 1,
    "labels_count": 9,
    "milestones_count": 0,
    "PR_count": 0,
    "open_PR_count": 0,
    "readme_size": 1484,
    "release_count": 1,
    "topic_count": 11,
    "15_commits": 0,
    "16_commits": 0,
    "17_commits": 0,
    "18_commits": 0,
    "19_commits": 0,
    "20_commits": 0,
    "21_commits": 4,
    "22_commits": 0,
    "15_committer_num": 0,
    "16_committer_num": 0,
    "17_committer_num": 0,
    "18_committer_num": 0,
    "19_committer_num": 0,
    "20_committer_num": 0,
    "21_committer_num": 2,
    "22_committer_num": 0
}{
    "stargazer_date": {
        "153802": "2021-06-29T09:09:29",
        "41232970": "2021-06-29T17:33:36",
        "70458154": "2021-07-10T08:08:27",
        "11900227": "2021-10-19T19:30:42",
        "53688893": "2021-11-08T10:20:05",
        "675937": "2022-02-08T18:45:29",
        "33752506": "2022-09-13T12:05:51",
        "7993865": "2022-10-10T06:36:53",
        "16410101": "2022-10-22T05:20:03",
        "23419633": "2022-11-11T22:10:05"
    }
}[
    {
        "GHA": {}
    },
    {
        "Travis": []
    },
    {
        "CircleCI": []
    },
    {
        "AppVeyor": []
    },
    {
        "Azure": []
    },
    {
        "GitLab": []
    },
    {
        "Jenkins": []
    }
]