{
    "id": 382844497,
    "name": "multimodal-affinities",
    "full_name": "amzn/multimodal-affinities",
    "org_name": "Amazon",
    "org_id": 8594673,
    "created_at": "2021-07-04T12:18:29",
    "pushed_at": "2022-08-30T10:52:54",
    "updated_at": "2022-08-30T05:39:57",
    "isFork": false,
    "forks": 4,
    "forks_count": 4,
    "has_downloads": true,
    "has_issues": true,
    "has_pages": false,
    "has_projects": true,
    "has_wiki": true,
    "homepage": "",
    "language": "Python",
    "open_issues": 0,
    "open_issues_count": 0,
    "size": 43144,
    "stargazers_count": 5,
    "subscribers_count": 2,
    "watchers": 5,
    "watchers_count": 5,
    "first_commit": "2021-07-04T12:18:31",
    "last_commit": "2022-08-30T10:52:47",
    "branches_count": 1,
    "commit_comments_count": 0,
    "commits_count": 14,
    "countributors_count": 2,
    "downloads_count": 0,
    "events_count": 0,
    "issues_count": 0,
    "labels_count": 9,
    "milestones_count": 0,
    "PR_count": 0,
    "open_PR_count": 0,
    "readme_size": 8265,
    "release_count": 0,
    "topic_count": 0,
    "15_commits": 0,
    "16_commits": 0,
    "17_commits": 0,
    "18_commits": 0,
    "19_commits": 0,
    "20_commits": 0,
    "21_commits": 12,
    "22_commits": 2,
    "15_committer_num": 0,
    "16_committer_num": 0,
    "17_committer_num": 0,
    "18_committer_num": 0,
    "19_committer_num": 0,
    "20_committer_num": 0,
    "21_committer_num": 2,
    "22_committer_num": 0
}{
    "stargazer_date": {
        "9556101": "2021-08-15T10:19:42",
        "79518433": "2021-09-17T22:21:52",
        "13844767": "2022-05-12T06:41:49",
        "13156560": "2022-08-09T06:22:16"
    }
}[
    {
        "GHA": {}
    },
    {
        "Travis": []
    },
    {
        "CircleCI": []
    },
    {
        "AppVeyor": []
    },
    {
        "Azure": []
    },
    {
        "GitLab": []
    },
    {
        "Jenkins": []
    }
]