{
    "id": 391178441,
    "name": "eslint-plugin-no-date-parsing",
    "full_name": "amzn/eslint-plugin-no-date-parsing",
    "org_name": "Amazon",
    "org_id": 8594673,
    "created_at": "2021-07-30T20:11:02",
    "pushed_at": "2022-11-29T19:13:13",
    "updated_at": "2022-11-01T18:21:39",
    "isFork": false,
    "forks": 3,
    "forks_count": 3,
    "has_downloads": true,
    "has_issues": true,
    "has_pages": false,
    "has_projects": true,
    "has_wiki": true,
    "homepage": "",
    "language": "TypeScript",
    "open_issues": 0,
    "open_issues_count": 0,
    "size": 11,
    "stargazers_count": 9,
    "subscribers_count": 2,
    "watchers": 9,
    "watchers_count": 9,
    "first_commit": "2021-07-30T20:11:03",
    "last_commit": "2022-11-29T19:13:00",
    "branches_count": 1,
    "commit_comments_count": 0,
    "commits_count": 5,
    "countributors_count": 2,
    "downloads_count": 0,
    "events_count": 0,
    "issues_count": 0,
    "labels_count": 9,
    "milestones_count": 0,
    "PR_count": 2,
    "open_PR_count": 0,
    "readme_size": 1624,
    "release_count": 0,
    "topic_count": 1,
    "15_commits": 0,
    "16_commits": 0,
    "17_commits": 0,
    "18_commits": 0,
    "19_commits": 0,
    "20_commits": 0,
    "21_commits": 4,
    "22_commits": 1,
    "15_committer_num": 0,
    "16_committer_num": 0,
    "17_committer_num": 0,
    "18_committer_num": 0,
    "19_committer_num": 0,
    "20_committer_num": 0,
    "21_committer_num": 2,
    "22_committer_num": 1
}{
    "stargazer_date": {
        "1680627": "2021-08-12T03:37:28",
        "16452789": "2021-09-13T20:47:58",
        "3646758": "2021-09-21T17:19:15",
        "7756211": "2021-09-25T10:13:38",
        "1428294": "2021-10-05T06:31:25",
        "701": "2022-05-15T09:37:09",
        "31736": "2022-07-09T20:02:56",
        "2660142": "2022-11-01T18:21:39"
    }
}[
    {
        "GHA": {}
    },
    {
        "Travis": []
    },
    {
        "CircleCI": []
    },
    {
        "AppVeyor": []
    },
    {
        "Azure": []
    },
    {
        "GitLab": []
    },
    {
        "Jenkins": []
    }
]