{
    "id": 392330982,
    "name": "fashion-attribute-disentanglement",
    "full_name": "amzn/fashion-attribute-disentanglement",
    "org_name": "Amazon",
    "org_id": 8594673,
    "created_at": "2021-08-03T13:40:57",
    "pushed_at": "2022-12-30T10:55:07",
    "updated_at": "2023-02-13T09:17:56",
    "isFork": false,
    "forks": 8,
    "forks_count": 8,
    "has_downloads": true,
    "has_issues": true,
    "has_pages": false,
    "has_projects": true,
    "has_wiki": true,
    "homepage": null,
    "language": "Python",
    "open_issues": 1,
    "open_issues_count": 1,
    "size": 29,
    "stargazers_count": 33,
    "subscribers_count": 3,
    "watchers": 33,
    "watchers_count": 33,
    "first_commit": "2021-08-03T13:40:59",
    "last_commit": "2022-12-30T10:54:52",
    "branches_count": 1,
    "commit_comments_count": 0,
    "commits_count": 5,
    "countributors_count": 2,
    "downloads_count": 0,
    "events_count": 3,
    "issues_count": 1,
    "labels_count": 9,
    "milestones_count": 0,
    "PR_count": 1,
    "open_PR_count": 0,
    "readme_size": 9086,
    "release_count": 0,
    "topic_count": 0,
    "15_commits": 0,
    "16_commits": 0,
    "17_commits": 0,
    "18_commits": 0,
    "19_commits": 0,
    "20_commits": 0,
    "21_commits": 3,
    "22_commits": 2,
    "15_committer_num": 0,
    "16_committer_num": 0,
    "17_committer_num": 0,
    "18_committer_num": 0,
    "19_committer_num": 0,
    "20_committer_num": 0,
    "21_committer_num": 2,
    "22_committer_num": 1
}{
    "stargazer_date": {
        "7950812": "2021-09-09T10:21:41",
        "37724292": "2021-10-14T10:57:35",
        "17533036": "2021-10-14T17:28:45",
        "30326366": "2021-10-14T17:58:46",
        "41680951": "2021-10-14T19:52:52",
        "1893419": "2021-10-15T00:47:28",
        "24688242": "2021-10-15T01:38:07",
        "18707623": "2021-10-15T06:32:16",
        "38470540": "2021-10-15T17:36:39",
        "928489": "2021-10-15T19:01:18",
        "36192315": "2021-10-17T11:46:35",
        "26250718": "2021-11-30T12:17:20",
        "67090802": "2021-12-11T10:40:33",
        "38305523": "2021-12-18T10:54:20",
        "31135082": "2022-01-03T07:33:57",
        "41536639": "2022-01-25T12:46:19",
        "7353145": "2022-01-28T11:20:26",
        "20143575": "2022-02-18T16:18:59",
        "37466856": "2022-04-01T05:49:02",
        "101232586": "2022-04-10T08:40:10",
        "46308407": "2022-04-18T13:34:36",
        "23696682": "2022-05-05T12:55:20",
        "10931322": "2022-08-09T08:53:49",
        "5104691": "2022-09-01T08:25:19",
        "49369068": "2022-09-15T13:11:02",
        "128885": "2022-09-29T12:52:44",
        "107605584": "2022-10-06T16:25:16",
        "54897166": "2022-10-19T00:46:29",
        "68284453": "2022-11-10T08:47:15",
        "87403296": "2022-11-14T12:12:23",
        "75295501": "2023-01-28T10:40:41",
        "18226967": "2023-02-13T09:17:56"
    }
}[
    {
        "GHA": {}
    },
    {
        "Travis": []
    },
    {
        "CircleCI": []
    },
    {
        "AppVeyor": []
    },
    {
        "Azure": []
    },
    {
        "GitLab": []
    },
    {
        "Jenkins": []
    }
]