{
    "id": 397426400,
    "name": "amazon-frustration-free-setup-certification-tool",
    "full_name": "amzn/amazon-frustration-free-setup-certification-tool",
    "org_name": "Amazon",
    "org_id": 8594673,
    "created_at": "2021-08-18T00:30:56",
    "pushed_at": "2022-02-08T16:37:54",
    "updated_at": "2022-11-27T13:14:30",
    "isFork": false,
    "forks": 4,
    "forks_count": 4,
    "has_downloads": true,
    "has_issues": true,
    "has_pages": false,
    "has_projects": true,
    "has_wiki": true,
    "homepage": "",
    "language": "Python",
    "open_issues": 0,
    "open_issues_count": 0,
    "size": 134,
    "stargazers_count": 5,
    "subscribers_count": 2,
    "watchers": 5,
    "watchers_count": 5,
    "first_commit": "2021-08-18T00:30:58",
    "last_commit": "2022-02-08T16:36:01",
    "branches_count": 1,
    "commit_comments_count": 0,
    "commits_count": 13,
    "countributors_count": 2,
    "downloads_count": 0,
    "events_count": 0,
    "issues_count": 0,
    "labels_count": 9,
    "milestones_count": 0,
    "PR_count": 0,
    "open_PR_count": 0,
    "readme_size": 4924,
    "release_count": 0,
    "topic_count": 0,
    "15_commits": 0,
    "16_commits": 0,
    "17_commits": 0,
    "18_commits": 0,
    "19_commits": 0,
    "20_commits": 0,
    "21_commits": 12,
    "22_commits": 1,
    "15_committer_num": 0,
    "16_committer_num": 0,
    "17_committer_num": 0,
    "18_committer_num": 0,
    "19_committer_num": 0,
    "20_committer_num": 0,
    "21_committer_num": 2,
    "22_committer_num": 1
}{
    "stargazer_date": {
        "66241193": "2021-12-03T12:43:28",
        "87347693": "2021-12-10T21:50:58",
        "79928218": "2022-01-13T11:06:52",
        "973213": "2022-05-17T12:35:46",
        "14247193": "2022-11-27T13:14:30"
    }
}[
    {
        "GHA": {}
    },
    {
        "Travis": []
    },
    {
        "CircleCI": []
    },
    {
        "AppVeyor": []
    },
    {
        "Azure": []
    },
    {
        "GitLab": []
    },
    {
        "Jenkins": []
    }
]