{
    "id": 409222792,
    "name": "nimbus-jose-jwt_aws-kms-extension",
    "full_name": "amzn/nimbus-jose-jwt_aws-kms-extension",
    "org_name": "Amazon",
    "org_id": 8594673,
    "created_at": "2021-09-22T13:48:53",
    "pushed_at": "2023-02-16T12:47:24",
    "updated_at": "2022-07-09T07:17:11",
    "isFork": false,
    "forks": 3,
    "forks_count": 3,
    "has_downloads": true,
    "has_issues": true,
    "has_pages": true,
    "has_projects": true,
    "has_wiki": true,
    "homepage": "",
    "language": "Java",
    "open_issues": 1,
    "open_issues_count": 1,
    "size": 159,
    "stargazers_count": 3,
    "subscribers_count": 2,
    "watchers": 3,
    "watchers_count": 3,
    "first_commit": "2021-07-13T10:29:51",
    "last_commit": "2022-04-14T17:25:21",
    "branches_count": 2,
    "commit_comments_count": 0,
    "commits_count": 34,
    "countributors_count": 2,
    "downloads_count": 0,
    "events_count": 2,
    "issues_count": 1,
    "labels_count": 9,
    "milestones_count": 1,
    "PR_count": 1,
    "open_PR_count": 0,
    "readme_size": 2737,
    "release_count": 2,
    "topic_count": 7,
    "15_commits": 0,
    "16_commits": 0,
    "17_commits": 0,
    "18_commits": 0,
    "19_commits": 0,
    "20_commits": 0,
    "21_commits": 32,
    "22_commits": 2,
    "15_committer_num": 0,
    "16_committer_num": 0,
    "17_committer_num": 0,
    "18_committer_num": 0,
    "19_committer_num": 0,
    "20_committer_num": 0,
    "21_committer_num": 2,
    "22_committer_num": 1
}{
    "stargazer_date": {
        "35098287": "2022-03-08T22:40:17",
        "9155962": "2022-06-26T14:29:41",
        "2102907": "2022-07-09T07:17:11"
    }
}[
    {
        "GHA": {}
    },
    {
        "Travis": []
    },
    {
        "CircleCI": []
    },
    {
        "AppVeyor": []
    },
    {
        "Azure": []
    },
    {
        "GitLab": []
    },
    {
        "Jenkins": []
    }
]