{
    "id": 41117941,
    "name": "alexa-coho",
    "full_name": "amzn/alexa-coho",
    "org_name": "Amazon",
    "org_id": 8594673,
    "created_at": "2015-08-20T20:42:31",
    "pushed_at": "2018-03-13T18:43:21",
    "updated_at": "2022-10-02T03:02:36",
    "isFork": false,
    "forks": 24,
    "forks_count": 24,
    "has_downloads": true,
    "has_issues": true,
    "has_pages": false,
    "has_projects": true,
    "has_wiki": false,
    "homepage": null,
    "language": "JavaScript",
    "open_issues": 3,
    "open_issues_count": 3,
    "size": 209,
    "stargazers_count": 62,
    "subscribers_count": 41,
    "watchers": 62,
    "watchers_count": 62,
    "first_commit": "2015-08-20T20:42:31",
    "last_commit": "2015-09-03T16:10:38",
    "branches_count": 1,
    "commit_comments_count": 0,
    "commits_count": 17,
    "countributors_count": 3,
    "downloads_count": 0,
    "events_count": 0,
    "issues_count": 3,
    "labels_count": 7,
    "milestones_count": 0,
    "PR_count": 3,
    "open_PR_count": 2,
    "readme_size": 7184,
    "release_count": 0,
    "topic_count": 0,
    "15_commits": 17,
    "16_commits": 0,
    "17_commits": 0,
    "18_commits": 0,
    "19_commits": 0,
    "20_commits": 0,
    "21_commits": 0,
    "22_commits": 0,
    "15_committer_num": 3,
    "16_committer_num": 0,
    "17_committer_num": 0,
    "18_committer_num": 0,
    "19_committer_num": 0,
    "20_committer_num": 0,
    "21_committer_num": 0,
    "22_committer_num": 0
}{
    "stargazer_date": {
        "585482": "2015-08-21T19:21:02",
        "299114": "2015-09-14T16:49:10",
        "1879141": "2015-09-14T21:52:04",
        "440196": "2015-12-16T16:54:24",
        "34185": "2016-01-25T20:32:45",
        "658921": "2016-01-30T21:51:44",
        "1671822": "2016-02-09T04:02:04",
        "1575236": "2016-02-19T03:51:03",
        "926035": "2016-02-19T03:51:11",
        "624211": "2016-02-28T23:40:56",
        "283570": "2016-03-21T11:42:02",
        "655158": "2016-03-23T08:37:31",
        "12232868": "2016-03-25T09:47:09",
        "4369901": "2016-03-25T19:46:47",
        "11765503": "2016-03-26T08:29:26",
        "254586": "2016-03-27T00:57:00",
        "3812023": "2016-03-30T13:33:47",
        "5944015": "2016-03-31T20:49:07",
        "712006": "2016-04-05T17:02:16",
        "5181566": "2016-04-08T12:00:45",
        "12584735": "2016-04-10T15:25:26",
        "15214404": "2016-04-12T16:24:28",
        "11393733": "2016-04-22T02:52:43",
        "166553": "2016-05-12T05:21:14",
        "1594734": "2016-05-22T18:17:29",
        "15365418": "2016-05-23T15:45:40",
        "7634": "2016-05-29T01:30:23",
        "1054792": "2016-06-26T08:27:55",
        "2595157": "2016-07-01T16:50:20",
        "4016496": "2016-08-16T17:39:40",
        "672226": "2016-09-15T19:19:45",
        "19523360": "2016-09-16T03:00:28",
        "667301": "2016-10-21T23:59:50",
        "7569367": "2016-11-04T09:39:28",
        "82532": "2016-11-21T19:37:49",
        "750181": "2016-12-27T12:42:59",
        "1177797": "2016-12-31T20:07:24",
        "5831479": "2017-01-10T08:15:57",
        "616585": "2017-01-11T03:58:56",
        "6679105": "2017-01-19T12:46:25",
        "567690": "2017-01-24T15:57:14",
        "1303691": "2017-02-13T16:22:12",
        "77666": "2017-05-14T21:43:17",
        "279914": "2017-06-26T02:38:04",
        "13651344": "2017-08-16T12:21:57",
        "1500109": "2017-08-27T23:09:31",
        "31017321": "2017-09-22T22:05:29",
        "14338588": "2017-10-27T01:56:14",
        "4219038": "2017-11-03T15:28:35",
        "483318": "2018-02-13T14:08:37",
        "34902421": "2018-04-20T05:21:43",
        "12498987": "2018-06-12T18:23:44",
        "4997839": "2018-07-18T16:19:28",
        "491513": "2018-08-02T17:41:11",
        "1386477": "2018-12-16T21:53:02",
        "42984807": "2019-06-05T17:49:59",
        "458553": "2020-02-04T14:58:30",
        "9933677": "2020-07-31T06:21:40",
        "11980681": "2020-12-05T04:34:26",
        "70458154": "2021-07-10T13:32:37",
        "13769651": "2021-09-29T01:58:33",
        "36998310": "2022-10-02T03:02:36"
    }
}[
    {
        "GHA": {}
    },
    {
        "Travis": []
    },
    {
        "CircleCI": []
    },
    {
        "AppVeyor": []
    },
    {
        "Azure": []
    },
    {
        "GitLab": []
    },
    {
        "Jenkins": []
    }
]