{
    "id": 415609745,
    "name": "glad",
    "full_name": "amzn/glad",
    "org_name": "Amazon",
    "org_id": 8594673,
    "created_at": "2021-10-10T14:30:42",
    "pushed_at": "2023-01-12T16:31:53",
    "updated_at": "2022-08-31T18:31:19",
    "isFork": false,
    "forks": 2,
    "forks_count": 2,
    "has_downloads": true,
    "has_issues": true,
    "has_pages": false,
    "has_projects": true,
    "has_wiki": true,
    "homepage": "",
    "language": "JavaScript",
    "open_issues": 1,
    "open_issues_count": 1,
    "size": 375,
    "stargazers_count": 8,
    "subscribers_count": 3,
    "watchers": 8,
    "watchers_count": 8,
    "first_commit": "2021-10-10T14:30:43",
    "last_commit": "2022-08-04T15:21:49",
    "branches_count": 1,
    "commit_comments_count": 0,
    "commits_count": 28,
    "countributors_count": 2,
    "downloads_count": 0,
    "events_count": 4,
    "issues_count": 1,
    "labels_count": 9,
    "milestones_count": 0,
    "PR_count": 2,
    "open_PR_count": 1,
    "readme_size": 3903,
    "release_count": 0,
    "topic_count": 10,
    "15_commits": 0,
    "16_commits": 0,
    "17_commits": 0,
    "18_commits": 0,
    "19_commits": 0,
    "20_commits": 0,
    "21_commits": 1,
    "22_commits": 27,
    "15_committer_num": 0,
    "16_committer_num": 0,
    "17_committer_num": 0,
    "18_committer_num": 0,
    "19_committer_num": 0,
    "20_committer_num": 0,
    "21_committer_num": 1,
    "22_committer_num": 1
}{
    "stargazer_date": {
        "2709213": "2021-10-11T07:27:05",
        "50531763": "2022-06-30T23:03:52",
        "17013462": "2022-06-30T23:25:12",
        "48862659": "2022-07-01T08:40:49",
        "18707114": "2022-07-01T19:05:46",
        "6391631": "2022-07-02T15:05:32",
        "2908249": "2022-08-09T20:55:09",
        "18730390": "2022-08-31T18:31:19"
    }
}[
    {
        "GHA": {}
    },
    {
        "Travis": []
    },
    {
        "CircleCI": []
    },
    {
        "AppVeyor": []
    },
    {
        "Azure": []
    },
    {
        "GitLab": []
    },
    {
        "Jenkins": []
    }
]