{
    "id": 429297502,
    "name": "amazon-codeguru-profiler-for-spark",
    "full_name": "amzn/amazon-codeguru-profiler-for-spark",
    "org_name": "Amazon",
    "org_id": 8594673,
    "created_at": "2021-11-18T04:37:55",
    "pushed_at": "2021-11-25T19:33:15",
    "updated_at": "2023-03-09T04:19:54",
    "isFork": false,
    "forks": 8,
    "forks_count": 8,
    "has_downloads": true,
    "has_issues": true,
    "has_pages": false,
    "has_projects": true,
    "has_wiki": true,
    "homepage": "",
    "language": "Java",
    "open_issues": 0,
    "open_issues_count": 0,
    "size": 2337,
    "stargazers_count": 14,
    "subscribers_count": 2,
    "watchers": 14,
    "watchers_count": 14,
    "first_commit": "2021-11-18T04:37:57",
    "last_commit": "2021-11-25T00:50:54",
    "branches_count": 1,
    "commit_comments_count": 0,
    "commits_count": 3,
    "countributors_count": 1,
    "downloads_count": 0,
    "events_count": 3,
    "issues_count": 0,
    "labels_count": 9,
    "milestones_count": 0,
    "PR_count": 0,
    "open_PR_count": 0,
    "readme_size": 9038,
    "release_count": 1,
    "topic_count": 0,
    "15_commits": 0,
    "16_commits": 0,
    "17_commits": 0,
    "18_commits": 0,
    "19_commits": 0,
    "20_commits": 0,
    "21_commits": 3,
    "22_commits": 0,
    "15_committer_num": 0,
    "16_committer_num": 0,
    "17_committer_num": 0,
    "18_committer_num": 0,
    "19_committer_num": 0,
    "20_committer_num": 0,
    "21_committer_num": 1,
    "22_committer_num": 0
}{
    "stargazer_date": {
        "65159577": "2021-11-29T11:50:07",
        "7817093": "2022-01-11T16:17:45",
        "26740241": "2022-01-21T16:35:22",
        "34826849": "2022-02-07T16:31:29",
        "6713233": "2022-05-14T07:10:28",
        "12955455": "2022-05-15T17:30:08",
        "32612787": "2022-05-16T16:27:45",
        "79476": "2022-05-17T12:07:59",
        "94585875": "2022-06-06T04:42:31",
        "1414775": "2022-06-28T05:22:32",
        "4443033": "2022-10-28T04:21:02",
        "26535726": "2023-02-20T03:21:08",
        "95118965": "2023-03-04T08:52:48",
        "24202964": "2023-03-09T04:19:54"
    }
}[
    {
        "GHA": [
            {
                "file_name": ".github/workflows/maven-build.yml",
                "commit_date": "2021-11-19T09:54:55",
                "status": "added",
                "first_commit": "2021-11-19T09:54:55",
                "last_commit": "2021-11-19T09:54:55",
                "CI_type": "GHA",
                "sha": "bf5a55980647fafa092e485884afaafbabcd829e"
            }
        ]
    },
    {
        "Travis": []
    },
    {
        "CircleCI": []
    },
    {
        "AppVeyor": []
    },
    {
        "Azure": []
    },
    {
        "GitLab": []
    },
    {
        "Jenkins": []
    }
]