{
    "id": 43388296,
    "name": "login-with-amazon-wordpress",
    "full_name": "amzn/login-with-amazon-wordpress",
    "org_name": "Amazon",
    "org_id": 8594673,
    "created_at": "2015-09-29T19:03:18",
    "pushed_at": "2018-06-05T20:12:08",
    "updated_at": "2022-12-10T23:24:06",
    "isFork": false,
    "forks": 13,
    "forks_count": 13,
    "has_downloads": true,
    "has_issues": true,
    "has_pages": false,
    "has_projects": true,
    "has_wiki": false,
    "homepage": "",
    "language": "PHP",
    "open_issues": 2,
    "open_issues_count": 2,
    "size": 36,
    "stargazers_count": 12,
    "subscribers_count": 12,
    "watchers": 12,
    "watchers_count": 12,
    "first_commit": "2015-04-24T10:31:27",
    "last_commit": "2018-06-05T20:12:07",
    "branches_count": 1,
    "commit_comments_count": 0,
    "commits_count": 14,
    "countributors_count": 3,
    "downloads_count": 0,
    "events_count": 0,
    "issues_count": 2,
    "labels_count": 7,
    "milestones_count": 0,
    "PR_count": 4,
    "open_PR_count": 2,
    "readme_size": 5144,
    "release_count": 0,
    "topic_count": 0,
    "15_commits": 7,
    "16_commits": 5,
    "17_commits": 0,
    "18_commits": 2,
    "19_commits": 0,
    "20_commits": 0,
    "21_commits": 0,
    "22_commits": 0,
    "15_committer_num": 2,
    "16_committer_num": 1,
    "17_committer_num": 0,
    "18_committer_num": 1,
    "19_committer_num": 0,
    "20_committer_num": 0,
    "21_committer_num": 0,
    "22_committer_num": 0
}{
    "stargazer_date": {
        "11832716": "2016-09-01T12:22:43",
        "7240938": "2018-01-24T04:05:03",
        "491513": "2018-08-02T17:41:26",
        "11434948": "2019-01-02T01:44:55",
        "42984807": "2019-06-05T17:49:52",
        "161528": "2020-05-02T01:11:30",
        "9933677": "2020-07-31T06:20:13",
        "7345085": "2020-10-27T01:10:16",
        "3047437": "2021-03-15T05:17:38",
        "77551927": "2021-06-15T11:04:47",
        "70458154": "2021-07-10T13:28:01",
        "14247193": "2022-11-27T13:06:33"
    }
}[
    {
        "GHA": {}
    },
    {
        "Travis": []
    },
    {
        "CircleCI": []
    },
    {
        "AppVeyor": []
    },
    {
        "Azure": []
    },
    {
        "GitLab": []
    },
    {
        "Jenkins": []
    }
]