{
    "id": 438379479,
    "name": "cosearcher",
    "full_name": "amzn/cosearcher",
    "org_name": "Amazon",
    "org_id": 8594673,
    "created_at": "2021-12-14T19:44:04",
    "pushed_at": "2022-09-12T17:56:57",
    "updated_at": "2023-02-07T14:30:59",
    "isFork": false,
    "forks": 3,
    "forks_count": 3,
    "has_downloads": true,
    "has_issues": true,
    "has_pages": false,
    "has_projects": true,
    "has_wiki": true,
    "homepage": null,
    "language": "Python",
    "open_issues": 1,
    "open_issues_count": 1,
    "size": 51,
    "stargazers_count": 4,
    "subscribers_count": 4,
    "watchers": 4,
    "watchers_count": 4,
    "first_commit": "2021-12-14T19:44:05",
    "last_commit": "2022-09-12T17:56:48",
    "branches_count": 1,
    "commit_comments_count": 0,
    "commits_count": 9,
    "countributors_count": 4,
    "downloads_count": 0,
    "events_count": 0,
    "issues_count": 1,
    "labels_count": 10,
    "milestones_count": 0,
    "PR_count": 2,
    "open_PR_count": 0,
    "readme_size": 3749,
    "release_count": 0,
    "topic_count": 0,
    "15_commits": 0,
    "16_commits": 0,
    "17_commits": 0,
    "18_commits": 0,
    "19_commits": 0,
    "20_commits": 0,
    "21_commits": 1,
    "22_commits": 8,
    "15_committer_num": 0,
    "16_committer_num": 0,
    "17_committer_num": 0,
    "18_committer_num": 0,
    "19_committer_num": 0,
    "20_committer_num": 0,
    "21_committer_num": 1,
    "22_committer_num": 3
}{
    "stargazer_date": {
        "3684717": "2022-02-02T17:16:23",
        "144747": "2022-02-02T17:28:02",
        "6101372": "2022-02-02T22:35:41"
    }
}[
    {
        "GHA": {}
    },
    {
        "Travis": []
    },
    {
        "CircleCI": []
    },
    {
        "AppVeyor": []
    },
    {
        "Azure": []
    },
    {
        "GitLab": []
    },
    {
        "Jenkins": []
    }
]