{
    "id": 465503341,
    "name": "rheoceros",
    "full_name": "amzn/rheoceros",
    "org_name": "Amazon",
    "org_id": 8594673,
    "created_at": "2022-03-02T23:36:02",
    "pushed_at": "2023-01-28T00:21:19",
    "updated_at": "2023-03-09T03:56:23",
    "isFork": false,
    "forks": 5,
    "forks_count": 5,
    "has_downloads": true,
    "has_issues": true,
    "has_pages": false,
    "has_projects": true,
    "has_wiki": true,
    "homepage": "",
    "language": "Python",
    "open_issues": 0,
    "open_issues_count": 0,
    "size": 2066,
    "stargazers_count": 12,
    "subscribers_count": 4,
    "watchers": 12,
    "watchers_count": 12,
    "first_commit": "2022-03-02T23:36:03",
    "last_commit": "2023-01-28T00:21:19",
    "branches_count": 1,
    "commit_comments_count": 0,
    "commits_count": 8,
    "countributors_count": 3,
    "downloads_count": 0,
    "events_count": 8,
    "issues_count": 0,
    "labels_count": 9,
    "milestones_count": 0,
    "PR_count": 1,
    "open_PR_count": 0,
    "readme_size": 31767,
    "release_count": 0,
    "topic_count": 19,
    "15_commits": 0,
    "16_commits": 0,
    "17_commits": 0,
    "18_commits": 0,
    "19_commits": 0,
    "20_commits": 0,
    "21_commits": 0,
    "22_commits": 6,
    "15_committer_num": 0,
    "16_committer_num": 0,
    "17_committer_num": 0,
    "18_committer_num": 0,
    "19_committer_num": 0,
    "20_committer_num": 0,
    "21_committer_num": 0,
    "22_committer_num": 2
}{
    "stargazer_date": {
        "2713366": "2022-03-24T22:44:46",
        "33536624": "2022-03-29T00:26:22",
        "66635074": "2022-03-31T16:41:50",
        "1221537": "2022-04-01T17:15:34",
        "6744823": "2022-04-22T23:49:18",
        "3846596": "2022-06-12T04:09:16",
        "31919686": "2022-07-12T13:42:02",
        "4510007": "2022-07-19T17:53:57",
        "32438682": "2023-01-09T20:17:17",
        "4491837": "2023-01-26T20:30:08",
        "107104336": "2023-02-07T04:42:48",
        "118161253": "2023-03-09T03:56:22"
    }
}[
    {
        "GHA": {}
    },
    {
        "Travis": []
    },
    {
        "CircleCI": []
    },
    {
        "AppVeyor": []
    },
    {
        "Azure": []
    },
    {
        "GitLab": []
    },
    {
        "Jenkins": []
    }
]