{
    "id": 465661586,
    "name": "amazon-succinct-doc-representation",
    "full_name": "amzn/amazon-succinct-doc-representation",
    "org_name": "Amazon",
    "org_id": 8594673,
    "created_at": "2022-03-03T09:56:51",
    "pushed_at": "2022-05-16T07:30:44",
    "updated_at": "2022-09-29T16:15:46",
    "isFork": false,
    "forks": 1,
    "forks_count": 1,
    "has_downloads": true,
    "has_issues": true,
    "has_pages": false,
    "has_projects": true,
    "has_wiki": true,
    "homepage": null,
    "language": "Python",
    "open_issues": 0,
    "open_issues_count": 0,
    "size": 35,
    "stargazers_count": 4,
    "subscribers_count": 3,
    "watchers": 4,
    "watchers_count": 4,
    "first_commit": "2022-03-03T09:56:54",
    "last_commit": "2022-05-16T06:45:48",
    "branches_count": 1,
    "commit_comments_count": 0,
    "commits_count": 2,
    "countributors_count": 1,
    "downloads_count": 0,
    "events_count": 0,
    "issues_count": 0,
    "labels_count": 9,
    "milestones_count": 0,
    "PR_count": 0,
    "open_PR_count": 0,
    "readme_size": 1244,
    "release_count": 0,
    "topic_count": 0,
    "15_commits": 0,
    "16_commits": 0,
    "17_commits": 0,
    "18_commits": 0,
    "19_commits": 0,
    "20_commits": 0,
    "21_commits": 0,
    "22_commits": 2,
    "15_committer_num": 0,
    "16_committer_num": 0,
    "17_committer_num": 0,
    "18_committer_num": 0,
    "19_committer_num": 0,
    "20_committer_num": 0,
    "21_committer_num": 0,
    "22_committer_num": 1
}{
    "stargazer_date": {
        "84712013": "2022-05-16T09:28:43",
        "4919580": "2022-05-30T16:37:23",
        "42425853": "2022-06-27T06:37:45",
        "111894408": "2022-09-29T16:15:46"
    }
}[
    {
        "GHA": {}
    },
    {
        "Travis": []
    },
    {
        "CircleCI": []
    },
    {
        "AppVeyor": []
    },
    {
        "Azure": []
    },
    {
        "GitLab": []
    },
    {
        "Jenkins": []
    }
]