{
    "id": 491970698,
    "name": "ss-aga-kgc",
    "full_name": "amzn/ss-aga-kgc",
    "org_name": "Amazon",
    "org_id": 8594673,
    "created_at": "2022-05-13T16:35:55",
    "pushed_at": "2022-08-09T20:28:57",
    "updated_at": "2023-02-15T08:15:24",
    "isFork": false,
    "forks": 8,
    "forks_count": 8,
    "has_downloads": true,
    "has_issues": true,
    "has_pages": false,
    "has_projects": true,
    "has_wiki": true,
    "homepage": null,
    "language": "Python",
    "open_issues": 6,
    "open_issues_count": 6,
    "size": 14639,
    "stargazers_count": 24,
    "subscribers_count": 6,
    "watchers": 24,
    "watchers_count": 24,
    "first_commit": "2022-05-13T16:35:58",
    "last_commit": "2022-08-09T20:28:24",
    "branches_count": 1,
    "commit_comments_count": 0,
    "commits_count": 15,
    "countributors_count": 2,
    "downloads_count": 0,
    "events_count": 2,
    "issues_count": 6,
    "labels_count": 9,
    "milestones_count": 0,
    "PR_count": 0,
    "open_PR_count": 0,
    "readme_size": 3553,
    "release_count": 0,
    "topic_count": 0,
    "15_commits": 0,
    "16_commits": 0,
    "17_commits": 0,
    "18_commits": 0,
    "19_commits": 0,
    "20_commits": 0,
    "21_commits": 0,
    "22_commits": 15,
    "15_committer_num": 0,
    "16_committer_num": 0,
    "17_committer_num": 0,
    "18_committer_num": 0,
    "19_committer_num": 0,
    "20_committer_num": 0,
    "21_committer_num": 0,
    "22_committer_num": 2
}{
    "stargazer_date": {
        "29517186": "2022-05-13T16:53:39",
        "22963490": "2022-05-14T08:15:08",
        "32572271": "2022-05-19T13:59:40",
        "73276175": "2022-05-23T07:05:07",
        "8596775": "2022-05-23T18:30:39",
        "23736357": "2022-05-23T21:40:20",
        "16593196": "2022-05-31T00:29:17",
        "40927814": "2022-05-31T01:08:35",
        "63409006": "2022-06-20T06:41:11",
        "28520691": "2022-06-20T07:12:01",
        "32244894": "2022-06-20T07:51:53",
        "29418914": "2022-06-23T11:18:40",
        "128885": "2022-06-24T11:42:43",
        "50167112": "2022-06-26T06:59:30",
        "48181529": "2022-06-28T08:46:23",
        "36963108": "2022-07-06T11:04:57",
        "82231499": "2022-09-20T12:18:05",
        "53029193": "2022-09-29T03:15:15",
        "88517492": "2022-09-30T04:29:36",
        "61704969": "2022-10-23T11:34:17",
        "45011374": "2022-10-23T18:46:14",
        "20750125": "2022-11-05T05:19:14",
        "86902461": "2022-12-05T11:34:13",
        "44086116": "2023-02-15T08:15:24"
    }
}[
    {
        "GHA": {}
    },
    {
        "Travis": []
    },
    {
        "CircleCI": []
    },
    {
        "AppVeyor": []
    },
    {
        "Azure": []
    },
    {
        "GitLab": []
    },
    {
        "Jenkins": []
    }
]