{
    "id": 492978607,
    "name": "ads-advanced-tools-docs",
    "full_name": "amzn/ads-advanced-tools-docs",
    "org_name": "Amazon",
    "org_id": 8594673,
    "created_at": "2022-05-16T19:49:03",
    "pushed_at": "2023-03-08T19:26:24",
    "updated_at": "2023-03-06T04:56:05",
    "isFork": false,
    "forks": 19,
    "forks_count": 19,
    "has_downloads": true,
    "has_issues": true,
    "has_pages": false,
    "has_projects": false,
    "has_wiki": false,
    "homepage": "",
    "language": null,
    "open_issues": 1,
    "open_issues_count": 1,
    "size": 310,
    "stargazers_count": 35,
    "subscribers_count": 16,
    "watchers": 35,
    "watchers_count": 35,
    "first_commit": "2022-05-16T19:49:05",
    "last_commit": "2023-03-08T19:16:59",
    "branches_count": 1,
    "commit_comments_count": 0,
    "commits_count": 30,
    "countributors_count": 5,
    "downloads_count": 0,
    "events_count": 47,
    "issues_count": 1,
    "labels_count": 16,
    "milestones_count": 0,
    "PR_count": 9,
    "open_PR_count": 0,
    "readme_size": 1142,
    "release_count": 0,
    "topic_count": 0,
    "15_commits": 0,
    "16_commits": 0,
    "17_commits": 0,
    "18_commits": 0,
    "19_commits": 0,
    "20_commits": 0,
    "21_commits": 0,
    "22_commits": 27,
    "15_committer_num": 0,
    "16_committer_num": 0,
    "17_committer_num": 0,
    "18_committer_num": 0,
    "19_committer_num": 0,
    "20_committer_num": 0,
    "21_committer_num": 0,
    "22_committer_num": 5
}{
    "stargazer_date": {
        "35378816": "2022-05-18T07:52:16",
        "1158449": "2022-05-18T10:04:07",
        "65303026": "2022-05-18T16:40:40",
        "105813247": "2022-05-18T17:36:36",
        "4001434": "2022-05-18T18:29:24",
        "918429": "2022-05-18T18:30:34",
        "11832716": "2022-05-19T03:36:31",
        "491247": "2022-05-19T09:06:24",
        "44542538": "2022-05-19T19:38:38",
        "13397412": "2022-05-20T15:26:07",
        "1654983": "2022-05-22T02:51:52",
        "39002408": "2022-05-24T05:42:42",
        "47003755": "2022-05-26T16:51:17",
        "13846420": "2022-05-27T22:07:48",
        "28811774": "2022-05-30T10:59:14",
        "932713": "2022-06-02T16:36:17",
        "17269018": "2022-06-03T07:58:58",
        "45146099": "2022-06-13T17:59:55",
        "77713705": "2022-06-24T14:04:07",
        "1924700": "2022-07-21T09:33:47",
        "46184977": "2022-07-25T05:53:16",
        "906722": "2022-07-29T05:10:25",
        "79886366": "2022-08-03T00:28:07",
        "16896140": "2022-08-26T08:48:52",
        "13751605": "2022-08-29T06:54:50",
        "569633": "2022-09-20T14:36:40",
        "19225610": "2022-10-12T07:46:27",
        "54619408": "2022-10-13T01:47:26",
        "5695397": "2022-10-28T01:20:44",
        "117285912": "2022-12-16T10:20:54",
        "234501": "2022-12-16T18:00:57",
        "78438734": "2022-12-28T10:14:28",
        "53200061": "2023-02-03T08:41:59",
        "27752405": "2023-02-22T19:25:47",
        "23098092": "2023-03-06T04:56:05"
    }
}[
    {
        "GHA": {}
    },
    {
        "Travis": []
    },
    {
        "CircleCI": []
    },
    {
        "AppVeyor": []
    },
    {
        "Azure": []
    },
    {
        "GitLab": []
    },
    {
        "Jenkins": []
    }
]