{
    "id": 495519526,
    "name": "amazon-ads-advertiser-audience-normalization-sdk-py",
    "full_name": "amzn/amazon-ads-advertiser-audience-normalization-sdk-py",
    "org_name": "Amazon",
    "org_id": 8594673,
    "created_at": "2022-05-23T17:59:56",
    "pushed_at": "2022-05-23T21:20:34",
    "updated_at": "2023-01-13T18:26:35",
    "isFork": false,
    "forks": 2,
    "forks_count": 2,
    "has_downloads": true,
    "has_issues": true,
    "has_pages": false,
    "has_projects": true,
    "has_wiki": true,
    "homepage": null,
    "language": "Python",
    "open_issues": 0,
    "open_issues_count": 0,
    "size": 16,
    "stargazers_count": 4,
    "subscribers_count": 3,
    "watchers": 4,
    "watchers_count": 4,
    "first_commit": "2022-05-23T17:59:57",
    "last_commit": "2022-05-23T21:20:34",
    "branches_count": 1,
    "commit_comments_count": 0,
    "commits_count": 4,
    "countributors_count": 2,
    "downloads_count": 0,
    "events_count": 1,
    "issues_count": 0,
    "labels_count": 9,
    "milestones_count": 0,
    "PR_count": 0,
    "open_PR_count": 0,
    "readme_size": 1517,
    "release_count": 0,
    "topic_count": 0,
    "15_commits": 0,
    "16_commits": 0,
    "17_commits": 0,
    "18_commits": 0,
    "19_commits": 0,
    "20_commits": 0,
    "21_commits": 0,
    "22_commits": 4,
    "15_committer_num": 0,
    "16_committer_num": 0,
    "17_committer_num": 0,
    "18_committer_num": 0,
    "19_committer_num": 0,
    "20_committer_num": 0,
    "21_committer_num": 0,
    "22_committer_num": 2
}{
    "stargazer_date": {
        "6383738": "2022-06-29T13:34:30",
        "45146099": "2022-10-14T14:43:53",
        "14247193": "2022-11-27T13:17:06",
        "105133340": "2023-01-13T18:26:35"
    }
}[
    {
        "GHA": {}
    },
    {
        "Travis": []
    },
    {
        "CircleCI": []
    },
    {
        "AppVeyor": []
    },
    {
        "Azure": []
    },
    {
        "GitLab": []
    },
    {
        "Jenkins": []
    }
]