{
    "id": 499244448,
    "name": "aws-sigv4-signing-samples",
    "full_name": "amzn/aws-sigv4-signing-samples",
    "org_name": "Amazon",
    "org_id": 8594673,
    "created_at": "2022-06-02T18:20:59",
    "pushed_at": "2022-06-02T19:02:11",
    "updated_at": "2022-06-09T12:01:53",
    "isFork": false,
    "forks": 1,
    "forks_count": 1,
    "has_downloads": true,
    "has_issues": true,
    "has_pages": false,
    "has_projects": true,
    "has_wiki": true,
    "homepage": "",
    "language": "Java",
    "open_issues": 0,
    "open_issues_count": 0,
    "size": 10,
    "stargazers_count": 0,
    "subscribers_count": 2,
    "watchers": 0,
    "watchers_count": 0,
    "first_commit": "2022-06-02T18:21:01",
    "last_commit": "2022-06-02T19:01:58",
    "branches_count": 1,
    "commit_comments_count": 0,
    "commits_count": 2,
    "countributors_count": 1,
    "downloads_count": 0,
    "events_count": 0,
    "issues_count": 0,
    "labels_count": 9,
    "milestones_count": 0,
    "PR_count": 0,
    "open_PR_count": 0,
    "readme_size": 1244,
    "release_count": 0,
    "topic_count": 4,
    "15_commits": 0,
    "16_commits": 0,
    "17_commits": 0,
    "18_commits": 0,
    "19_commits": 0,
    "20_commits": 0,
    "21_commits": 0,
    "22_commits": 2,
    "15_committer_num": 0,
    "16_committer_num": 0,
    "17_committer_num": 0,
    "18_committer_num": 0,
    "19_committer_num": 0,
    "20_committer_num": 0,
    "21_committer_num": 0,
    "22_committer_num": 1
}{
    "stargazer_date": {}
}[
    {
        "GHA": {}
    },
    {
        "Travis": []
    },
    {
        "CircleCI": []
    },
    {
        "AppVeyor": []
    },
    {
        "Azure": []
    },
    {
        "GitLab": []
    },
    {
        "Jenkins": []
    }
]