{
    "id": 502096743,
    "name": "orthogonal-additive-gaussian-processes",
    "full_name": "amzn/orthogonal-additive-gaussian-processes",
    "org_name": "Amazon",
    "org_id": 8594673,
    "created_at": "2022-06-10T15:41:35",
    "pushed_at": "2022-12-05T11:46:35",
    "updated_at": "2023-03-02T15:46:07",
    "isFork": false,
    "forks": 2,
    "forks_count": 2,
    "has_downloads": true,
    "has_issues": true,
    "has_pages": false,
    "has_projects": true,
    "has_wiki": true,
    "homepage": "",
    "language": "Python",
    "open_issues": 2,
    "open_issues_count": 2,
    "size": 309,
    "stargazers_count": 23,
    "subscribers_count": 1,
    "watchers": 23,
    "watchers_count": 23,
    "first_commit": "2022-06-10T15:41:38",
    "last_commit": "2022-12-05T11:46:26",
    "branches_count": 1,
    "commit_comments_count": 0,
    "commits_count": 19,
    "countributors_count": 3,
    "downloads_count": 0,
    "events_count": 4,
    "issues_count": 2,
    "labels_count": 10,
    "milestones_count": 0,
    "PR_count": 3,
    "open_PR_count": 1,
    "readme_size": 2136,
    "release_count": 0,
    "topic_count": 0,
    "15_commits": 0,
    "16_commits": 0,
    "17_commits": 0,
    "18_commits": 0,
    "19_commits": 0,
    "20_commits": 0,
    "21_commits": 0,
    "22_commits": 19,
    "15_committer_num": 0,
    "16_committer_num": 0,
    "17_committer_num": 0,
    "18_committer_num": 0,
    "19_committer_num": 0,
    "20_committer_num": 0,
    "21_committer_num": 0,
    "22_committer_num": 3
}{
    "stargazer_date": {
        "84712013": "2022-06-16T16:18:03",
        "20796877": "2022-06-20T16:25:42",
        "33627791": "2022-06-20T17:17:09",
        "36767288": "2022-06-20T20:26:31",
        "16945590": "2022-06-22T11:14:15",
        "479258": "2022-06-22T12:53:46",
        "5170777": "2022-06-23T02:50:39",
        "36463823": "2022-06-27T20:16:38",
        "30379161": "2022-07-05T13:46:00",
        "708912": "2022-07-17T15:19:02",
        "17846442": "2022-07-19T12:17:06",
        "10114176": "2022-07-20T15:10:26",
        "13780846": "2022-07-22T12:52:49",
        "35603565": "2022-08-05T11:39:35",
        "4960970": "2022-09-05T16:03:54",
        "53405015": "2022-09-05T20:39:07",
        "43786371": "2022-09-08T07:13:27",
        "128885": "2022-09-28T11:36:15",
        "6686762": "2022-10-03T15:58:15",
        "62222700": "2022-12-16T00:44:05",
        "13365957": "2022-12-22T15:19:45",
        "12379578": "2023-01-11T13:31:19",
        "57687858": "2023-02-22T16:35:32"
    }
}[
    {
        "GHA": {}
    },
    {
        "Travis": []
    },
    {
        "CircleCI": []
    },
    {
        "AppVeyor": []
    },
    {
        "Azure": []
    },
    {
        "GitLab": []
    },
    {
        "Jenkins": []
    }
]