{
    "id": 515692801,
    "name": "confident-sinkhorn-allocation",
    "full_name": "amzn/confident-sinkhorn-allocation",
    "org_name": "Amazon",
    "org_id": 8594673,
    "created_at": "2022-07-19T18:06:40",
    "pushed_at": "2022-11-21T04:48:16",
    "updated_at": "2023-02-13T05:57:44",
    "isFork": false,
    "forks": 5,
    "forks_count": 5,
    "has_downloads": true,
    "has_issues": true,
    "has_pages": false,
    "has_projects": true,
    "has_wiki": true,
    "homepage": "",
    "language": "Jupyter Notebook",
    "open_issues": 0,
    "open_issues_count": 0,
    "size": 54218,
    "stargazers_count": 16,
    "subscribers_count": 2,
    "watchers": 16,
    "watchers_count": 16,
    "first_commit": "2022-05-19T05:34:30",
    "last_commit": "2022-11-21T04:48:07",
    "branches_count": 2,
    "commit_comments_count": 0,
    "commits_count": 98,
    "countributors_count": 2,
    "downloads_count": 0,
    "events_count": 3,
    "issues_count": 0,
    "labels_count": 10,
    "milestones_count": 0,
    "PR_count": 2,
    "open_PR_count": 0,
    "readme_size": 5809,
    "release_count": 0,
    "topic_count": 6,
    "15_commits": 0,
    "16_commits": 0,
    "17_commits": 0,
    "18_commits": 0,
    "19_commits": 0,
    "20_commits": 0,
    "21_commits": 0,
    "22_commits": 98,
    "15_committer_num": 0,
    "16_committer_num": 0,
    "17_committer_num": 0,
    "18_committer_num": 0,
    "19_committer_num": 0,
    "20_committer_num": 0,
    "21_committer_num": 0,
    "22_committer_num": 2
}{
    "stargazer_date": {
        "32401852": "2022-07-20T15:31:06",
        "4327239": "2022-07-20T21:39:58",
        "52070643": "2022-07-21T13:28:00",
        "13204600": "2022-07-21T13:37:43",
        "2637124": "2022-07-21T13:42:56",
        "102504293": "2022-07-21T14:55:44",
        "30814656": "2022-07-21T15:02:15",
        "101701686": "2022-10-11T08:49:06",
        "17636669": "2022-10-14T02:00:42",
        "8665930": "2022-10-14T02:03:44",
        "101228079": "2022-10-14T02:15:34",
        "55523049": "2022-10-14T18:40:18",
        "90122071": "2022-10-16T13:14:18",
        "94029921": "2022-12-26T12:03:19",
        "7956050": "2022-12-31T05:05:48",
        "1516716": "2023-02-13T05:57:44"
    }
}[
    {
        "GHA": {}
    },
    {
        "Travis": []
    },
    {
        "CircleCI": []
    },
    {
        "AppVeyor": []
    },
    {
        "Azure": []
    },
    {
        "GitLab": []
    },
    {
        "Jenkins": []
    }
]