{
    "id": 52069282,
    "name": "amazon-instant-access-sdk-net",
    "full_name": "amzn/amazon-instant-access-sdk-net",
    "org_name": "Amazon",
    "org_id": 8594673,
    "created_at": "2016-02-19T07:19:52",
    "pushed_at": "2019-03-08T10:43:51",
    "updated_at": "2022-06-19T06:57:21",
    "isFork": false,
    "forks": 11,
    "forks_count": 11,
    "has_downloads": true,
    "has_issues": true,
    "has_pages": false,
    "has_projects": true,
    "has_wiki": false,
    "homepage": "",
    "language": "C#",
    "open_issues": 0,
    "open_issues_count": 0,
    "size": 123,
    "stargazers_count": 9,
    "subscribers_count": 7,
    "watchers": 9,
    "watchers_count": 9,
    "first_commit": "2016-02-19T07:19:52",
    "last_commit": "2018-09-26T03:15:43",
    "branches_count": 1,
    "commit_comments_count": 0,
    "commits_count": 7,
    "countributors_count": 2,
    "downloads_count": 0,
    "events_count": 0,
    "issues_count": 0,
    "labels_count": 7,
    "milestones_count": 0,
    "PR_count": 2,
    "open_PR_count": 0,
    "readme_size": 3325,
    "release_count": 0,
    "topic_count": 2,
    "15_commits": 0,
    "16_commits": 4,
    "17_commits": 0,
    "18_commits": 3,
    "19_commits": 0,
    "20_commits": 0,
    "21_commits": 0,
    "22_commits": 0,
    "15_committer_num": 0,
    "16_committer_num": 2,
    "17_committer_num": 0,
    "18_committer_num": 2,
    "19_committer_num": 0,
    "20_committer_num": 0,
    "21_committer_num": 0,
    "22_committer_num": 0
}{
    "stargazer_date": {
        "1541258": "2016-04-23T16:36:50",
        "3970939": "2017-04-18T15:54:33",
        "35232767": "2018-01-08T17:22:03",
        "491513": "2018-08-02T17:42:09",
        "7058828": "2018-09-13T05:33:10",
        "42984807": "2019-06-05T17:48:31",
        "9933677": "2020-07-31T06:17:41",
        "70458154": "2021-07-10T13:23:16",
        "31552644": "2022-06-19T06:57:21"
    }
}[
    {
        "GHA": {}
    },
    {
        "Travis": []
    },
    {
        "CircleCI": []
    },
    {
        "AppVeyor": []
    },
    {
        "Azure": []
    },
    {
        "GitLab": []
    },
    {
        "Jenkins": []
    }
]