{
    "id": 525540922,
    "name": "debiased-balanced-interleaving",
    "full_name": "amzn/debiased-balanced-interleaving",
    "org_name": "Amazon",
    "org_id": 8594673,
    "created_at": "2022-08-16T21:00:03",
    "pushed_at": "2022-10-13T23:29:13",
    "updated_at": "2022-10-09T21:52:39",
    "isFork": false,
    "forks": 1,
    "forks_count": 1,
    "has_downloads": true,
    "has_issues": true,
    "has_pages": false,
    "has_projects": true,
    "has_wiki": true,
    "homepage": null,
    "language": "Jupyter Notebook",
    "open_issues": 0,
    "open_issues_count": 0,
    "size": 263,
    "stargazers_count": 3,
    "subscribers_count": 2,
    "watchers": 3,
    "watchers_count": 3,
    "first_commit": "2022-08-16T21:00:06",
    "last_commit": "2022-10-13T23:29:13",
    "branches_count": 1,
    "commit_comments_count": 0,
    "commits_count": 26,
    "countributors_count": 3,
    "downloads_count": 0,
    "events_count": 0,
    "issues_count": 0,
    "labels_count": 9,
    "milestones_count": 0,
    "PR_count": 0,
    "open_PR_count": 0,
    "readme_size": 800,
    "release_count": 0,
    "topic_count": 0,
    "15_commits": 0,
    "16_commits": 0,
    "17_commits": 0,
    "18_commits": 0,
    "19_commits": 0,
    "20_commits": 0,
    "21_commits": 0,
    "22_commits": 26,
    "15_committer_num": 0,
    "16_committer_num": 0,
    "17_committer_num": 0,
    "18_committer_num": 0,
    "19_committer_num": 0,
    "20_committer_num": 0,
    "21_committer_num": 0,
    "22_committer_num": 3
}{
    "stargazer_date": {
        "40276486": "2022-08-24T01:44:36",
        "6904605": "2022-08-25T09:00:10",
        "6078721": "2022-10-09T21:52:39"
    }
}[
    {
        "GHA": {}
    },
    {
        "Travis": []
    },
    {
        "CircleCI": []
    },
    {
        "AppVeyor": []
    },
    {
        "Azure": []
    },
    {
        "GitLab": []
    },
    {
        "Jenkins": []
    }
]