{
    "id": 534643324,
    "name": "merlin-on-demand-callgraph",
    "full_name": "amzn/merlin-on-demand-callgraph",
    "org_name": "Amazon",
    "org_id": 8594673,
    "created_at": "2022-09-09T12:58:23",
    "pushed_at": "2023-02-28T23:33:17",
    "updated_at": "2022-09-12T17:13:03",
    "isFork": false,
    "forks": 2,
    "forks_count": 2,
    "has_downloads": true,
    "has_issues": true,
    "has_pages": false,
    "has_projects": true,
    "has_wiki": true,
    "homepage": "",
    "language": "Java",
    "open_issues": 6,
    "open_issues_count": 6,
    "size": 482,
    "stargazers_count": 0,
    "subscribers_count": 5,
    "watchers": 0,
    "watchers_count": 0,
    "first_commit": "2022-09-09T12:58:25",
    "last_commit": "2023-02-23T10:28:33",
    "branches_count": 8,
    "commit_comments_count": 0,
    "commits_count": 48,
    "countributors_count": 3,
    "downloads_count": 0,
    "events_count": 128,
    "issues_count": 6,
    "labels_count": 9,
    "milestones_count": 0,
    "PR_count": 24,
    "open_PR_count": 6,
    "readme_size": 2275,
    "release_count": 0,
    "topic_count": 0,
    "15_commits": 0,
    "16_commits": 0,
    "17_commits": 0,
    "18_commits": 0,
    "19_commits": 0,
    "20_commits": 0,
    "21_commits": 0,
    "22_commits": 30,
    "15_committer_num": 0,
    "16_committer_num": 0,
    "17_committer_num": 0,
    "18_committer_num": 0,
    "19_committer_num": 0,
    "20_committer_num": 0,
    "21_committer_num": 0,
    "22_committer_num": 3
}{
    "stargazer_date": {}
}[
    {
        "GHA": {}
    },
    {
        "Travis": []
    },
    {
        "CircleCI": []
    },
    {
        "AppVeyor": []
    },
    {
        "Azure": []
    },
    {
        "GitLab": []
    },
    {
        "Jenkins": []
    }
]