{
    "id": 534703381,
    "name": "openapi-swift-code-generate",
    "full_name": "amzn/openapi-swift-code-generate",
    "org_name": "Amazon",
    "org_id": 8594673,
    "created_at": "2022-09-09T15:39:29",
    "pushed_at": "2022-11-18T20:46:22",
    "updated_at": "2023-01-23T20:41:05",
    "isFork": false,
    "forks": 0,
    "forks_count": 0,
    "has_downloads": true,
    "has_issues": true,
    "has_pages": false,
    "has_projects": true,
    "has_wiki": true,
    "homepage": null,
    "language": "Swift",
    "open_issues": 0,
    "open_issues_count": 0,
    "size": 30,
    "stargazers_count": 6,
    "subscribers_count": 5,
    "watchers": 6,
    "watchers_count": 6,
    "first_commit": "2022-09-09T15:39:32",
    "last_commit": "2022-11-18T20:39:39",
    "branches_count": 2,
    "commit_comments_count": 0,
    "commits_count": 9,
    "countributors_count": 3,
    "downloads_count": 0,
    "events_count": 3,
    "issues_count": 0,
    "labels_count": 9,
    "milestones_count": 0,
    "PR_count": 3,
    "open_PR_count": 0,
    "readme_size": 3086,
    "release_count": 2,
    "topic_count": 0,
    "15_commits": 0,
    "16_commits": 0,
    "17_commits": 0,
    "18_commits": 0,
    "19_commits": 0,
    "20_commits": 0,
    "21_commits": 0,
    "22_commits": 9,
    "15_committer_num": 0,
    "16_committer_num": 0,
    "17_committer_num": 0,
    "18_committer_num": 0,
    "19_committer_num": 0,
    "20_committer_num": 0,
    "21_committer_num": 0,
    "22_committer_num": 3
}{
    "stargazer_date": {
        "217": "2022-10-04T22:13:29",
        "11898262": "2022-11-19T20:13:32",
        "21194714": "2022-12-09T09:13:59",
        "7189306": "2022-12-09T15:03:20",
        "53311": "2022-12-26T16:52:38",
        "23614": "2023-01-23T20:41:05"
    }
}[
    {
        "GHA": [
            {
                "file_name": ".github/workflows/swift.yml",
                "commit_date": "2022-09-30T17:38:06",
                "status": "added",
                "first_commit": "2022-09-30T17:38:06",
                "last_commit": "2022-09-30T17:38:06",
                "CI_type": "GHA",
                "sha": "7278c2033d9697314de428883491d211bbad7dac"
            }
        ]
    },
    {
        "Travis": []
    },
    {
        "CircleCI": []
    },
    {
        "AppVeyor": []
    },
    {
        "Azure": []
    },
    {
        "GitLab": []
    },
    {
        "Jenkins": []
    }
]