{
    "id": 539147180,
    "name": "multilingual-keyphrase-generation",
    "full_name": "amzn/multilingual-keyphrase-generation",
    "org_name": "Amazon",
    "org_id": 8594673,
    "created_at": "2022-09-20T18:57:08",
    "pushed_at": "2022-12-09T18:21:32",
    "updated_at": "2022-12-14T06:25:12",
    "isFork": false,
    "forks": 2,
    "forks_count": 2,
    "has_downloads": true,
    "has_issues": true,
    "has_pages": false,
    "has_projects": true,
    "has_wiki": true,
    "homepage": null,
    "language": "Python",
    "open_issues": 0,
    "open_issues_count": 0,
    "size": 36407,
    "stargazers_count": 5,
    "subscribers_count": 2,
    "watchers": 5,
    "watchers_count": 5,
    "first_commit": "2022-09-20T18:57:12",
    "last_commit": "2022-12-09T18:21:25",
    "branches_count": 1,
    "commit_comments_count": 0,
    "commits_count": 19,
    "countributors_count": 3,
    "downloads_count": 0,
    "events_count": 8,
    "issues_count": 0,
    "labels_count": 10,
    "milestones_count": 0,
    "PR_count": 7,
    "open_PR_count": 0,
    "readme_size": 8598,
    "release_count": 0,
    "topic_count": 0,
    "15_commits": 0,
    "16_commits": 0,
    "17_commits": 0,
    "18_commits": 0,
    "19_commits": 0,
    "20_commits": 0,
    "21_commits": 0,
    "22_commits": 19,
    "15_committer_num": 0,
    "16_committer_num": 0,
    "17_committer_num": 0,
    "18_committer_num": 0,
    "19_committer_num": 0,
    "20_committer_num": 0,
    "21_committer_num": 0,
    "22_committer_num": 3
}{
    "stargazer_date": {
        "16593196": "2022-09-21T01:50:48",
        "23121591": "2022-09-21T03:54:05",
        "88517492": "2022-09-30T04:30:24",
        "55675082": "2022-10-27T12:07:39",
        "45452832": "2022-12-14T06:25:12"
    }
}[
    {
        "GHA": {}
    },
    {
        "Travis": []
    },
    {
        "CircleCI": []
    },
    {
        "AppVeyor": []
    },
    {
        "Azure": []
    },
    {
        "GitLab": []
    },
    {
        "Jenkins": []
    }
]