{
    "id": 543313926,
    "name": "seqzero",
    "full_name": "amzn/seqzero",
    "org_name": "Amazon",
    "org_id": 8594673,
    "created_at": "2022-09-29T20:48:11",
    "pushed_at": "2022-10-04T01:01:55",
    "updated_at": "2023-03-07T05:44:55",
    "isFork": false,
    "forks": 1,
    "forks_count": 1,
    "has_downloads": true,
    "has_issues": true,
    "has_pages": false,
    "has_projects": true,
    "has_wiki": true,
    "homepage": null,
    "language": "Python",
    "open_issues": 0,
    "open_issues_count": 0,
    "size": 15024,
    "stargazers_count": 4,
    "subscribers_count": 1,
    "watchers": 4,
    "watchers_count": 4,
    "first_commit": "2022-09-29T20:48:13",
    "last_commit": "2022-10-04T01:01:49",
    "branches_count": 1,
    "commit_comments_count": 0,
    "commits_count": 13,
    "countributors_count": 1,
    "downloads_count": 0,
    "events_count": 3,
    "issues_count": 0,
    "labels_count": 9,
    "milestones_count": 0,
    "PR_count": 0,
    "open_PR_count": 0,
    "readme_size": 7367,
    "release_count": 0,
    "topic_count": 0,
    "15_commits": 0,
    "16_commits": 0,
    "17_commits": 0,
    "18_commits": 0,
    "19_commits": 0,
    "20_commits": 0,
    "21_commits": 0,
    "22_commits": 13,
    "15_committer_num": 0,
    "16_committer_num": 0,
    "17_committer_num": 0,
    "18_committer_num": 0,
    "19_committer_num": 0,
    "20_committer_num": 0,
    "21_committer_num": 0,
    "22_committer_num": 1
}{
    "stargazer_date": {
        "26218692": "2022-10-01T03:30:58",
        "178424": "2022-11-25T11:54:46",
        "43316838": "2023-03-03T15:03:21",
        "40530256": "2023-03-07T05:44:55"
    }
}[
    {
        "GHA": {}
    },
    {
        "Travis": []
    },
    {
        "CircleCI": []
    },
    {
        "AppVeyor": []
    },
    {
        "Azure": []
    },
    {
        "GitLab": []
    },
    {
        "Jenkins": []
    }
]