{
    "id": 558296937,
    "name": "sto-transformer",
    "full_name": "amzn/sto-transformer",
    "org_name": "Amazon",
    "org_id": 8594673,
    "created_at": "2022-10-27T09:12:27",
    "pushed_at": "2022-10-31T13:06:09",
    "updated_at": "2023-03-06T19:30:41",
    "isFork": false,
    "forks": 1,
    "forks_count": 1,
    "has_downloads": true,
    "has_issues": true,
    "has_pages": false,
    "has_projects": true,
    "has_wiki": true,
    "homepage": null,
    "language": "Python",
    "open_issues": 0,
    "open_issues_count": 0,
    "size": 49,
    "stargazers_count": 7,
    "subscribers_count": 2,
    "watchers": 7,
    "watchers_count": 7,
    "first_commit": "2022-10-27T09:12:30",
    "last_commit": "2022-10-31T13:05:48",
    "branches_count": 1,
    "commit_comments_count": 0,
    "commits_count": 6,
    "countributors_count": 1,
    "downloads_count": 0,
    "events_count": 1,
    "issues_count": 0,
    "labels_count": 9,
    "milestones_count": 0,
    "PR_count": 0,
    "open_PR_count": 0,
    "readme_size": 2851,
    "release_count": 0,
    "topic_count": 0,
    "15_commits": 0,
    "16_commits": 0,
    "17_commits": 0,
    "18_commits": 0,
    "19_commits": 0,
    "20_commits": 0,
    "21_commits": 0,
    "22_commits": 6,
    "15_committer_num": 0,
    "16_committer_num": 0,
    "17_committer_num": 0,
    "18_committer_num": 0,
    "19_committer_num": 0,
    "20_committer_num": 0,
    "21_committer_num": 0,
    "22_committer_num": 1
}{
    "stargazer_date": {
        "33063105": "2022-10-27T13:07:53",
        "13123649": "2022-10-28T07:35:38",
        "24391425": "2022-11-18T13:28:55",
        "17575688": "2022-11-18T17:42:31",
        "59402469": "2022-12-02T17:14:53",
        "65331018": "2022-12-08T03:29:12",
        "124655542": "2023-03-06T19:30:41"
    }
}[
    {
        "GHA": {}
    },
    {
        "Travis": []
    },
    {
        "CircleCI": []
    },
    {
        "AppVeyor": []
    },
    {
        "Azure": []
    },
    {
        "GitLab": []
    },
    {
        "Jenkins": []
    }
]