{
    "id": 576145133,
    "name": "rete-thewebconf-2022",
    "full_name": "amzn/rete-thewebconf-2022",
    "org_name": "Amazon",
    "org_id": 8594673,
    "created_at": "2022-12-09T05:30:50",
    "pushed_at": "2022-12-09T06:16:21",
    "updated_at": "2023-02-03T05:37:15",
    "isFork": false,
    "forks": 3,
    "forks_count": 3,
    "has_downloads": true,
    "has_issues": true,
    "has_pages": false,
    "has_projects": true,
    "has_wiki": true,
    "homepage": null,
    "language": "Python",
    "open_issues": 0,
    "open_issues_count": 0,
    "size": 310,
    "stargazers_count": 4,
    "subscribers_count": 4,
    "watchers": 4,
    "watchers_count": 4,
    "first_commit": "2022-12-09T05:30:52",
    "last_commit": "2022-12-09T06:16:21",
    "branches_count": 1,
    "commit_comments_count": 0,
    "commits_count": 2,
    "countributors_count": 2,
    "downloads_count": 0,
    "events_count": 11,
    "issues_count": 0,
    "labels_count": 9,
    "milestones_count": 0,
    "PR_count": 0,
    "open_PR_count": 0,
    "readme_size": 6129,
    "release_count": 0,
    "topic_count": 0,
    "15_commits": 0,
    "16_commits": 0,
    "17_commits": 0,
    "18_commits": 0,
    "19_commits": 0,
    "20_commits": 0,
    "21_commits": 0,
    "22_commits": 2,
    "15_committer_num": 0,
    "16_committer_num": 0,
    "17_committer_num": 0,
    "18_committer_num": 0,
    "19_committer_num": 0,
    "20_committer_num": 0,
    "21_committer_num": 0,
    "22_committer_num": 2
}{
    "stargazer_date": {
        "16593196": "2022-12-09T06:31:49",
        "9583775": "2022-12-11T12:19:20",
        "25170753": "2023-02-02T02:23:03",
        "88517492": "2023-02-03T05:37:15"
    }
}[
    {
        "GHA": {}
    },
    {
        "Travis": []
    },
    {
        "CircleCI": []
    },
    {
        "AppVeyor": []
    },
    {
        "Azure": []
    },
    {
        "GitLab": []
    },
    {
        "Jenkins": []
    }
]