{
    "id": 602274745,
    "name": "amazon-marketing-stream-examples",
    "full_name": "amzn/amazon-marketing-stream-examples",
    "org_name": "Amazon",
    "org_id": 8594673,
    "created_at": "2023-02-15T21:33:26",
    "pushed_at": "2023-03-07T20:11:53",
    "updated_at": "2023-03-08T20:52:30",
    "isFork": false,
    "forks": 0,
    "forks_count": 0,
    "has_downloads": true,
    "has_issues": true,
    "has_pages": false,
    "has_projects": true,
    "has_wiki": true,
    "homepage": "https://advertising.amazon.com/API/docs/en-us/amazon-marketing-stream/overview",
    "language": "Python",
    "open_issues": 0,
    "open_issues_count": 0,
    "size": 156,
    "stargazers_count": 1,
    "subscribers_count": 0,
    "watchers": 1,
    "watchers_count": 1,
    "first_commit": "2023-02-15T21:33:29",
    "last_commit": "2023-03-07T19:43:31",
    "branches_count": 1,
    "commit_comments_count": 0,
    "commits_count": 2,
    "countributors_count": 2,
    "downloads_count": 0,
    "events_count": 10,
    "issues_count": 0,
    "labels_count": 9,
    "milestones_count": 0,
    "PR_count": 0,
    "open_PR_count": 0,
    "readme_size": 11211,
    "release_count": 1,
    "topic_count": 0,
    "15_commits": 0,
    "16_commits": 0,
    "17_commits": 0,
    "18_commits": 0,
    "19_commits": 0,
    "20_commits": 0,
    "21_commits": 0,
    "22_commits": 0,
    "15_committer_num": 0,
    "16_committer_num": 0,
    "17_committer_num": 0,
    "18_committer_num": 0,
    "19_committer_num": 0,
    "20_committer_num": 0,
    "21_committer_num": 0,
    "22_committer_num": 0
}{
    "stargazer_date": {
        "491247": "2023-03-08T20:52:30"
    }
}[
    {
        "GHA": {}
    },
    {
        "Travis": []
    },
    {
        "CircleCI": []
    },
    {
        "AppVeyor": []
    },
    {
        "Azure": []
    },
    {
        "GitLab": []
    },
    {
        "Jenkins": []
    }
]