{
    "id": 608950917,
    "name": "amazon-sidewalk-android-samples",
    "full_name": "amzn/amazon-sidewalk-android-samples",
    "org_name": "Amazon",
    "org_id": 8594673,
    "created_at": "2023-03-03T03:49:07",
    "pushed_at": "2023-03-08T15:13:48",
    "updated_at": "2023-03-09T02:45:40",
    "isFork": false,
    "forks": 0,
    "forks_count": 0,
    "has_downloads": true,
    "has_issues": true,
    "has_pages": false,
    "has_projects": true,
    "has_wiki": true,
    "homepage": "https://www.amazon.com/sidewalk",
    "language": "Kotlin",
    "open_issues": 0,
    "open_issues_count": 0,
    "size": 176,
    "stargazers_count": 0,
    "subscribers_count": 1,
    "watchers": 0,
    "watchers_count": 0,
    "first_commit": "2023-03-03T03:49:10",
    "last_commit": "2023-03-06T05:49:45",
    "branches_count": 1,
    "commit_comments_count": 0,
    "commits_count": 2,
    "countributors_count": 2,
    "downloads_count": 0,
    "events_count": 11,
    "issues_count": 0,
    "labels_count": 9,
    "milestones_count": 0,
    "PR_count": 0,
    "open_PR_count": 0,
    "readme_size": 1776,
    "release_count": 0,
    "topic_count": 1,
    "15_commits": 0,
    "16_commits": 0,
    "17_commits": 0,
    "18_commits": 0,
    "19_commits": 0,
    "20_commits": 0,
    "21_commits": 0,
    "22_commits": 0,
    "15_committer_num": 0,
    "16_committer_num": 0,
    "17_committer_num": 0,
    "18_committer_num": 0,
    "19_committer_num": 0,
    "20_committer_num": 0,
    "21_committer_num": 0,
    "22_committer_num": 0
}{
    "stargazer_date": {}
}[
    {
        "GHA": {}
    },
    {
        "Travis": []
    },
    {
        "CircleCI": []
    },
    {
        "AppVeyor": []
    },
    {
        "Azure": []
    },
    {
        "GitLab": []
    },
    {
        "Jenkins": []
    }
]