{
    "id": 608975226,
    "name": "amazon-sidewalk-ios-samples",
    "full_name": "amzn/amazon-sidewalk-ios-samples",
    "org_name": "Amazon",
    "org_id": 8594673,
    "created_at": "2023-03-03T05:28:13",
    "pushed_at": "2023-03-09T01:12:36",
    "updated_at": "2023-03-09T07:24:10",
    "isFork": false,
    "forks": 0,
    "forks_count": 0,
    "has_downloads": true,
    "has_issues": true,
    "has_pages": false,
    "has_projects": true,
    "has_wiki": true,
    "homepage": "https://www.amazon.com/sidewalk",
    "language": "Swift",
    "open_issues": 0,
    "open_issues_count": 0,
    "size": 28,
    "stargazers_count": 1,
    "subscribers_count": 1,
    "watchers": 1,
    "watchers_count": 1,
    "first_commit": "2023-03-03T05:28:16",
    "last_commit": "2023-03-06T08:24:08",
    "branches_count": 1,
    "commit_comments_count": 0,
    "commits_count": 2,
    "countributors_count": 2,
    "downloads_count": 0,
    "events_count": 7,
    "issues_count": 0,
    "labels_count": 9,
    "milestones_count": 0,
    "PR_count": 0,
    "open_PR_count": 0,
    "readme_size": 2769,
    "release_count": 0,
    "topic_count": 1,
    "15_commits": 0,
    "16_commits": 0,
    "17_commits": 0,
    "18_commits": 0,
    "19_commits": 0,
    "20_commits": 0,
    "21_commits": 0,
    "22_commits": 0,
    "15_committer_num": 0,
    "16_committer_num": 0,
    "17_committer_num": 0,
    "18_committer_num": 0,
    "19_committer_num": 0,
    "20_committer_num": 0,
    "21_committer_num": 0,
    "22_committer_num": 0
}{
    "stargazer_date": {
        "13061892": "2023-03-09T07:24:10"
    }
}[
    {
        "GHA": {}
    },
    {
        "Travis": []
    },
    {
        "CircleCI": []
    },
    {
        "AppVeyor": []
    },
    {
        "Azure": []
    },
    {
        "GitLab": []
    },
    {
        "Jenkins": []
    }
]