{
    "id": 86101701,
    "name": "amazon-instant-access-sdk-ruby",
    "full_name": "amzn/amazon-instant-access-sdk-ruby",
    "org_name": "Amazon",
    "org_id": 8594673,
    "created_at": "2017-03-24T19:01:15",
    "pushed_at": "2018-05-30T19:48:01",
    "updated_at": "2021-07-10T13:28:18",
    "isFork": false,
    "forks": 10,
    "forks_count": 10,
    "has_downloads": true,
    "has_issues": true,
    "has_pages": false,
    "has_projects": true,
    "has_wiki": false,
    "homepage": "",
    "language": "Ruby",
    "open_issues": 0,
    "open_issues_count": 0,
    "size": 16,
    "stargazers_count": 6,
    "subscribers_count": 6,
    "watchers": 6,
    "watchers_count": 6,
    "first_commit": "2017-03-24T19:01:16",
    "last_commit": "2018-05-30T19:48:00",
    "branches_count": 1,
    "commit_comments_count": 0,
    "commits_count": 9,
    "countributors_count": 4,
    "downloads_count": 0,
    "events_count": 0,
    "issues_count": 0,
    "labels_count": 7,
    "milestones_count": 0,
    "PR_count": 1,
    "open_PR_count": 0,
    "readme_size": 8579,
    "release_count": 1,
    "topic_count": 0,
    "15_commits": 0,
    "16_commits": 0,
    "17_commits": 7,
    "18_commits": 2,
    "19_commits": 0,
    "20_commits": 0,
    "21_commits": 0,
    "22_commits": 0,
    "15_committer_num": 0,
    "16_committer_num": 0,
    "17_committer_num": 2,
    "18_committer_num": 2,
    "19_committer_num": 0,
    "20_committer_num": 0,
    "21_committer_num": 0,
    "22_committer_num": 0
}{
    "stargazer_date": {
        "491513": "2018-08-02T17:43:55",
        "1835192": "2018-08-06T12:49:42",
        "19356869": "2018-09-18T22:46:11",
        "42984807": "2019-06-05T17:49:55",
        "9933677": "2020-07-31T06:20:30",
        "70458154": "2021-07-10T13:28:18"
    }
}[
    {
        "GHA": {}
    },
    {
        "Travis": []
    },
    {
        "CircleCI": []
    },
    {
        "AppVeyor": []
    },
    {
        "Azure": []
    },
    {
        "GitLab": []
    },
    {
        "Jenkins": []
    }
]