{
    "id": 95911524,
    "name": "jekyll-doc-project",
    "full_name": "amzn/jekyll-doc-project",
    "org_name": "Amazon",
    "org_id": 8594673,
    "created_at": "2017-06-30T17:50:47",
    "pushed_at": "2021-03-02T23:58:49",
    "updated_at": "2022-12-09T21:46:46",
    "isFork": false,
    "forks": 48,
    "forks_count": 48,
    "has_downloads": true,
    "has_issues": true,
    "has_pages": false,
    "has_projects": true,
    "has_wiki": false,
    "homepage": null,
    "language": "HTML",
    "open_issues": 0,
    "open_issues_count": 0,
    "size": 2811,
    "stargazers_count": 31,
    "subscribers_count": 10,
    "watchers": 31,
    "watchers_count": 31,
    "first_commit": "2017-06-30T17:50:48",
    "last_commit": "2021-03-02T23:58:49",
    "branches_count": 1,
    "commit_comments_count": 0,
    "commits_count": 7,
    "countributors_count": 3,
    "downloads_count": 0,
    "events_count": 7,
    "issues_count": 0,
    "labels_count": 7,
    "milestones_count": 0,
    "PR_count": 2,
    "open_PR_count": 0,
    "readme_size": 398,
    "release_count": 0,
    "topic_count": 0,
    "15_commits": 0,
    "16_commits": 0,
    "17_commits": 3,
    "18_commits": 2,
    "19_commits": 0,
    "20_commits": 0,
    "21_commits": 2,
    "22_commits": 0,
    "15_committer_num": 0,
    "16_committer_num": 0,
    "17_committer_num": 2,
    "18_committer_num": 1,
    "19_committer_num": 0,
    "20_committer_num": 0,
    "21_committer_num": 1,
    "22_committer_num": 0
}{
    "stargazer_date": {
        "1610828": "2017-07-14T04:59:55",
        "6494785": "2017-08-23T15:36:21",
        "14157804": "2017-08-24T00:10:16",
        "6065530": "2017-08-24T08:25:10",
        "29706227": "2017-10-26T13:09:06",
        "29604651": "2017-10-26T13:09:44",
        "1505907": "2017-12-12T08:22:57",
        "7922526": "2018-01-08T15:50:38",
        "1077495": "2018-01-26T05:12:27",
        "4260261": "2018-02-01T22:49:31",
        "177933": "2018-02-16T17:15:27",
        "11574": "2018-05-09T23:11:14",
        "34649935": "2018-05-10T08:37:58",
        "1545428": "2018-05-25T08:15:03",
        "19528243": "2018-07-27T03:27:57",
        "491513": "2018-08-02T17:44:02",
        "41618462": "2018-08-08T06:08:30",
        "38268019": "2019-02-07T03:32:45",
        "26553392": "2019-03-08T14:58:11",
        "2423855": "2019-03-12T15:45:56",
        "42984807": "2019-06-05T17:49:51",
        "131235": "2019-07-05T20:29:36",
        "9933677": "2020-07-31T06:19:56",
        "60866304": "2020-12-05T05:54:10",
        "19550222": "2021-01-10T19:58:37",
        "70458154": "2021-07-10T08:42:28",
        "6785435": "2021-09-22T10:33:19",
        "47810527": "2021-10-04T02:32:46",
        "60306074": "2022-02-22T04:47:30",
        "1379370": "2022-08-28T16:51:51",
        "56972989": "2022-12-09T21:46:46"
    }
}[
    {
        "GHA": {}
    },
    {
        "Travis": []
    },
    {
        "CircleCI": []
    },
    {
        "AppVeyor": []
    },
    {
        "Azure": []
    },
    {
        "GitLab": []
    },
    {
        "Jenkins": []
    }
]