{
    "id": 98936297,
    "name": "oss-attribution-builder",
    "full_name": "amzn/oss-attribution-builder",
    "org_name": "Amazon",
    "org_id": 8594673,
    "created_at": "2017-07-31T22:45:32",
    "pushed_at": "2021-03-30T23:07:52",
    "updated_at": "2023-02-15T03:42:23",
    "isFork": false,
    "forks": 25,
    "forks_count": 25,
    "has_downloads": true,
    "has_issues": true,
    "has_pages": false,
    "has_projects": false,
    "has_wiki": false,
    "homepage": null,
    "language": "TypeScript",
    "open_issues": 1,
    "open_issues_count": 1,
    "size": 3394,
    "stargazers_count": 77,
    "subscribers_count": 9,
    "watchers": 77,
    "watchers_count": 77,
    "first_commit": "2018-03-26T22:35:48",
    "last_commit": "2021-03-30T23:07:42",
    "branches_count": 3,
    "commit_comments_count": 1,
    "commits_count": 162,
    "countributors_count": 5,
    "downloads_count": 0,
    "events_count": 1,
    "issues_count": 1,
    "labels_count": 9,
    "milestones_count": 0,
    "PR_count": 18,
    "open_PR_count": 0,
    "readme_size": 5679,
    "release_count": 2,
    "topic_count": 3,
    "15_commits": 0,
    "16_commits": 0,
    "17_commits": 58,
    "18_commits": 43,
    "19_commits": 35,
    "20_commits": 24,
    "21_commits": 2,
    "22_commits": 0,
    "15_committer_num": 0,
    "16_committer_num": 0,
    "17_committer_num": 3,
    "18_committer_num": 2,
    "19_committer_num": 2,
    "20_committer_num": 3,
    "21_committer_num": 0,
    "22_committer_num": 0
}{
    "stargazer_date": {
        "95346": "2017-07-31T22:51:10",
        "24822031": "2017-08-04T23:29:09",
        "200770": "2017-08-05T01:38:31",
        "821115": "2017-08-05T01:41:03",
        "3757713": "2017-08-07T15:47:05",
        "40245": "2017-08-07T23:00:21",
        "169536": "2017-08-08T22:42:49",
        "1453749": "2017-08-31T15:08:57",
        "427420": "2017-09-20T23:18:56",
        "477715": "2017-09-22T16:44:24",
        "5260": "2017-09-28T15:26:43",
        "349154": "2017-11-28T17:33:22",
        "1942529": "2017-12-24T17:43:25",
        "14338588": "2018-01-13T14:00:25",
        "15147040": "2018-04-08T20:23:40",
        "17101092": "2018-07-03T22:56:45",
        "422054": "2018-07-04T08:14:42",
        "102575": "2018-07-05T12:45:54",
        "491513": "2018-08-02T17:44:11",
        "58620": "2018-08-26T00:55:28",
        "346678": "2018-09-05T05:32:16",
        "45340902": "2019-01-11T05:37:24",
        "20860044": "2019-02-26T13:08:42",
        "26553392": "2019-03-08T14:55:55",
        "4129506": "2019-03-11T16:05:47",
        "970862": "2019-03-16T20:36:45",
        "16433547": "2019-03-17T02:26:16",
        "43209": "2019-05-01T14:53:32",
        "5316595": "2019-05-20T23:43:47",
        "187720": "2019-05-30T10:20:50",
        "42984807": "2019-06-05T17:46:22",
        "1002461": "2019-06-27T09:11:10",
        "706967": "2019-06-28T05:16:45",
        "1760705": "2019-07-02T01:12:46",
        "6350301": "2019-07-02T01:51:45",
        "5493666": "2019-07-02T05:34:17",
        "43314": "2019-07-02T08:08:10",
        "5459382": "2019-07-02T13:53:30",
        "111569": "2019-07-02T14:00:18",
        "136069": "2019-07-03T01:33:56",
        "1394282": "2019-07-03T07:53:49",
        "6896234": "2019-07-04T03:49:34",
        "3680424": "2019-07-09T15:46:52",
        "1505907": "2019-07-16T23:32:05",
        "10335": "2019-07-17T17:41:48",
        "1388041": "2019-08-28T15:03:45",
        "26358815": "2019-09-14T15:01:18",
        "56013197": "2019-11-08T04:54:58",
        "33432502": "2019-11-09T03:22:30",
        "12729391": "2020-01-03T18:29:04",
        "3384157": "2020-04-25T22:16:18",
        "4063206": "2020-06-02T07:39:17",
        "52171982": "2020-06-02T17:15:52",
        "5182698": "2020-06-08T22:31:55",
        "15333098": "2020-06-18T01:14:07",
        "38713281": "2020-06-19T11:37:35",
        "2629629": "2020-07-17T10:28:57",
        "9933677": "2020-07-31T05:57:09",
        "676032": "2020-08-04T21:23:38",
        "32783916": "2020-09-19T03:06:18",
        "421374": "2020-09-28T19:36:20",
        "33106667": "2020-12-13T22:21:31",
        "613956": "2020-12-21T09:12:52",
        "19519564": "2021-01-23T05:49:48",
        "73091": "2021-01-23T08:01:23",
        "45467763": "2021-04-20T17:21:02",
        "2772730": "2021-05-26T14:49:02",
        "23740773": "2021-05-27T13:49:37",
        "8768743": "2021-06-23T23:39:15",
        "70458154": "2021-07-10T08:37:55",
        "14247193": "2021-11-04T05:44:42",
        "46758038": "2021-12-17T01:52:57",
        "318919": "2022-01-27T20:59:21",
        "6044603": "2022-04-21T17:45:43",
        "22953598": "2022-06-29T17:20:13",
        "113761106": "2022-09-29T20:53:14",
        "61068799": "2023-02-15T03:42:23"
    }
}[
    {
        "GHA": {}
    },
    {
        "Travis": [
            {
                "file_name": "/.travis.yml",
                "commit_date": "2019-10-18T00:03:06",
                "status": "modified",
                "first_commit": "2017-08-18T16:57:51",
                "last_commit": "2019-10-18T00:03:06",
                "CI_type": "Travis",
                "sha": "a75147f1b4486ed00613625e108480c3d93b2d40"
            },
            {
                "file_name": "/.travis.yml",
                "commit_date": "2018-06-14T19:44:31",
                "status": "modified",
                "first_commit": "2017-08-18T16:57:51",
                "last_commit": "2019-10-18T00:03:06",
                "CI_type": "Travis",
                "sha": "fef54a9f0ebcb3ba3518cf5d1fe1fa730ac83d20"
            },
            {
                "file_name": "/.travis.yml",
                "commit_date": "2017-08-18T16:57:51",
                "status": "added",
                "first_commit": "2017-08-18T16:57:51",
                "last_commit": "2019-10-18T00:03:06",
                "CI_type": "Travis",
                "sha": "b6e0afba6b993abccf0457b1c37d3615a5d0b9a6"
            }
        ]
    },
    {
        "CircleCI": []
    },
    {
        "AppVeyor": []
    },
    {
        "Azure": []
    },
    {
        "GitLab": []
    },
    {
        "Jenkins": []
    }
]