{
    "id": 108809001,
    "name": "motan-php",
    "full_name": "weibocom/motan-php",
    "org_name": "Weibo R&D Open Source Projects",
    "org_id": 3916448,
    "created_at": "2017-10-30T06:09:49",
    "pushed_at": "2022-02-24T03:51:40",
    "updated_at": "2022-11-19T13:08:18",
    "isFork": false,
    "forks": 29,
    "forks_count": 29,
    "has_downloads": true,
    "has_issues": true,
    "has_pages": false,
    "has_projects": true,
    "has_wiki": true,
    "homepage": null,
    "language": "PHP",
    "open_issues": 5,
    "open_issues_count": 5,
    "size": 16142,
    "stargazers_count": 81,
    "subscribers_count": 17,
    "watchers": 81,
    "watchers_count": 81,
    "first_commit": "2019-01-10T08:18:17",
    "last_commit": "2022-01-30T07:47:31",
    "branches_count": 6,
    "commit_comments_count": 0,
    "commits_count": 150,
    "countributors_count": 4,
    "downloads_count": 0,
    "events_count": 0,
    "issues_count": 5,
    "labels_count": 8,
    "milestones_count": 0,
    "PR_count": 36,
    "open_PR_count": 0,
    "readme_size": 3371,
    "release_count": 14,
    "topic_count": 0,
    "15_commits": 0,
    "16_commits": 0,
    "17_commits": 5,
    "18_commits": 17,
    "19_commits": 118,
    "20_commits": 8,
    "21_commits": 1,
    "22_commits": 1,
    "15_committer_num": 0,
    "16_committer_num": 0,
    "17_committer_num": 1,
    "18_committer_num": 3,
    "19_committer_num": 1,
    "20_committer_num": 2,
    "21_committer_num": 1,
    "22_committer_num": 1
}{
    "stargazer_date": {
        "3389974": "2017-11-01T03:11:07",
        "2917437": "2017-11-01T09:13:11",
        "10859621": "2017-11-03T07:49:19",
        "15404712": "2017-11-04T01:45:21",
        "2113827": "2017-11-04T02:26:22",
        "241508": "2017-11-06T01:16:25",
        "1625837": "2017-11-06T06:42:36",
        "877946": "2017-11-09T13:06:56",
        "18461675": "2017-11-13T10:13:51",
        "1430716": "2017-11-24T11:08:31",
        "15243808": "2017-11-30T01:24:19",
        "12997869": "2017-11-30T06:03:42",
        "20492061": "2017-12-01T03:42:36",
        "5158583": "2017-12-03T10:14:55",
        "3986303": "2017-12-04T02:23:47",
        "5485575": "2017-12-04T08:02:32",
        "3905322": "2017-12-06T02:11:59",
        "19683838": "2017-12-08T08:11:23",
        "436187": "2017-12-11T01:23:47",
        "4137296": "2017-12-14T11:08:40",
        "5326822": "2017-12-20T08:51:21",
        "94154": "2017-12-25T02:30:10",
        "11808228": "2017-12-28T03:21:19",
        "8166323": "2018-01-01T13:33:06",
        "3907286": "2018-01-04T05:42:27",
        "5488697": "2018-01-21T11:43:24",
        "1689206": "2018-03-20T12:31:16",
        "12322141": "2018-03-21T08:09:10",
        "2735633": "2018-04-08T16:40:58",
        "11496442": "2018-04-10T07:33:19",
        "11016039": "2018-05-06T03:15:00",
        "16462158": "2018-05-06T08:34:45",
        "35207566": "2018-05-22T09:40:49",
        "1317859": "2018-05-28T08:26:01",
        "17514334": "2018-05-29T04:22:09",
        "24377892": "2018-05-29T06:00:59",
        "3972545": "2018-06-24T06:13:41",
        "8201420": "2018-06-27T07:45:49",
        "8870925": "2018-08-13T14:04:46",
        "13486464": "2018-08-23T11:32:06",
        "11014061": "2018-08-27T18:59:56",
        "15007688": "2018-08-30T08:27:12",
        "16960357": "2018-08-31T02:15:11",
        "2803069": "2018-09-10T01:30:45",
        "1501291": "2018-10-08T14:50:19",
        "8402647": "2018-10-16T06:12:32",
        "6647686": "2018-10-17T07:07:10",
        "15728073": "2018-11-02T09:12:17",
        "9279757": "2018-11-08T06:17:25",
        "29529679": "2018-11-22T06:10:15",
        "43855146": "2018-11-24T08:30:41",
        "16068782": "2018-11-26T06:47:04",
        "19453593": "2018-12-07T01:46:15",
        "689537": "2019-01-03T11:03:19",
        "21170032": "2019-01-30T02:28:16",
        "11714528": "2019-03-04T12:00:32",
        "18373092": "2019-03-14T02:43:01",
        "24623202": "2019-03-23T18:01:20",
        "22321893": "2019-04-14T15:15:38",
        "7897528": "2019-04-22T05:32:21",
        "20613852": "2019-05-01T18:52:47",
        "4151408": "2019-05-19T06:05:07",
        "14203475": "2019-05-30T09:56:58",
        "25435118": "2019-06-11T06:49:30",
        "5095065": "2019-06-13T05:10:02",
        "13268612": "2019-06-26T06:33:48",
        "2363477": "2019-07-02T14:21:40",
        "7195362": "2019-07-06T03:38:29",
        "36726535": "2019-07-13T06:55:25",
        "16409772": "2019-08-14T07:01:24",
        "1825679": "2019-08-16T09:35:31",
        "20350202": "2019-10-25T11:33:15",
        "29562589": "2020-01-10T02:47:59",
        "3335775": "2020-04-03T05:12:04",
        "23653358": "2020-04-10T08:18:07",
        "17846775": "2020-05-11T02:47:27",
        "17439300": "2021-04-22T07:51:50",
        "15346702": "2021-10-13T10:08:59",
        "4533203": "2021-10-22T08:32:41",
        "10385587": "2022-11-09T10:00:13",
        "44914212": "2022-11-19T13:08:18"
    }
}[
    {
        "GHA": {}
    },
    {
        "Travis": [
            {
                "file_name": "/.travis.yml",
                "commit_date": "2019-05-20T14:35:43",
                "status": "modified",
                "first_commit": "2019-01-09T04:40:32",
                "last_commit": "2019-05-20T14:35:43",
                "CI_type": "Travis",
                "sha": "d4ab9a22e3b945b6645992f02b1873cf38e8bfc0"
            },
            {
                "file_name": "/.travis.yml",
                "commit_date": "2019-03-22T08:32:02",
                "status": "modified",
                "first_commit": "2019-01-09T04:40:32",
                "last_commit": "2019-05-20T14:35:43",
                "CI_type": "Travis",
                "sha": "2c6a98c2acc28bb62dbe2d1abc82aaa23c447d9d"
            },
            {
                "file_name": "/.travis.yml",
                "commit_date": "2019-03-21T14:36:47",
                "status": "modified",
                "first_commit": "2019-01-09T04:40:32",
                "last_commit": "2019-05-20T14:35:43",
                "CI_type": "Travis",
                "sha": "d72efd255c224090b2c0d244638c32226850e9bd"
            },
            {
                "file_name": "/.travis.yml",
                "commit_date": "2019-03-21T13:59:43",
                "status": "modified",
                "first_commit": "2019-01-09T04:40:32",
                "last_commit": "2019-05-20T14:35:43",
                "CI_type": "Travis",
                "sha": "812f156f95966905f8bf3784a23ec880f4f95a11"
            },
            {
                "file_name": "/.travis.yml",
                "commit_date": "2019-03-21T11:47:08",
                "status": "modified",
                "first_commit": "2019-01-09T04:40:32",
                "last_commit": "2019-05-20T14:35:43",
                "CI_type": "Travis",
                "sha": "ed8dcb9a62a589805b36d7344ad158eb2a54a955"
            },
            {
                "file_name": "/.travis.yml",
                "commit_date": "2019-03-21T11:38:20",
                "status": "modified",
                "first_commit": "2019-01-09T04:40:32",
                "last_commit": "2019-05-20T14:35:43",
                "CI_type": "Travis",
                "sha": "6306589e9fabfc428e2d3b094afc9e8ec86b4b53"
            },
            {
                "file_name": "/.travis.yml",
                "commit_date": "2019-03-21T11:18:04",
                "status": "modified",
                "first_commit": "2019-01-09T04:40:32",
                "last_commit": "2019-05-20T14:35:43",
                "CI_type": "Travis",
                "sha": "07f9d186f6b0f25c49cd3d0b1792934e7f8d4309"
            },
            {
                "file_name": "/.travis.yml",
                "commit_date": "2019-03-21T11:06:05",
                "status": "modified",
                "first_commit": "2019-01-09T04:40:32",
                "last_commit": "2019-05-20T14:35:43",
                "CI_type": "Travis",
                "sha": "dbf0320cf141e50fbeb3873c2bcffa2761f5c4a4"
            },
            {
                "file_name": "/.travis.yml",
                "commit_date": "2019-03-21T11:00:02",
                "status": "modified",
                "first_commit": "2019-01-09T04:40:32",
                "last_commit": "2019-05-20T14:35:43",
                "CI_type": "Travis",
                "sha": "51fd546654586c44456b38dfaca329a662d1f8dd"
            },
            {
                "file_name": "/.travis.yml",
                "commit_date": "2019-03-21T09:56:35",
                "status": "modified",
                "first_commit": "2019-01-09T04:40:32",
                "last_commit": "2019-05-20T14:35:43",
                "CI_type": "Travis",
                "sha": "688c7081c83d7e34e97bdaf09b6528d697d24fe3"
            },
            {
                "file_name": "/.travis.yml",
                "commit_date": "2019-03-21T09:52:06",
                "status": "modified",
                "first_commit": "2019-01-09T04:40:32",
                "last_commit": "2019-05-20T14:35:43",
                "CI_type": "Travis",
                "sha": "f8abb2e4fdfdf7169b4bc375b0dee9e49440e418"
            },
            {
                "file_name": "/.travis.yml",
                "commit_date": "2019-03-21T09:44:02",
                "status": "modified",
                "first_commit": "2019-01-09T04:40:32",
                "last_commit": "2019-05-20T14:35:43",
                "CI_type": "Travis",
                "sha": "f2087d9f277a8f4dc1d23758900def87f8f359c4"
            },
            {
                "file_name": "/.travis.yml",
                "commit_date": "2019-03-21T09:33:51",
                "status": "modified",
                "first_commit": "2019-01-09T04:40:32",
                "last_commit": "2019-05-20T14:35:43",
                "CI_type": "Travis",
                "sha": "fd04b9165f2c0d2f217b0d9c1ef13fa32ef4af49"
            },
            {
                "file_name": "/.travis.yml",
                "commit_date": "2019-03-21T09:28:24",
                "status": "modified",
                "first_commit": "2019-01-09T04:40:32",
                "last_commit": "2019-05-20T14:35:43",
                "CI_type": "Travis",
                "sha": "ffff08f29f6504854e765248af46875187a145f4"
            },
            {
                "file_name": "/.travis.yml",
                "commit_date": "2019-03-05T07:59:39",
                "status": "modified",
                "first_commit": "2019-01-09T04:40:32",
                "last_commit": "2019-05-20T14:35:43",
                "CI_type": "Travis",
                "sha": "6dfc342ff7cfc312fc05484039eeb0095633cb75"
            },
            {
                "file_name": "/.travis.yml",
                "commit_date": "2019-03-05T07:01:23",
                "status": "modified",
                "first_commit": "2019-01-09T04:40:32",
                "last_commit": "2019-05-20T14:35:43",
                "CI_type": "Travis",
                "sha": "a94b0e097ed66a042b91a116fed18ab5b3763c9e"
            },
            {
                "file_name": "/.travis.yml",
                "commit_date": "2019-03-05T04:15:11",
                "status": "modified",
                "first_commit": "2019-01-09T04:40:32",
                "last_commit": "2019-05-20T14:35:43",
                "CI_type": "Travis",
                "sha": "47ccce2cb3c63fc3888c92d5aa0b0b14d7b05831"
            },
            {
                "file_name": "/.travis.yml",
                "commit_date": "2019-03-05T03:32:02",
                "status": "modified",
                "first_commit": "2019-01-09T04:40:32",
                "last_commit": "2019-05-20T14:35:43",
                "CI_type": "Travis",
                "sha": "c899fe985a864ad91dfc4f777ee0b6eb0537eaad"
            },
            {
                "file_name": "/.travis.yml",
                "commit_date": "2019-01-10T08:14:06",
                "status": "modified",
                "first_commit": "2019-01-09T04:40:32",
                "last_commit": "2019-05-20T14:35:43",
                "CI_type": "Travis",
                "sha": "c353d4c1cef23fb6eb11f21c29cc55fd324545a0"
            },
            {
                "file_name": "/.travis.yml",
                "commit_date": "2019-01-10T07:54:40",
                "status": "modified",
                "first_commit": "2019-01-09T04:40:32",
                "last_commit": "2019-05-20T14:35:43",
                "CI_type": "Travis",
                "sha": "7ccd71330330b49db47434e43aaa25cec60fd221"
            },
            {
                "file_name": "/.travis.yml",
                "commit_date": "2019-01-10T07:35:25",
                "status": "modified",
                "first_commit": "2019-01-09T04:40:32",
                "last_commit": "2019-05-20T14:35:43",
                "CI_type": "Travis",
                "sha": "d2260809c4a654f558446a6cebd931ad6ac6d0d1"
            },
            {
                "file_name": "/.travis.yml",
                "commit_date": "2019-01-10T07:26:27",
                "status": "modified",
                "first_commit": "2019-01-09T04:40:32",
                "last_commit": "2019-05-20T14:35:43",
                "CI_type": "Travis",
                "sha": "3318c8aea2d4c6d15cbfd5833209a6f096b81f31"
            },
            {
                "file_name": "/.travis.yml",
                "commit_date": "2019-01-10T07:03:26",
                "status": "modified",
                "first_commit": "2019-01-09T04:40:32",
                "last_commit": "2019-05-20T14:35:43",
                "CI_type": "Travis",
                "sha": "18e9145f9de25f0e813d5e641883cefd67afb265"
            },
            {
                "file_name": "/.travis.yml",
                "commit_date": "2019-01-10T00:47:50",
                "status": "modified",
                "first_commit": "2019-01-09T04:40:32",
                "last_commit": "2019-05-20T14:35:43",
                "CI_type": "Travis",
                "sha": "99639a30512be8fcdc7f080b7adee1cb8ed7c5c7"
            },
            {
                "file_name": "/.travis.yml",
                "commit_date": "2019-01-10T00:28:56",
                "status": "modified",
                "first_commit": "2019-01-09T04:40:32",
                "last_commit": "2019-05-20T14:35:43",
                "CI_type": "Travis",
                "sha": "e5b431010ff886e6d38025f07d108c40e563db24"
            },
            {
                "file_name": "/.travis.yml",
                "commit_date": "2019-01-09T04:48:57",
                "status": "modified",
                "first_commit": "2019-01-09T04:40:32",
                "last_commit": "2019-05-20T14:35:43",
                "CI_type": "Travis",
                "sha": "adc33faf1fce28458feec8d36456daf21245f1a7"
            },
            {
                "file_name": "/.travis.yml",
                "commit_date": "2019-01-09T04:40:32",
                "status": "renamed",
                "first_commit": "2019-01-09T04:40:32",
                "last_commit": "2019-05-20T14:35:43",
                "CI_type": "Travis",
                "sha": "094ee06d90db46c0215b65b5da329be47dec379b"
            }
        ]
    },
    {
        "CircleCI": []
    },
    {
        "AppVeyor": []
    },
    {
        "Azure": []
    },
    {
        "GitLab": []
    },
    {
        "Jenkins": []
    }
]