{
    "id": 124071805,
    "name": "steem",
    "full_name": "weibocom/steem",
    "org_name": "Weibo R&D Open Source Projects",
    "org_id": 3916448,
    "created_at": "2018-03-06T11:57:29",
    "pushed_at": "2018-07-03T12:30:15",
    "updated_at": "2018-07-06T01:05:15",
    "isFork": true,
    "forks": 2,
    "forks_count": 2,
    "has_downloads": true,
    "has_issues": false,
    "has_pages": false,
    "has_projects": true,
    "has_wiki": false,
    "homepage": "https://steem.io",
    "language": "C++",
    "open_issues": 0,
    "open_issues_count": 0,
    "size": 12848,
    "stargazers_count": 3,
    "subscribers_count": 5,
    "watchers": 3,
    "watchers_count": 3,
    "first_commit": "2018-03-01T15:10:17",
    "last_commit": "2018-06-21T12:30:46",
    "branches_count": 207,
    "commit_comments_count": 0,
    "commits_count": 3192,
    "countributors_count": 51,
    "downloads_count": 0,
    "events_count": 0,
    "issues_count": 0,
    "labels_count": 8,
    "milestones_count": 0,
    "PR_count": 3,
    "open_PR_count": 0,
    "readme_size": 7735,
    "release_count": 0,
    "topic_count": 0,
    "15_commits": 0,
    "16_commits": 1412,
    "17_commits": 1438,
    "18_commits": 342,
    "19_commits": 0,
    "20_commits": 0,
    "21_commits": 0,
    "22_commits": 0,
    "15_committer_num": 0,
    "16_committer_num": 20,
    "17_committer_num": 30,
    "18_committer_num": 21,
    "19_committer_num": 0,
    "20_committer_num": 0,
    "21_committer_num": 0,
    "22_committer_num": 0
}{
    "stargazer_date": {
        "1677452": "2018-03-07T05:10:34",
        "16449644": "2018-06-23T15:04:38",
        "7107760": "2018-07-06T01:05:15"
    }
}[
    {
        "GHA": {}
    },
    {
        "Travis": []
    },
    {
        "CircleCI": []
    },
    {
        "AppVeyor": []
    },
    {
        "Azure": []
    },
    {
        "GitLab": []
    },
    {
        "Jenkins": [
            {
                "file_name": "/Jenkinsfile",
                "commit_date": "2017-02-04T15:15:56",
                "status": "modified",
                "first_commit": "2017-02-03T22:23:19",
                "last_commit": "2017-02-04T15:15:56",
                "CI_type": "Jenkins",
                "sha": "48ad68cc2aeb38b5390d6331462a4adfe898bed3"
            },
            {
                "file_name": "/Jenkinsfile",
                "commit_date": "2017-02-04T07:25:01",
                "status": "modified",
                "first_commit": "2017-02-03T22:23:19",
                "last_commit": "2017-02-04T15:15:56",
                "CI_type": "Jenkins",
                "sha": "ecd384787e9e0ef6be369d35d60463297f5d683f"
            },
            {
                "file_name": "/Jenkinsfile",
                "commit_date": "2017-02-04T05:44:43",
                "status": "modified",
                "first_commit": "2017-02-03T22:23:19",
                "last_commit": "2017-02-04T15:15:56",
                "CI_type": "Jenkins",
                "sha": "7f8d900e541c4687a28c6ce844dd4c8dc1e67cc3"
            },
            {
                "file_name": "/Jenkinsfile",
                "commit_date": "2017-02-04T02:29:35",
                "status": "modified",
                "first_commit": "2017-02-03T22:23:19",
                "last_commit": "2017-02-04T15:15:56",
                "CI_type": "Jenkins",
                "sha": "f14bb7cff5f28b72ce1d000fa6efbdb1680f863c"
            },
            {
                "file_name": "/Jenkinsfile",
                "commit_date": "2017-02-04T02:15:13",
                "status": "modified",
                "first_commit": "2017-02-03T22:23:19",
                "last_commit": "2017-02-04T15:15:56",
                "CI_type": "Jenkins",
                "sha": "7b0b28c1af99194b2550c534e16129c849d7cdc5"
            },
            {
                "file_name": "/Jenkinsfile",
                "commit_date": "2017-02-04T01:10:39",
                "status": "modified",
                "first_commit": "2017-02-03T22:23:19",
                "last_commit": "2017-02-04T15:15:56",
                "CI_type": "Jenkins",
                "sha": "9d8893422ed092ba233c8fdc6c5bede39fd34a13"
            },
            {
                "file_name": "/Jenkinsfile",
                "commit_date": "2017-02-04T00:38:47",
                "status": "modified",
                "first_commit": "2017-02-03T22:23:19",
                "last_commit": "2017-02-04T15:15:56",
                "CI_type": "Jenkins",
                "sha": "cfd4355080b2491ddceae7dfbfba4cd9346c2d2c"
            },
            {
                "file_name": "/Jenkinsfile",
                "commit_date": "2017-02-04T00:28:00",
                "status": "modified",
                "first_commit": "2017-02-03T22:23:19",
                "last_commit": "2017-02-04T15:15:56",
                "CI_type": "Jenkins",
                "sha": "74ab5309f741fe1c123bdf7df80cc75a535e5411"
            },
            {
                "file_name": "/Jenkinsfile",
                "commit_date": "2017-02-04T00:07:12",
                "status": "modified",
                "first_commit": "2017-02-03T22:23:19",
                "last_commit": "2017-02-04T15:15:56",
                "CI_type": "Jenkins",
                "sha": "6190917b2cef674db98333f48b83bc334c12bdb2"
            },
            {
                "file_name": "/Jenkinsfile",
                "commit_date": "2017-02-03T22:23:19",
                "status": "added",
                "first_commit": "2017-02-03T22:23:19",
                "last_commit": "2017-02-04T15:15:56",
                "CI_type": "Jenkins",
                "sha": "b3f848bb692b3751963e5c3e78826f6df7ba5551"
            }
        ]
    }
]