{
    "id": 128896221,
    "name": "ipc",
    "full_name": "weibocom/ipc",
    "org_name": "Weibo R&D Open Source Projects",
    "org_id": 3916448,
    "created_at": "2018-04-10T08:01:42",
    "pushed_at": "2018-06-12T07:16:43",
    "updated_at": "2019-04-09T08:08:32",
    "isFork": true,
    "forks": 1,
    "forks_count": 1,
    "has_downloads": true,
    "has_issues": true,
    "has_pages": false,
    "has_projects": true,
    "has_wiki": true,
    "homepage": "",
    "language": "JavaScript",
    "open_issues": 1,
    "open_issues_count": 1,
    "size": 16228,
    "stargazers_count": 2,
    "subscribers_count": 6,
    "watchers": 2,
    "watchers_count": 2,
    "first_commit": "2018-05-07T10:09:14",
    "last_commit": "2018-06-12T07:02:26",
    "branches_count": 5,
    "commit_comments_count": 4,
    "commits_count": 205,
    "countributors_count": 3,
    "downloads_count": 0,
    "events_count": 0,
    "issues_count": 1,
    "labels_count": 8,
    "milestones_count": 0,
    "PR_count": 1,
    "open_PR_count": 0,
    "readme_size": 4286,
    "release_count": 0,
    "topic_count": 0,
    "15_commits": 0,
    "16_commits": 42,
    "17_commits": 10,
    "18_commits": 153,
    "19_commits": 0,
    "20_commits": 0,
    "21_commits": 0,
    "22_commits": 0,
    "15_committer_num": 0,
    "16_committer_num": 1,
    "17_committer_num": 1,
    "18_committer_num": 2,
    "19_committer_num": 0,
    "20_committer_num": 0,
    "21_committer_num": 0,
    "22_committer_num": 0
}{
    "stargazer_date": {
        "2113827": "2018-05-03T21:50:33",
        "4478413": "2018-05-21T05:38:00"
    }
}[
    {
        "GHA": {}
    },
    {
        "Travis": []
    },
    {
        "CircleCI": []
    },
    {
        "AppVeyor": []
    },
    {
        "Azure": []
    },
    {
        "GitLab": []
    },
    {
        "Jenkins": []
    }
]