{
    "id": 12889040,
    "name": "deep-learning",
    "full_name": "weibocom/deep-learning",
    "org_name": "Weibo R&D Open Source Projects",
    "org_id": 3916448,
    "created_at": "2013-09-17T07:31:54",
    "pushed_at": "2013-09-17T07:31:54",
    "updated_at": "2013-09-17T07:31:54",
    "isFork": false,
    "forks": 0,
    "forks_count": 0,
    "has_downloads": true,
    "has_issues": true,
    "has_pages": false,
    "has_projects": true,
    "has_wiki": true,
    "homepage": null,
    "language": null,
    "open_issues": 0,
    "open_issues_count": 0,
    "size": 56,
    "stargazers_count": 0,
    "subscribers_count": 15,
    "watchers": 0,
    "watchers_count": 0,
    "first_commit": null,
    "last_commit": null,
    "branches_count": 0,
    "commit_comments_count": 0,
    "commits_count": 0,
    "countributors_count": 0,
    "downloads_count": 0,
    "events_count": 0,
    "issues_count": 0,
    "labels_count": 6,
    "milestones_count": 0,
    "PR_count": 0,
    "open_PR_count": 0,
    "readme_size": 0,
    "release_count": 0,
    "topic_count": 0
}{
    "stargazer_date": {}
}[
    {
        "GHA": {}
    },
    {
        "Travis": {}
    },
    {
        "CircleCI": {}
    },
    {
        "AppVeyor": {}
    },
    {
        "Azure": {}
    },
    {
        "GitLab": {}
    },
    {
        "Jenkins": {}
    }
]