{
    "id": 21604758,
    "name": "arch-book",
    "full_name": "weibocom/arch-book",
    "org_name": "Weibo R&D Open Source Projects",
    "org_id": 3916448,
    "created_at": "2014-07-08T08:21:44",
    "pushed_at": "2014-07-18T04:59:00",
    "updated_at": "2018-08-28T11:26:22",
    "isFork": false,
    "forks": 8,
    "forks_count": 8,
    "has_downloads": true,
    "has_issues": true,
    "has_pages": false,
    "has_projects": true,
    "has_wiki": true,
    "homepage": null,
    "language": null,
    "open_issues": 0,
    "open_issues_count": 0,
    "size": 139,
    "stargazers_count": 14,
    "subscribers_count": 4,
    "watchers": 14,
    "watchers_count": 14,
    "first_commit": "2014-07-08T08:21:44",
    "last_commit": "2014-07-18T04:58:45",
    "branches_count": 1,
    "commit_comments_count": 0,
    "commits_count": 3,
    "countributors_count": 1,
    "downloads_count": 0,
    "events_count": 0,
    "issues_count": 0,
    "labels_count": 7,
    "milestones_count": 0,
    "PR_count": 0,
    "open_PR_count": 0,
    "readme_size": 62,
    "release_count": 0,
    "topic_count": 0,
    "15_commits": 0,
    "16_commits": 0,
    "17_commits": 0,
    "18_commits": 0,
    "19_commits": 0,
    "20_commits": 0,
    "21_commits": 0,
    "22_commits": 0,
    "15_committer_num": 0,
    "16_committer_num": 0,
    "17_committer_num": 0,
    "18_committer_num": 0,
    "19_committer_num": 0,
    "20_committer_num": 0,
    "21_committer_num": 0,
    "22_committer_num": 0
}{
    "stargazer_date": {
        "418483": "2014-07-15T03:27:50",
        "3870801": "2014-11-22T06:29:10",
        "1057239": "2016-01-11T11:21:42",
        "2089414": "2016-01-20T06:27:25",
        "15718639": "2016-02-23T22:28:20",
        "3118930": "2016-04-22T01:33:44",
        "453927": "2016-04-22T02:09:59",
        "1452871": "2016-04-25T07:31:58",
        "5428364": "2016-05-10T02:42:12",
        "14930435": "2016-05-10T17:19:45",
        "16297973": "2017-04-30T05:35:40",
        "5674087": "2017-05-17T06:45:50",
        "1531142": "2017-12-13T15:41:03",
        "910103": "2018-08-28T11:26:22"
    }
}[
    {
        "GHA": {}
    },
    {
        "Travis": []
    },
    {
        "CircleCI": []
    },
    {
        "AppVeyor": []
    },
    {
        "Azure": []
    },
    {
        "GitLab": []
    },
    {
        "Jenkins": []
    }
]