{
    "id": 37257205,
    "name": "dockerf",
    "full_name": "weibocom/dockerf",
    "org_name": "Weibo R&D Open Source Projects",
    "org_id": 3916448,
    "created_at": "2015-06-11T11:30:42",
    "pushed_at": "2022-01-14T04:31:13",
    "updated_at": "2023-02-23T10:41:45",
    "isFork": false,
    "forks": 12,
    "forks_count": 12,
    "has_downloads": true,
    "has_issues": true,
    "has_pages": false,
    "has_projects": true,
    "has_wiki": true,
    "homepage": null,
    "language": "Go",
    "open_issues": 0,
    "open_issues_count": 0,
    "size": 8477,
    "stargazers_count": 27,
    "subscribers_count": 18,
    "watchers": 27,
    "watchers_count": 27,
    "first_commit": "2015-07-15T08:43:50",
    "last_commit": "2022-01-13T13:27:58",
    "branches_count": 5,
    "commit_comments_count": 0,
    "commits_count": 43,
    "countributors_count": 3,
    "downloads_count": 0,
    "events_count": 1,
    "issues_count": 0,
    "labels_count": 7,
    "milestones_count": 0,
    "PR_count": 2,
    "open_PR_count": 0,
    "readme_size": 1059,
    "release_count": 0,
    "topic_count": 0,
    "15_commits": 39,
    "16_commits": 0,
    "17_commits": 0,
    "18_commits": 0,
    "19_commits": 0,
    "20_commits": 0,
    "21_commits": 0,
    "22_commits": 4,
    "15_committer_num": 2,
    "16_committer_num": 0,
    "17_committer_num": 0,
    "18_committer_num": 0,
    "19_committer_num": 0,
    "20_committer_num": 0,
    "21_committer_num": 0,
    "22_committer_num": 1
}{
    "stargazer_date": {
        "946207": "2015-09-07T06:13:12",
        "12081055": "2015-10-22T15:01:20",
        "166868": "2015-11-05T22:24:33",
        "2363295": "2016-01-27T18:31:57",
        "3242386": "2016-04-14T02:58:03",
        "3713699": "2016-04-23T16:10:25",
        "1689206": "2016-04-25T01:50:29",
        "1704740": "2016-04-25T02:56:15",
        "5881302": "2016-04-26T04:10:15",
        "6280317": "2016-05-10T09:28:53",
        "17638346": "2016-05-11T02:25:35",
        "13867036": "2016-05-18T05:48:03",
        "5319858": "2016-05-30T08:53:49",
        "965612": "2016-07-15T00:36:02",
        "18663330": "2016-07-29T05:38:31",
        "9587533": "2017-02-25T18:02:16",
        "3070710": "2017-03-09T02:47:40",
        "1475875": "2017-05-15T07:20:35",
        "86747": "2017-05-31T14:36:10",
        "6018151": "2017-06-03T07:37:12",
        "7733616": "2018-09-18T06:32:56",
        "2113827": "2019-03-15T01:53:45",
        "16739107": "2019-07-10T01:16:07",
        "17846775": "2020-05-11T02:48:25",
        "81790756": "2021-05-31T11:08:01",
        "1312389": "2022-01-16T04:40:55",
        "9649697": "2023-02-23T10:41:45"
    }
}[
    {
        "GHA": {}
    },
    {
        "Travis": []
    },
    {
        "CircleCI": []
    },
    {
        "AppVeyor": []
    },
    {
        "Azure": []
    },
    {
        "GitLab": []
    },
    {
        "Jenkins": []
    }
]