{
    "id": 375904567,
    "name": "breeze",
    "full_name": "weibocom/breeze",
    "org_name": "Weibo R&D Open Source Projects",
    "org_id": 3916448,
    "created_at": "2021-06-11T04:30:53",
    "pushed_at": "2023-03-09T11:06:55",
    "updated_at": "2023-01-31T18:57:15",
    "isFork": false,
    "forks": 8,
    "forks_count": 8,
    "has_downloads": true,
    "has_issues": true,
    "has_pages": false,
    "has_projects": true,
    "has_wiki": true,
    "homepage": null,
    "language": "Rust",
    "open_issues": 4,
    "open_issues_count": 4,
    "size": 12357,
    "stargazers_count": 17,
    "subscribers_count": 7,
    "watchers": 17,
    "watchers_count": 17,
    "first_commit": "2023-01-19T03:35:32",
    "last_commit": "2023-03-09T11:02:07",
    "branches_count": 180,
    "commit_comments_count": 1,
    "commits_count": 2515,
    "countributors_count": 7,
    "downloads_count": 0,
    "events_count": 300,
    "issues_count": 4,
    "labels_count": 9,
    "milestones_count": 0,
    "PR_count": 254,
    "open_PR_count": 3,
    "readme_size": 254,
    "release_count": 65,
    "topic_count": 0,
    "15_commits": 0,
    "16_commits": 0,
    "17_commits": 0,
    "18_commits": 0,
    "19_commits": 0,
    "20_commits": 0,
    "21_commits": 1217,
    "22_commits": 1181,
    "15_committer_num": 0,
    "16_committer_num": 0,
    "17_committer_num": 0,
    "18_committer_num": 0,
    "19_committer_num": 0,
    "20_committer_num": 0,
    "21_committer_num": 5,
    "22_committer_num": 7
}{
    "stargazer_date": {
        "2443785": "2021-07-02T10:50:40",
        "5336317": "2021-08-05T07:01:51",
        "34085039": "2021-08-07T09:35:24",
        "7370577": "2021-10-22T08:44:06",
        "87525135": "2022-06-21T04:11:43",
        "1303976": "2022-06-21T04:42:08",
        "12271633": "2022-06-21T04:46:31",
        "3723450": "2022-06-21T05:13:50",
        "1174253": "2022-06-21T05:22:58",
        "2070087": "2022-06-21T05:35:37",
        "3389974": "2022-06-21T05:42:56",
        "946207": "2022-06-21T11:24:00",
        "19767574": "2022-06-21T11:41:05",
        "3405076": "2022-08-16T09:56:27",
        "6915907": "2022-09-27T09:02:18",
        "8055054": "2022-10-21T07:12:47"
    }
}[
    {
        "GHA": [
            {
                "file_name": ".github/workflows/rust.yml",
                "commit_date": "2023-02-21T11:57:39",
                "status": "modified",
                "first_commit": "2022-10-15T06:57:55",
                "last_commit": "2023-02-21T11:57:39",
                "CI_type": "GHA",
                "sha": "c9856ed042c0aa46ff75688dea2b5e0dbe5accb4"
            },
            {
                "file_name": ".github/workflows/rust.yml",
                "commit_date": "2023-02-17T07:04:35",
                "status": "modified",
                "first_commit": "2022-10-15T06:57:55",
                "last_commit": "2023-02-21T11:57:39",
                "CI_type": "GHA",
                "sha": "18456753f9ab2cddfd66ce067d01000cf304ed38"
            },
            {
                "file_name": ".github/workflows/rust.yml",
                "commit_date": "2023-02-03T10:25:20",
                "status": "modified",
                "first_commit": "2022-10-15T06:57:55",
                "last_commit": "2023-02-21T11:57:39",
                "CI_type": "GHA",
                "sha": "7a39fce63cf7ef90db9de75a969d1213b657af7e"
            },
            {
                "file_name": ".github/workflows/rust.yml",
                "commit_date": "2023-01-28T04:15:02",
                "status": "modified",
                "first_commit": "2022-10-15T06:57:55",
                "last_commit": "2023-02-21T11:57:39",
                "CI_type": "GHA",
                "sha": "8a9167355d6b39af09b8479190f11be0519b4694"
            },
            {
                "file_name": ".github/workflows/rust.yml",
                "commit_date": "2023-01-03T11:31:29",
                "status": "modified",
                "first_commit": "2022-10-15T06:57:55",
                "last_commit": "2023-02-21T11:57:39",
                "CI_type": "GHA",
                "sha": "04a284c7ee7c8c4f61d2e46fa8d61d1d976ccf4a"
            },
            {
                "file_name": ".github/workflows/rust.yml",
                "commit_date": "2022-12-30T09:20:00",
                "status": "modified",
                "first_commit": "2022-10-15T06:57:55",
                "last_commit": "2023-02-21T11:57:39",
                "CI_type": "GHA",
                "sha": "f6197c18ef546ce4b80892bd8f94a78fe556bd38"
            },
            {
                "file_name": ".github/workflows/rust.yml",
                "commit_date": "2022-12-02T07:18:24",
                "status": "modified",
                "first_commit": "2022-10-15T06:57:55",
                "last_commit": "2023-02-21T11:57:39",
                "CI_type": "GHA",
                "sha": "eab217423660fe0f3e6da964afb484d61ae2f530"
            },
            {
                "file_name": ".github/workflows/rust.yml",
                "commit_date": "2022-11-23T09:23:57",
                "status": "modified",
                "first_commit": "2022-10-15T06:57:55",
                "last_commit": "2023-02-21T11:57:39",
                "CI_type": "GHA",
                "sha": "639070a07726bc0e990883895e636e4be03b5feb"
            },
            {
                "file_name": ".github/workflows/rust.yml",
                "commit_date": "2022-11-08T10:48:11",
                "status": "modified",
                "first_commit": "2022-10-15T06:57:55",
                "last_commit": "2023-02-21T11:57:39",
                "CI_type": "GHA",
                "sha": "421a1f132a14d29d201d0fdd0aa267d2194d1b8a"
            },
            {
                "file_name": ".github/workflows/rust.yml",
                "commit_date": "2022-11-08T08:51:32",
                "status": "modified",
                "first_commit": "2022-10-15T06:57:55",
                "last_commit": "2023-02-21T11:57:39",
                "CI_type": "GHA",
                "sha": "3fe4d5cb460ac48889a82ab5d13a43b05f6d4bbe"
            },
            {
                "file_name": ".github/workflows/rust.yml",
                "commit_date": "2022-11-08T04:16:30",
                "status": "modified",
                "first_commit": "2022-10-15T06:57:55",
                "last_commit": "2023-02-21T11:57:39",
                "CI_type": "GHA",
                "sha": "50514f4436b9a3e4d1cc8fba73a216185da9079e"
            },
            {
                "file_name": ".github/workflows/rust.yml",
                "commit_date": "2022-11-04T11:18:07",
                "status": "modified",
                "first_commit": "2022-10-15T06:57:55",
                "last_commit": "2023-02-21T11:57:39",
                "CI_type": "GHA",
                "sha": "54302c56ce56aed68bcc8cb3aa82b612ee8ed2ec"
            },
            {
                "file_name": ".github/workflows/rust.yml",
                "commit_date": "2022-11-01T10:00:31",
                "status": "modified",
                "first_commit": "2022-10-15T06:57:55",
                "last_commit": "2023-02-21T11:57:39",
                "CI_type": "GHA",
                "sha": "e74bfb2fd489f14896cd31c2ef9460b76b322174"
            },
            {
                "file_name": ".github/workflows/rust.yml",
                "commit_date": "2022-11-01T06:16:42",
                "status": "modified",
                "first_commit": "2022-10-15T06:57:55",
                "last_commit": "2023-02-21T11:57:39",
                "CI_type": "GHA",
                "sha": "b3b0d914d6055db1a608863a61e36d43c6b1e56e"
            },
            {
                "file_name": ".github/workflows/rust.yml",
                "commit_date": "2022-10-24T14:34:04",
                "status": "modified",
                "first_commit": "2022-10-15T06:57:55",
                "last_commit": "2023-02-21T11:57:39",
                "CI_type": "GHA",
                "sha": "ef330ca0a321e78ed659a330e3fac16c6f5f9f76"
            },
            {
                "file_name": ".github/workflows/rust.yml",
                "commit_date": "2022-10-24T14:11:25",
                "status": "modified",
                "first_commit": "2022-10-15T06:57:55",
                "last_commit": "2023-02-21T11:57:39",
                "CI_type": "GHA",
                "sha": "2cfaac05c88ddfb44c80d4dbadda3a39c24ed18e"
            },
            {
                "file_name": ".github/workflows/rust.yml",
                "commit_date": "2022-10-24T13:58:43",
                "status": "modified",
                "first_commit": "2022-10-15T06:57:55",
                "last_commit": "2023-02-21T11:57:39",
                "CI_type": "GHA",
                "sha": "f894d72fa9394bf6aae19101ce7422eaa520fb4d"
            },
            {
                "file_name": ".github/workflows/rust.yml",
                "commit_date": "2022-10-24T13:51:47",
                "status": "modified",
                "first_commit": "2022-10-15T06:57:55",
                "last_commit": "2023-02-21T11:57:39",
                "CI_type": "GHA",
                "sha": "6b4fd711253412007024824aee8619ccdaf5c0c9"
            },
            {
                "file_name": ".github/workflows/rust.yml",
                "commit_date": "2022-10-22T04:09:10",
                "status": "modified",
                "first_commit": "2022-10-15T06:57:55",
                "last_commit": "2023-02-21T11:57:39",
                "CI_type": "GHA",
                "sha": "61782b5f48a4c1c4df063943819a706dabb84bf3"
            },
            {
                "file_name": ".github/workflows/rust.yml",
                "commit_date": "2022-10-21T13:25:48",
                "status": "modified",
                "first_commit": "2022-10-15T06:57:55",
                "last_commit": "2023-02-21T11:57:39",
                "CI_type": "GHA",
                "sha": "5cc958cfead85cafdee44efe8ada0a4e7479c092"
            },
            {
                "file_name": ".github/workflows/rust.yml",
                "commit_date": "2022-10-21T13:22:06",
                "status": "modified",
                "first_commit": "2022-10-15T06:57:55",
                "last_commit": "2023-02-21T11:57:39",
                "CI_type": "GHA",
                "sha": "1168a118eecb0844a697d3ae69ed60670b962fa4"
            },
            {
                "file_name": ".github/workflows/rust.yml",
                "commit_date": "2022-10-21T12:50:00",
                "status": "modified",
                "first_commit": "2022-10-15T06:57:55",
                "last_commit": "2023-02-21T11:57:39",
                "CI_type": "GHA",
                "sha": "98c45e52f2ca3ae28fa08cbd2948e714e3bda2d1"
            },
            {
                "file_name": ".github/workflows/rust.yml",
                "commit_date": "2022-10-21T12:23:42",
                "status": "modified",
                "first_commit": "2022-10-15T06:57:55",
                "last_commit": "2023-02-21T11:57:39",
                "CI_type": "GHA",
                "sha": "e0de764d736b999324279ff05ae1bc1252620d17"
            },
            {
                "file_name": ".github/workflows/rust.yml",
                "commit_date": "2022-10-21T07:51:36",
                "status": "modified",
                "first_commit": "2022-10-15T06:57:55",
                "last_commit": "2023-02-21T11:57:39",
                "CI_type": "GHA",
                "sha": "69f0f6e70948ca51ac03a5987fec35e72d2a5550"
            },
            {
                "file_name": ".github/workflows/rust.yml",
                "commit_date": "2022-10-21T07:48:19",
                "status": "modified",
                "first_commit": "2022-10-15T06:57:55",
                "last_commit": "2023-02-21T11:57:39",
                "CI_type": "GHA",
                "sha": "e6cadf610127eb08e4b476bf5858995fea74ff17"
            },
            {
                "file_name": ".github/workflows/rust.yml",
                "commit_date": "2022-10-21T07:39:51",
                "status": "modified",
                "first_commit": "2022-10-15T06:57:55",
                "last_commit": "2023-02-21T11:57:39",
                "CI_type": "GHA",
                "sha": "29c1171ef1964680cb13b6c14b3151bf91cbbc0f"
            },
            {
                "file_name": ".github/workflows/rust.yml",
                "commit_date": "2022-10-21T07:36:47",
                "status": "modified",
                "first_commit": "2022-10-15T06:57:55",
                "last_commit": "2023-02-21T11:57:39",
                "CI_type": "GHA",
                "sha": "b1ee3be9069f2ba3760540eadb8d06cd56c08763"
            },
            {
                "file_name": ".github/workflows/rust.yml",
                "commit_date": "2022-10-21T07:19:54",
                "status": "modified",
                "first_commit": "2022-10-15T06:57:55",
                "last_commit": "2023-02-21T11:57:39",
                "CI_type": "GHA",
                "sha": "1e9f100e9410f26eb56e30f9c7b842576b409a67"
            },
            {
                "file_name": ".github/workflows/rust.yml",
                "commit_date": "2022-10-21T07:19:24",
                "status": "modified",
                "first_commit": "2022-10-15T06:57:55",
                "last_commit": "2023-02-21T11:57:39",
                "CI_type": "GHA",
                "sha": "a49a402b1b860496904b8b10fd7f169190c5a8a1"
            },
            {
                "file_name": ".github/workflows/rust.yml",
                "commit_date": "2022-10-21T07:06:48",
                "status": "modified",
                "first_commit": "2022-10-15T06:57:55",
                "last_commit": "2023-02-21T11:57:39",
                "CI_type": "GHA",
                "sha": "fdda5342c5cc932d280f60f94e5852308e4441cf"
            },
            {
                "file_name": ".github/workflows/rust.yml",
                "commit_date": "2022-10-20T09:07:19",
                "status": "modified",
                "first_commit": "2022-10-15T06:57:55",
                "last_commit": "2023-02-21T11:57:39",
                "CI_type": "GHA",
                "sha": "87e3c4358e29424d1e5d6ee84283190d757483ce"
            },
            {
                "file_name": ".github/workflows/rust.yml",
                "commit_date": "2022-10-20T07:32:32",
                "status": "modified",
                "first_commit": "2022-10-15T06:57:55",
                "last_commit": "2023-02-21T11:57:39",
                "CI_type": "GHA",
                "sha": "a063f97f9d3ab7c22a92915f794326b1a8ce77b9"
            },
            {
                "file_name": ".github/workflows/rust.yml",
                "commit_date": "2022-10-20T01:01:59",
                "status": "modified",
                "first_commit": "2022-10-15T06:57:55",
                "last_commit": "2023-02-21T11:57:39",
                "CI_type": "GHA",
                "sha": "54ed2fad7e6cdc59c0dbc47739b0967361789694"
            },
            {
                "file_name": ".github/workflows/rust.yml",
                "commit_date": "2022-10-18T16:03:02",
                "status": "modified",
                "first_commit": "2022-10-15T06:57:55",
                "last_commit": "2023-02-21T11:57:39",
                "CI_type": "GHA",
                "sha": "c0b177bd297ccc3156035361e0a02279ebf0e58e"
            },
            {
                "file_name": ".github/workflows/rust.yml",
                "commit_date": "2022-10-18T04:43:20",
                "status": "modified",
                "first_commit": "2022-10-15T06:57:55",
                "last_commit": "2023-02-21T11:57:39",
                "CI_type": "GHA",
                "sha": "b4be72acd630a09647f4ceba84481dcef9b1bc38"
            },
            {
                "file_name": ".github/workflows/rust.yml",
                "commit_date": "2022-10-18T04:17:20",
                "status": "modified",
                "first_commit": "2022-10-15T06:57:55",
                "last_commit": "2023-02-21T11:57:39",
                "CI_type": "GHA",
                "sha": "a35d20ef01a09d58b84905c64f2aa36b2d13c925"
            },
            {
                "file_name": ".github/workflows/rust.yml",
                "commit_date": "2022-10-18T03:49:21",
                "status": "modified",
                "first_commit": "2022-10-15T06:57:55",
                "last_commit": "2023-02-21T11:57:39",
                "CI_type": "GHA",
                "sha": "45789b29b73e84e4fe816e454d04f0eb25d4eae3"
            },
            {
                "file_name": ".github/workflows/rust.yml",
                "commit_date": "2022-10-18T03:41:49",
                "status": "modified",
                "first_commit": "2022-10-15T06:57:55",
                "last_commit": "2023-02-21T11:57:39",
                "CI_type": "GHA",
                "sha": "4fee64eb65a81835e0b93c5142f8d279fe18c339"
            },
            {
                "file_name": ".github/workflows/rust.yml",
                "commit_date": "2022-10-17T16:14:54",
                "status": "modified",
                "first_commit": "2022-10-15T06:57:55",
                "last_commit": "2023-02-21T11:57:39",
                "CI_type": "GHA",
                "sha": "1dd0626c6cbb22d0081a0603c2131df3effe7ca1"
            },
            {
                "file_name": ".github/workflows/rust.yml",
                "commit_date": "2022-10-17T16:00:12",
                "status": "modified",
                "first_commit": "2022-10-15T06:57:55",
                "last_commit": "2023-02-21T11:57:39",
                "CI_type": "GHA",
                "sha": "55033ad12b22e83704ac155c1b20f79bfb1bc2ea"
            },
            {
                "file_name": ".github/workflows/rust.yml",
                "commit_date": "2022-10-17T15:57:04",
                "status": "modified",
                "first_commit": "2022-10-15T06:57:55",
                "last_commit": "2023-02-21T11:57:39",
                "CI_type": "GHA",
                "sha": "6ba7a17928e121351365e4a04086c226c3fcd36c"
            },
            {
                "file_name": ".github/workflows/rust.yml",
                "commit_date": "2022-10-17T15:36:16",
                "status": "modified",
                "first_commit": "2022-10-15T06:57:55",
                "last_commit": "2023-02-21T11:57:39",
                "CI_type": "GHA",
                "sha": "2a2dd3b0f658c426222d2833c8f715a3e59d6057"
            },
            {
                "file_name": ".github/workflows/rust.yml",
                "commit_date": "2022-10-17T15:23:21",
                "status": "modified",
                "first_commit": "2022-10-15T06:57:55",
                "last_commit": "2023-02-21T11:57:39",
                "CI_type": "GHA",
                "sha": "6262887444d009c3e8593cc2d533511507283711"
            },
            {
                "file_name": ".github/workflows/rust.yml",
                "commit_date": "2022-10-17T14:56:25",
                "status": "modified",
                "first_commit": "2022-10-15T06:57:55",
                "last_commit": "2023-02-21T11:57:39",
                "CI_type": "GHA",
                "sha": "945bd8c0e4bc4244b6683338b6fec3811e92f886"
            },
            {
                "file_name": ".github/workflows/rust.yml",
                "commit_date": "2022-10-17T14:37:10",
                "status": "modified",
                "first_commit": "2022-10-15T06:57:55",
                "last_commit": "2023-02-21T11:57:39",
                "CI_type": "GHA",
                "sha": "291440cfcbb75544bc156e1378688cd8d9f753b2"
            },
            {
                "file_name": ".github/workflows/rust.yml",
                "commit_date": "2022-10-17T14:18:21",
                "status": "modified",
                "first_commit": "2022-10-15T06:57:55",
                "last_commit": "2023-02-21T11:57:39",
                "CI_type": "GHA",
                "sha": "6d9921a3268e8b925fd9da98afbdbbacab1fc52d"
            },
            {
                "file_name": ".github/workflows/rust.yml",
                "commit_date": "2022-10-17T14:09:24",
                "status": "modified",
                "first_commit": "2022-10-15T06:57:55",
                "last_commit": "2023-02-21T11:57:39",
                "CI_type": "GHA",
                "sha": "9eaa49a81d34f22e8e7ae6b01fbb33c2d2beffa7"
            },
            {
                "file_name": ".github/workflows/rust.yml",
                "commit_date": "2022-10-17T13:59:13",
                "status": "modified",
                "first_commit": "2022-10-15T06:57:55",
                "last_commit": "2023-02-21T11:57:39",
                "CI_type": "GHA",
                "sha": "c658720d6d42295ae24760df5543a06a3a095cdb"
            },
            {
                "file_name": ".github/workflows/rust.yml",
                "commit_date": "2022-10-17T13:48:49",
                "status": "modified",
                "first_commit": "2022-10-15T06:57:55",
                "last_commit": "2023-02-21T11:57:39",
                "CI_type": "GHA",
                "sha": "39332f5300d18206e00ad333acb38627888cbe01"
            },
            {
                "file_name": ".github/workflows/rust.yml",
                "commit_date": "2022-10-17T13:47:24",
                "status": "modified",
                "first_commit": "2022-10-15T06:57:55",
                "last_commit": "2023-02-21T11:57:39",
                "CI_type": "GHA",
                "sha": "04779a0a7423402a3d0981deb46d97d9abda8b50"
            },
            {
                "file_name": ".github/workflows/rust.yml",
                "commit_date": "2022-10-17T13:37:23",
                "status": "modified",
                "first_commit": "2022-10-15T06:57:55",
                "last_commit": "2023-02-21T11:57:39",
                "CI_type": "GHA",
                "sha": "48f3d1587c5b5c586576e7caabd6b1ba3bc03f94"
            },
            {
                "file_name": ".github/workflows/rust.yml",
                "commit_date": "2022-10-17T13:24:22",
                "status": "modified",
                "first_commit": "2022-10-15T06:57:55",
                "last_commit": "2023-02-21T11:57:39",
                "CI_type": "GHA",
                "sha": "5448cdf11fc800b9adc69bbf13d7833519e76e1b"
            },
            {
                "file_name": ".github/workflows/rust.yml",
                "commit_date": "2022-10-17T13:22:10",
                "status": "modified",
                "first_commit": "2022-10-15T06:57:55",
                "last_commit": "2023-02-21T11:57:39",
                "CI_type": "GHA",
                "sha": "21359db8169d4828aee98b6cfb9218492bbe7f35"
            },
            {
                "file_name": ".github/workflows/rust.yml",
                "commit_date": "2022-10-17T13:12:12",
                "status": "modified",
                "first_commit": "2022-10-15T06:57:55",
                "last_commit": "2023-02-21T11:57:39",
                "CI_type": "GHA",
                "sha": "aed1e90ad0704ab4ec394b2554cea7a5a5c7123b"
            },
            {
                "file_name": ".github/workflows/rust.yml",
                "commit_date": "2022-10-17T09:15:57",
                "status": "modified",
                "first_commit": "2022-10-15T06:57:55",
                "last_commit": "2023-02-21T11:57:39",
                "CI_type": "GHA",
                "sha": "959bbf7c5ee3be2b6999434daa007ae27b336c6e"
            },
            {
                "file_name": ".github/workflows/rust.yml",
                "commit_date": "2022-10-16T02:16:02",
                "status": "modified",
                "first_commit": "2022-10-15T06:57:55",
                "last_commit": "2023-02-21T11:57:39",
                "CI_type": "GHA",
                "sha": "6eb7c9789eaeb34d39b2ca395166150810e1650d"
            },
            {
                "file_name": ".github/workflows/rust.yml",
                "commit_date": "2022-10-15T09:26:41",
                "status": "modified",
                "first_commit": "2022-10-15T06:57:55",
                "last_commit": "2023-02-21T11:57:39",
                "CI_type": "GHA",
                "sha": "2d9df6374a1e2ff9173549885ae30f3bca684358"
            },
            {
                "file_name": ".github/workflows/rust.yml",
                "commit_date": "2022-10-15T06:57:55",
                "status": "added",
                "first_commit": "2022-10-15T06:57:55",
                "last_commit": "2023-02-21T11:57:39",
                "CI_type": "GHA",
                "sha": "aff556dac523fd81569b12a2ead439e302140751"
            }
        ]
    },
    {
        "Travis": []
    },
    {
        "CircleCI": []
    },
    {
        "AppVeyor": []
    },
    {
        "Azure": []
    },
    {
        "GitLab": []
    },
    {
        "Jenkins": []
    }
]