{
    "id": 61770139,
    "name": "yar-java",
    "full_name": "weibocom/yar-java",
    "org_name": "Weibo R&D Open Source Projects",
    "org_id": 3916448,
    "created_at": "2016-06-23T03:24:26",
    "pushed_at": "2022-11-15T23:30:03",
    "updated_at": "2021-05-31T08:11:22",
    "isFork": false,
    "forks": 5,
    "forks_count": 5,
    "has_downloads": true,
    "has_issues": true,
    "has_pages": false,
    "has_projects": true,
    "has_wiki": true,
    "homepage": null,
    "language": "Java",
    "open_issues": 5,
    "open_issues_count": 5,
    "size": 37,
    "stargazers_count": 11,
    "subscribers_count": 5,
    "watchers": 11,
    "watchers_count": 11,
    "first_commit": "2016-06-23T03:24:27",
    "last_commit": "2020-09-04T08:26:25",
    "branches_count": 4,
    "commit_comments_count": 0,
    "commits_count": 14,
    "countributors_count": 2,
    "downloads_count": 0,
    "events_count": 0,
    "issues_count": 5,
    "labels_count": 8,
    "milestones_count": 0,
    "PR_count": 6,
    "open_PR_count": 3,
    "readme_size": 286,
    "release_count": 1,
    "topic_count": 0,
    "15_commits": 0,
    "16_commits": 6,
    "17_commits": 0,
    "18_commits": 3,
    "19_commits": 3,
    "20_commits": 2,
    "21_commits": 0,
    "22_commits": 0,
    "15_committer_num": 0,
    "16_committer_num": 2,
    "17_committer_num": 0,
    "18_committer_num": 1,
    "19_committer_num": 1,
    "20_committer_num": 1,
    "21_committer_num": 0,
    "22_committer_num": 0
}{
    "stargazer_date": {
        "11422037": "2016-06-23T06:01:30",
        "15098260": "2016-12-27T08:29:15",
        "7755137": "2017-01-06T05:31:19",
        "2917437": "2017-03-08T08:41:53",
        "4969844": "2017-04-01T03:53:42",
        "13402548": "2017-12-01T08:50:27",
        "14049423": "2019-01-23T10:11:44",
        "3179931": "2019-01-24T20:06:16",
        "26496638": "2020-01-19T10:30:12",
        "24467349": "2021-05-31T01:05:20",
        "877946": "2021-05-31T08:11:22"
    }
}[
    {
        "GHA": {}
    },
    {
        "Travis": []
    },
    {
        "CircleCI": []
    },
    {
        "AppVeyor": []
    },
    {
        "Azure": []
    },
    {
        "GitLab": []
    },
    {
        "Jenkins": []
    }
]