{
    "id": 8929877,
    "name": "prism",
    "full_name": "weibocom/prism",
    "org_name": "Weibo R&D Open Source Projects",
    "org_id": 3916448,
    "created_at": "2013-03-21T13:54:34",
    "pushed_at": "2013-06-26T07:01:44",
    "updated_at": "2022-01-18T08:42:08",
    "isFork": false,
    "forks": 43,
    "forks_count": 43,
    "has_downloads": true,
    "has_issues": true,
    "has_pages": false,
    "has_projects": true,
    "has_wiki": true,
    "homepage": null,
    "language": "Java",
    "open_issues": 0,
    "open_issues_count": 0,
    "size": 167,
    "stargazers_count": 39,
    "subscribers_count": 23,
    "watchers": 39,
    "watchers_count": 39,
    "first_commit": "2013-03-21T13:54:34",
    "last_commit": "2013-06-26T07:01:26",
    "branches_count": 1,
    "commit_comments_count": 3,
    "commits_count": 10,
    "countributors_count": 1,
    "downloads_count": 0,
    "events_count": 0,
    "issues_count": 0,
    "labels_count": 6,
    "milestones_count": 0,
    "PR_count": 0,
    "open_PR_count": 0,
    "readme_size": 37,
    "release_count": 0,
    "topic_count": 0,
    "15_commits": 0,
    "16_commits": 0,
    "17_commits": 0,
    "18_commits": 0,
    "19_commits": 0,
    "20_commits": 0,
    "21_commits": 0,
    "22_commits": 0,
    "15_committer_num": 0,
    "16_committer_num": 0,
    "17_committer_num": 0,
    "18_committer_num": 0,
    "19_committer_num": 0,
    "20_committer_num": 0,
    "21_committer_num": 0,
    "22_committer_num": 0
}{
    "stargazer_date": {
        "3240392": "2015-09-29T03:42:43",
        "8734806": "2016-04-23T04:45:42",
        "3713699": "2016-04-23T16:09:07",
        "5558841": "2016-04-25T01:38:49",
        "1748769": "2016-04-25T03:34:24",
        "2988231": "2016-05-10T06:08:14",
        "3955959": "2016-05-11T05:38:13",
        "919372": "2016-05-15T15:50:18",
        "12421371": "2016-05-16T02:45:14",
        "3119344": "2016-05-17T00:59:28",
        "2889624": "2016-05-18T05:19:13",
        "13867036": "2016-05-18T05:49:18",
        "2323820": "2016-06-08T08:12:48",
        "16876071": "2016-06-17T06:42:58",
        "18222358": "2016-07-18T16:29:48",
        "2938762": "2016-07-26T12:00:36",
        "17864683": "2016-08-22T03:54:55",
        "13566062": "2016-09-18T14:38:35",
        "15103822": "2016-12-23T10:23:53",
        "241508": "2017-05-08T07:25:39",
        "8858449": "2017-06-06T01:52:41",
        "11530263": "2017-06-23T16:31:26",
        "5608413": "2017-06-29T06:18:44",
        "16932478": "2017-07-01T11:40:39",
        "11483985": "2017-09-26T08:34:48",
        "31747268": "2017-09-30T23:44:38",
        "877946": "2017-11-09T13:10:42",
        "11188543": "2017-11-28T01:08:57",
        "15527531": "2017-12-22T12:35:14",
        "31680391": "2017-12-25T09:51:51",
        "379504": "2017-12-27T03:05:53",
        "13835099": "2018-03-18T14:31:07",
        "26915397": "2018-07-26T16:02:33",
        "4104583": "2018-08-07T03:55:41",
        "30494387": "2018-11-22T05:34:23",
        "37856518": "2019-07-18T07:03:25",
        "49441453": "2020-01-01T13:01:30",
        "31769473": "2021-03-08T07:03:20",
        "3897899": "2022-01-18T08:42:08"
    }
}[
    {
        "GHA": {}
    },
    {
        "Travis": []
    },
    {
        "CircleCI": []
    },
    {
        "AppVeyor": []
    },
    {
        "Azure": []
    },
    {
        "GitLab": []
    },
    {
        "Jenkins": []
    }
]