{
    "id": 8933926,
    "name": "simply-memcache",
    "full_name": "weibocom/simply-memcache",
    "org_name": "Weibo R&D Open Source Projects",
    "org_id": 3916448,
    "created_at": "2013-03-21T17:05:25",
    "pushed_at": "2013-08-19T15:55:53",
    "updated_at": "2018-05-08T09:25:33",
    "isFork": false,
    "forks": 8,
    "forks_count": 8,
    "has_downloads": true,
    "has_issues": true,
    "has_pages": false,
    "has_projects": true,
    "has_wiki": true,
    "homepage": null,
    "language": "Java",
    "open_issues": 0,
    "open_issues_count": 0,
    "size": 372,
    "stargazers_count": 0,
    "subscribers_count": 17,
    "watchers": 0,
    "watchers_count": 0,
    "first_commit": "2013-03-21T17:05:26",
    "last_commit": "2013-08-19T15:56:33",
    "branches_count": 1,
    "commit_comments_count": 0,
    "commits_count": 5,
    "countributors_count": 1,
    "downloads_count": 0,
    "events_count": 0,
    "issues_count": 0,
    "labels_count": 6,
    "milestones_count": 0,
    "PR_count": 0,
    "open_PR_count": 0,
    "readme_size": 61,
    "release_count": 0,
    "topic_count": 0,
    "15_commits": 0,
    "16_commits": 0,
    "17_commits": 0,
    "18_commits": 0,
    "19_commits": 0,
    "20_commits": 0,
    "21_commits": 0,
    "22_commits": 0,
    "15_committer_num": 0,
    "16_committer_num": 0,
    "17_committer_num": 0,
    "18_committer_num": 0,
    "19_committer_num": 0,
    "20_committer_num": 0,
    "21_committer_num": 0,
    "22_committer_num": 0
}{
    "stargazer_date": {}
}[
    {
        "GHA": {}
    },
    {
        "Travis": []
    },
    {
        "CircleCI": []
    },
    {
        "AppVeyor": []
    },
    {
        "Azure": []
    },
    {
        "GitLab": []
    },
    {
        "Jenkins": []
    }
]