{
    "id": 8946094,
    "name": "clientBalancer",
    "full_name": "weibocom/clientBalancer",
    "org_name": "Weibo R&D Open Source Projects",
    "org_id": 3916448,
    "created_at": "2013-03-22T06:17:12",
    "pushed_at": "2013-03-22T06:18:08",
    "updated_at": "2022-01-17T09:43:42",
    "isFork": false,
    "forks": 16,
    "forks_count": 16,
    "has_downloads": true,
    "has_issues": true,
    "has_pages": false,
    "has_projects": true,
    "has_wiki": true,
    "homepage": null,
    "language": "Java",
    "open_issues": 0,
    "open_issues_count": 0,
    "size": 132,
    "stargazers_count": 19,
    "subscribers_count": 19,
    "watchers": 19,
    "watchers_count": 19,
    "first_commit": "2013-03-22T06:17:46",
    "last_commit": "2013-03-22T06:17:46",
    "branches_count": 1,
    "commit_comments_count": 0,
    "commits_count": 1,
    "countributors_count": 1,
    "downloads_count": 0,
    "events_count": 0,
    "issues_count": 0,
    "labels_count": 6,
    "milestones_count": 0,
    "PR_count": 0,
    "open_PR_count": 0,
    "readme_size": 81,
    "release_count": 0,
    "topic_count": 0,
    "15_commits": 0,
    "16_commits": 0,
    "17_commits": 0,
    "18_commits": 0,
    "19_commits": 0,
    "20_commits": 0,
    "21_commits": 0,
    "22_commits": 0,
    "15_committer_num": 0,
    "16_committer_num": 0,
    "17_committer_num": 0,
    "18_committer_num": 0,
    "19_committer_num": 0,
    "20_committer_num": 0,
    "21_committer_num": 0,
    "22_committer_num": 0
}{
    "stargazer_date": {
        "77268": "2013-03-29T09:36:55",
        "4099427": "2014-09-18T06:32:06",
        "3955959": "2016-05-11T05:38:28",
        "13566062": "2016-09-18T14:38:35",
        "592534": "2016-09-24T17:12:01",
        "9587533": "2017-02-25T18:06:23",
        "3920346": "2017-03-10T02:09:09",
        "11530263": "2017-06-23T16:32:21",
        "11827919": "2018-05-02T11:31:43",
        "1057239": "2018-05-09T06:56:47",
        "4104583": "2018-08-07T03:54:33",
        "910103": "2018-08-28T11:26:03",
        "38548976": "2019-01-09T13:43:11",
        "25052735": "2019-04-25T12:18:39",
        "15828866": "2019-07-23T08:37:38",
        "8016316": "2019-08-22T12:15:19",
        "1997262": "2020-02-20T13:53:58",
        "18512533": "2020-06-29T00:00:45",
        "11804104": "2022-01-17T09:43:42"
    }
}[
    {
        "GHA": {}
    },
    {
        "Travis": []
    },
    {
        "CircleCI": []
    },
    {
        "AppVeyor": []
    },
    {
        "Azure": []
    },
    {
        "GitLab": []
    },
    {
        "Jenkins": []
    }
]