{
    "id": 122145151,
    "name": "swift-nio-ssl-support",
    "full_name": "apple/swift-nio-ssl-support",
    "org_name": "Apple",
    "org_id": 10639145,
    "created_at": "2018-02-20T02:04:42",
    "pushed_at": "2020-12-08T07:55:39",
    "updated_at": "2023-03-08T11:26:42",
    "isFork": false,
    "forks": 18,
    "forks_count": 18,
    "has_downloads": true,
    "has_issues": true,
    "has_pages": false,
    "has_projects": true,
    "has_wiki": false,
    "homepage": null,
    "language": "Swift",
    "open_issues": 0,
    "open_issues_count": 0,
    "size": 5,
    "stargazers_count": 31,
    "subscribers_count": 19,
    "watchers": 31,
    "watchers_count": 31,
    "first_commit": "2018-02-21T12:34:15",
    "last_commit": "2018-03-13T09:07:40",
    "branches_count": 1,
    "commit_comments_count": 0,
    "commits_count": 3,
    "countributors_count": 2,
    "downloads_count": 0,
    "events_count": 4,
    "issues_count": 0,
    "labels_count": 8,
    "milestones_count": 0,
    "PR_count": 3,
    "open_PR_count": 0,
    "readme_size": 251,
    "release_count": 0,
    "topic_count": 3,
    "15_commits": 0,
    "16_commits": 0,
    "17_commits": 0,
    "18_commits": 3,
    "19_commits": 0,
    "20_commits": 0,
    "21_commits": 0,
    "22_commits": 0,
    "15_committer_num": 0,
    "16_committer_num": 0,
    "17_committer_num": 0,
    "18_committer_num": 2,
    "19_committer_num": 0,
    "20_committer_num": 0,
    "21_committer_num": 0,
    "22_committer_num": 0
}{
    "stargazer_date": {
        "60363": "2018-03-01T05:30:54",
        "7324811": "2018-03-01T15:30:56",
        "72731": "2018-03-01T21:57:31",
        "222271": "2018-03-02T03:30:32",
        "1367017": "2018-03-05T10:03:49",
        "1132519": "2018-03-25T01:54:28",
        "8608415": "2018-04-07T08:53:46",
        "35807407": "2018-08-08T15:03:57",
        "30115829": "2018-08-16T12:50:23",
        "42418889": "2018-08-16T21:25:49",
        "756604": "2018-10-01T07:16:40",
        "523918": "2019-01-17T10:44:53",
        "39334191": "2019-02-01T20:54:04",
        "2672857": "2019-10-03T13:17:22",
        "1652009": "2019-10-03T23:49:59",
        "53972048": "2019-10-04T00:10:15",
        "5851247": "2019-11-18T15:57:45",
        "4946991": "2020-02-17T04:01:31",
        "7754246": "2020-03-27T07:01:43",
        "61539647": "2020-07-23T11:54:33",
        "2585300": "2021-03-07T13:24:12",
        "162636": "2021-04-11T05:34:49",
        "12108784": "2021-05-03T00:46:18",
        "14989249": "2021-05-18T08:05:44",
        "59238070": "2021-09-26T14:00:45",
        "77411288": "2021-10-21T02:08:41",
        "69394337": "2022-06-26T11:21:55",
        "1642679": "2022-06-26T14:20:26",
        "3626546": "2022-08-06T09:23:23",
        "106605738": "2022-09-12T17:50:02",
        "126350705": "2023-02-25T22:39:08"
    }
}[
    {
        "GHA": {}
    },
    {
        "Travis": []
    },
    {
        "CircleCI": []
    },
    {
        "AppVeyor": []
    },
    {
        "Azure": []
    },
    {
        "GitLab": []
    },
    {
        "Jenkins": []
    }
]