{
    "id": 123651491,
    "name": "swift-nio-nghttp2-support",
    "full_name": "apple/swift-nio-nghttp2-support",
    "org_name": "Apple",
    "org_id": 10639145,
    "created_at": "2018-03-03T02:21:52",
    "pushed_at": "2020-12-08T07:57:26",
    "updated_at": "2023-02-22T08:03:41",
    "isFork": false,
    "forks": 15,
    "forks_count": 15,
    "has_downloads": true,
    "has_issues": true,
    "has_pages": false,
    "has_projects": false,
    "has_wiki": false,
    "homepage": null,
    "language": "Swift",
    "open_issues": 0,
    "open_issues_count": 0,
    "size": 4,
    "stargazers_count": 14,
    "subscribers_count": 17,
    "watchers": 14,
    "watchers_count": 14,
    "first_commit": "2018-03-03T02:33:30",
    "last_commit": "2018-03-03T02:36:35",
    "branches_count": 1,
    "commit_comments_count": 0,
    "commits_count": 2,
    "countributors_count": 1,
    "downloads_count": 0,
    "events_count": 1,
    "issues_count": 0,
    "labels_count": 8,
    "milestones_count": 0,
    "PR_count": 0,
    "open_PR_count": 0,
    "readme_size": 255,
    "release_count": 0,
    "topic_count": 0,
    "15_commits": 0,
    "16_commits": 0,
    "17_commits": 0,
    "18_commits": 2,
    "19_commits": 0,
    "20_commits": 0,
    "21_commits": 0,
    "22_commits": 0,
    "15_committer_num": 0,
    "16_committer_num": 0,
    "17_committer_num": 0,
    "18_committer_num": 1,
    "19_committer_num": 0,
    "20_committer_num": 0,
    "21_committer_num": 0,
    "22_committer_num": 0
}{
    "stargazer_date": {
        "421758": "2018-05-18T01:18:06",
        "4883009": "2018-05-19T01:36:29",
        "10254305": "2018-05-19T18:48:07",
        "30115829": "2018-08-16T12:50:42",
        "42418889": "2018-08-16T21:25:48",
        "756604": "2018-10-01T07:17:19",
        "39334191": "2019-02-01T20:54:47",
        "5851247": "2019-11-18T15:57:39",
        "61539647": "2020-07-23T11:54:46",
        "162636": "2021-04-11T05:34:43",
        "59238070": "2021-09-26T14:00:45",
        "77411288": "2021-10-21T02:08:44",
        "12108784": "2022-06-09T17:20:57",
        "3626546": "2022-08-06T09:23:18"
    }
}[
    {
        "GHA": {}
    },
    {
        "Travis": []
    },
    {
        "CircleCI": []
    },
    {
        "AppVeyor": []
    },
    {
        "Azure": []
    },
    {
        "GitLab": []
    },
    {
        "Jenkins": []
    }
]