{
    "id": 136369857,
    "name": "ml-all-pairs",
    "full_name": "apple/ml-all-pairs",
    "org_name": "Apple",
    "org_id": 10639145,
    "created_at": "2018-06-06T18:25:25",
    "pushed_at": "2022-09-11T20:02:32",
    "updated_at": "2022-11-25T20:53:23",
    "isFork": false,
    "forks": 21,
    "forks_count": 21,
    "has_downloads": true,
    "has_issues": false,
    "has_pages": false,
    "has_projects": false,
    "has_wiki": false,
    "homepage": "",
    "language": "Python",
    "open_issues": 1,
    "open_issues_count": 1,
    "size": 55,
    "stargazers_count": 36,
    "subscribers_count": 15,
    "watchers": 36,
    "watchers_count": 36,
    "first_commit": "2018-06-26T22:00:29",
    "last_commit": "2019-03-30T17:32:21",
    "branches_count": 1,
    "commit_comments_count": 0,
    "commits_count": 6,
    "countributors_count": 0,
    "downloads_count": 0,
    "events_count": 2,
    "issues_count": 1,
    "labels_count": 8,
    "milestones_count": 0,
    "PR_count": 2,
    "open_PR_count": 1,
    "readme_size": 2670,
    "release_count": 0,
    "topic_count": 0,
    "15_commits": 0,
    "16_commits": 0,
    "17_commits": 0,
    "18_commits": 5,
    "19_commits": 1,
    "20_commits": 0,
    "21_commits": 0,
    "22_commits": 0,
    "15_committer_num": 0,
    "16_committer_num": 0,
    "17_committer_num": 0,
    "18_committer_num": 0,
    "19_committer_num": 0,
    "20_committer_num": 0,
    "21_committer_num": 0,
    "22_committer_num": 0
}{
    "stargazer_date": {
        "421758": "2018-07-02T19:03:17",
        "5491536": "2018-07-03T00:52:12",
        "4883009": "2018-07-03T01:52:06",
        "8204807": "2018-07-03T09:29:32",
        "971482": "2018-07-04T20:32:55",
        "678349": "2018-07-05T02:53:32",
        "2007531": "2018-07-09T10:29:16",
        "807351": "2018-07-12T03:29:16",
        "35297287": "2018-07-14T15:18:01",
        "1703681": "2018-07-16T16:38:54",
        "5687539": "2018-08-05T12:05:44",
        "3614421": "2018-08-07T18:25:16",
        "30115829": "2018-08-16T12:49:24",
        "42418889": "2018-08-16T21:25:56",
        "21102442": "2018-09-26T01:48:50",
        "153468": "2018-09-26T19:52:49",
        "25380605": "2018-09-26T20:22:48",
        "7533953": "2018-10-11T20:01:08",
        "7767634": "2018-11-26T00:40:29",
        "39334191": "2019-02-01T20:52:46",
        "6151131": "2019-07-30T09:38:02",
        "25436898": "2019-11-15T10:22:34",
        "5851247": "2019-11-18T15:58:14",
        "397793": "2019-11-27T07:22:33",
        "22170793": "2019-12-01T18:13:42",
        "7131192": "2020-02-22T01:46:41",
        "152159": "2020-04-19T06:52:33",
        "61539647": "2020-07-23T11:53:53",
        "36937771": "2021-04-20T20:39:14",
        "59238070": "2021-09-26T14:00:45",
        "87330181": "2021-09-27T17:25:01",
        "77411288": "2021-10-21T02:10:24",
        "42310484": "2022-02-26T05:59:42",
        "15046717": "2022-03-22T16:24:16",
        "54206701": "2022-04-30T18:19:24",
        "71681815": "2022-08-22T01:56:01"
    }
}[
    {
        "GHA": {}
    },
    {
        "Travis": []
    },
    {
        "CircleCI": []
    },
    {
        "AppVeyor": []
    },
    {
        "Azure": []
    },
    {
        "GitLab": []
    },
    {
        "Jenkins": []
    }
]