{
    "id": 159257562,
    "name": "swift-libcxx",
    "full_name": "apple/swift-libcxx",
    "org_name": "Apple",
    "org_id": 10639145,
    "created_at": "2018-11-27T01:32:35",
    "pushed_at": "2019-10-25T22:47:31",
    "updated_at": "2023-01-28T15:16:57",
    "isFork": false,
    "forks": 20,
    "forks_count": 20,
    "has_downloads": true,
    "has_issues": false,
    "has_pages": false,
    "has_projects": false,
    "has_wiki": false,
    "homepage": null,
    "language": "C++",
    "open_issues": 0,
    "open_issues_count": 0,
    "size": 21003,
    "stargazers_count": 18,
    "subscribers_count": 77,
    "watchers": 18,
    "watchers_count": 18,
    "first_commit": "2019-04-30T18:44:45",
    "last_commit": "2019-10-25T22:47:30",
    "branches_count": 8,
    "commit_comments_count": 0,
    "commits_count": 5680,
    "countributors_count": 129,
    "downloads_count": 0,
    "events_count": 0,
    "issues_count": 0,
    "labels_count": 8,
    "milestones_count": 0,
    "PR_count": 3,
    "open_PR_count": 0,
    "readme_size": 608,
    "release_count": 0,
    "topic_count": 0,
    "15_commits": 641,
    "16_commits": 1091,
    "17_commits": 977,
    "18_commits": 792,
    "19_commits": 449,
    "20_commits": 0,
    "21_commits": 0,
    "22_commits": 0,
    "15_committer_num": 29,
    "16_committer_num": 39,
    "17_committer_num": 48,
    "18_committer_num": 53,
    "19_committer_num": 35,
    "20_committer_num": 0,
    "21_committer_num": 0,
    "22_committer_num": 0
}{
    "stargazer_date": {
        "2731831": "2018-11-30T07:17:08",
        "43188893": "2018-12-15T14:39:32",
        "7324811": "2019-01-09T01:41:14",
        "39334191": "2019-02-01T20:10:36",
        "83694": "2019-02-07T22:24:02",
        "38406": "2019-02-26T11:57:17",
        "18732689": "2019-03-26T04:38:41",
        "3081563": "2019-03-30T08:59:16",
        "6003467": "2019-04-02T08:04:45",
        "552398": "2019-09-05T12:24:58",
        "16783195": "2019-09-25T23:17:54",
        "193302": "2019-11-17T03:04:30",
        "5851247": "2019-11-18T15:55:50",
        "61539647": "2020-07-23T11:53:27",
        "36937771": "2021-04-20T20:39:15",
        "59238070": "2021-09-26T14:00:45",
        "77411288": "2021-10-21T02:09:53",
        "56067109": "2022-10-19T17:57:40"
    }
}[
    {
        "GHA": {}
    },
    {
        "Travis": []
    },
    {
        "CircleCI": []
    },
    {
        "AppVeyor": [
            {
                "file_name": "/appveyor.yml",
                "commit_date": "2019-04-03T20:36:51",
                "status": "modified",
                "first_commit": "2017-04-19T23:26:21",
                "last_commit": "2019-04-03T20:36:51",
                "CI_type": "AppVeyor",
                "sha": "7050d98b9a9bb3bc9e775f653783a5e38628a3b2"
            },
            {
                "file_name": "/appveyor.yml",
                "commit_date": "2018-10-30T21:23:31",
                "status": "modified",
                "first_commit": "2017-04-19T23:26:21",
                "last_commit": "2019-04-03T20:36:51",
                "CI_type": "AppVeyor",
                "sha": "abfbf147f6e8924e64b790cff1744ac7bdcae1a8"
            },
            {
                "file_name": "/appveyor.yml",
                "commit_date": "2017-05-10T02:43:02",
                "status": "modified",
                "first_commit": "2017-04-19T23:26:21",
                "last_commit": "2019-04-03T20:36:51",
                "CI_type": "AppVeyor",
                "sha": "ff17452d7c37b4f355dda36c549a29686c528a8e"
            },
            {
                "file_name": "/appveyor.yml",
                "commit_date": "2017-05-10T02:34:56",
                "status": "modified",
                "first_commit": "2017-04-19T23:26:21",
                "last_commit": "2019-04-03T20:36:51",
                "CI_type": "AppVeyor",
                "sha": "9d987bafc44ddcbf495f2491ee821560f0338de3"
            },
            {
                "file_name": "/appveyor.yml",
                "commit_date": "2017-05-10T02:30:16",
                "status": "modified",
                "first_commit": "2017-04-19T23:26:21",
                "last_commit": "2019-04-03T20:36:51",
                "CI_type": "AppVeyor",
                "sha": "85fc444fc660d78af8c943e1f527a6f97ef9e984"
            },
            {
                "file_name": "/appveyor.yml",
                "commit_date": "2017-05-04T19:04:50",
                "status": "modified",
                "first_commit": "2017-04-19T23:26:21",
                "last_commit": "2019-04-03T20:36:51",
                "CI_type": "AppVeyor",
                "sha": "8ef97ec75141028eca55d2f978644a9e99ed6971"
            },
            {
                "file_name": "/appveyor.yml",
                "commit_date": "2017-05-04T05:32:54",
                "status": "modified",
                "first_commit": "2017-04-19T23:26:21",
                "last_commit": "2019-04-03T20:36:51",
                "CI_type": "AppVeyor",
                "sha": "58291566ed2efbe77d4a295299cc17043d383160"
            },
            {
                "file_name": "/appveyor.yml",
                "commit_date": "2017-05-04T05:16:48",
                "status": "modified",
                "first_commit": "2017-04-19T23:26:21",
                "last_commit": "2019-04-03T20:36:51",
                "CI_type": "AppVeyor",
                "sha": "a64f7198c770c34d2b0a4d69a825ab374edaa355"
            },
            {
                "file_name": "/appveyor.yml",
                "commit_date": "2017-05-04T01:17:22",
                "status": "modified",
                "first_commit": "2017-04-19T23:26:21",
                "last_commit": "2019-04-03T20:36:51",
                "CI_type": "AppVeyor",
                "sha": "f3b2962c723c786d80fc8b8ce24ba87dd968159e"
            },
            {
                "file_name": "/appveyor.yml",
                "commit_date": "2017-05-04T01:17:21",
                "status": "modified",
                "first_commit": "2017-04-19T23:26:21",
                "last_commit": "2019-04-03T20:36:51",
                "CI_type": "AppVeyor",
                "sha": "8677b63a2c6b0325802d61387f403d2cedff5447"
            },
            {
                "file_name": "/appveyor.yml",
                "commit_date": "2017-05-04T00:16:35",
                "status": "modified",
                "first_commit": "2017-04-19T23:26:21",
                "last_commit": "2019-04-03T20:36:51",
                "CI_type": "AppVeyor",
                "sha": "621612c8454448bc7fa69e2efa6b590a903c071d"
            },
            {
                "file_name": "/appveyor.yml",
                "commit_date": "2017-05-03T21:14:26",
                "status": "modified",
                "first_commit": "2017-04-19T23:26:21",
                "last_commit": "2019-04-03T20:36:51",
                "CI_type": "AppVeyor",
                "sha": "16d4a3f21c3eee853579b06619d9a3a1a1de7825"
            },
            {
                "file_name": "/appveyor.yml",
                "commit_date": "2017-04-19T23:27:48",
                "status": "modified",
                "first_commit": "2017-04-19T23:26:21",
                "last_commit": "2019-04-03T20:36:51",
                "CI_type": "AppVeyor",
                "sha": "02213ed1e1953b1166613c34ae84dfd54e0deb01"
            },
            {
                "file_name": "/appveyor.yml",
                "commit_date": "2017-04-19T23:26:21",
                "status": "added",
                "first_commit": "2017-04-19T23:26:21",
                "last_commit": "2019-04-03T20:36:51",
                "CI_type": "AppVeyor",
                "sha": "a5ca9445f6661da4ed63f766c96ef4fab95f8c1f"
            }
        ]
    },
    {
        "Azure": []
    },
    {
        "GitLab": []
    },
    {
        "Jenkins": []
    }
]