{
    "id": 159256892,
    "name": "swift-clang-tools-extra",
    "full_name": "apple/swift-clang-tools-extra",
    "org_name": "Apple",
    "org_id": 10639145,
    "created_at": "2018-11-27T01:26:29",
    "pushed_at": "2019-11-01T13:48:02",
    "updated_at": "2023-01-28T15:16:57",
    "isFork": false,
    "forks": 18,
    "forks_count": 18,
    "has_downloads": true,
    "has_issues": false,
    "has_pages": false,
    "has_projects": false,
    "has_wiki": false,
    "homepage": null,
    "language": "C++",
    "open_issues": 2,
    "open_issues_count": 2,
    "size": 11794,
    "stargazers_count": 14,
    "subscribers_count": 78,
    "watchers": 14,
    "watchers_count": 14,
    "first_commit": "2019-05-30T23:53:12",
    "last_commit": "2019-10-25T20:52:28",
    "branches_count": 9,
    "commit_comments_count": 0,
    "commits_count": 4958,
    "countributors_count": 184,
    "downloads_count": 0,
    "events_count": 0,
    "issues_count": 2,
    "labels_count": 9,
    "milestones_count": 0,
    "PR_count": 9,
    "open_PR_count": 2,
    "readme_size": 1266,
    "release_count": 0,
    "topic_count": 0,
    "15_commits": 480,
    "16_commits": 851,
    "17_commits": 758,
    "18_commits": 1322,
    "19_commits": 742,
    "20_commits": 0,
    "21_commits": 0,
    "22_commits": 0,
    "15_committer_num": 37,
    "16_committer_num": 55,
    "17_committer_num": 69,
    "18_committer_num": 76,
    "19_committer_num": 70,
    "20_committer_num": 0,
    "21_committer_num": 0,
    "22_committer_num": 0
}{
    "stargazer_date": {
        "421758": "2018-11-28T12:05:20",
        "83694": "2018-11-28T12:11:31",
        "4883009": "2018-11-29T08:21:33",
        "39334191": "2019-02-01T20:10:52",
        "11990850": "2019-02-12T11:55:51",
        "38406": "2019-02-26T11:57:49",
        "1649636": "2019-03-15T17:04:26",
        "1581151": "2019-09-16T22:18:11",
        "54375346": "2019-10-08T18:04:49",
        "5851247": "2019-11-18T15:55:25",
        "61539647": "2020-07-23T11:53:21",
        "36937771": "2021-04-20T20:39:14",
        "59238070": "2021-09-26T14:00:45",
        "77411288": "2021-10-21T02:09:51"
    }
}[
    {
        "GHA": {}
    },
    {
        "Travis": []
    },
    {
        "CircleCI": []
    },
    {
        "AppVeyor": []
    },
    {
        "Azure": []
    },
    {
        "GitLab": []
    },
    {
        "Jenkins": []
    }
]