{
    "id": 183485276,
    "name": "ml-ncg",
    "full_name": "apple/ml-ncg",
    "org_name": "Apple",
    "org_id": 10639145,
    "created_at": "2019-04-25T18:02:41",
    "pushed_at": "2022-06-15T17:50:56",
    "updated_at": "2022-06-07T13:04:17",
    "isFork": false,
    "forks": 11,
    "forks_count": 11,
    "has_downloads": true,
    "has_issues": true,
    "has_pages": false,
    "has_projects": false,
    "has_wiki": false,
    "homepage": null,
    "language": "Python",
    "open_issues": 1,
    "open_issues_count": 1,
    "size": 51,
    "stargazers_count": 10,
    "subscribers_count": 12,
    "watchers": 10,
    "watchers_count": 10,
    "first_commit": "2019-04-27T21:53:51",
    "last_commit": "2019-05-22T17:39:22",
    "branches_count": 4,
    "commit_comments_count": 0,
    "commits_count": 13,
    "countributors_count": 1,
    "downloads_count": 0,
    "events_count": 2,
    "issues_count": 1,
    "labels_count": 9,
    "milestones_count": 0,
    "PR_count": 5,
    "open_PR_count": 1,
    "readme_size": 816,
    "release_count": 0,
    "topic_count": 0,
    "15_commits": 0,
    "16_commits": 0,
    "17_commits": 0,
    "18_commits": 0,
    "19_commits": 13,
    "20_commits": 0,
    "21_commits": 0,
    "22_commits": 0,
    "15_committer_num": 0,
    "16_committer_num": 0,
    "17_committer_num": 0,
    "18_committer_num": 0,
    "19_committer_num": 1,
    "20_committer_num": 0,
    "21_committer_num": 0,
    "22_committer_num": 0
}{
    "stargazer_date": {
        "831617": "2019-05-26T15:57:47",
        "3690656": "2019-09-06T07:21:18",
        "11999630": "2019-10-10T01:55:47",
        "5851247": "2019-11-18T15:58:24",
        "7131192": "2020-02-22T01:46:28",
        "14154017": "2020-02-29T06:21:22",
        "36937771": "2021-04-20T20:39:14",
        "60302786": "2021-05-14T10:26:35",
        "59238070": "2021-09-26T14:00:45",
        "77411288": "2021-10-21T02:10:20"
    }
}[
    {
        "GHA": {}
    },
    {
        "Travis": []
    },
    {
        "CircleCI": []
    },
    {
        "AppVeyor": []
    },
    {
        "Azure": []
    },
    {
        "GitLab": []
    },
    {
        "Jenkins": []
    }
]