{
    "id": 189794784,
    "name": "swift-statsd-client",
    "full_name": "apple/swift-statsd-client",
    "org_name": "Apple",
    "org_id": 10639145,
    "created_at": "2019-06-02T01:59:53",
    "pushed_at": "2023-01-12T23:28:16",
    "updated_at": "2023-03-05T12:44:45",
    "isFork": false,
    "forks": 19,
    "forks_count": 19,
    "has_downloads": true,
    "has_issues": true,
    "has_pages": false,
    "has_projects": false,
    "has_wiki": false,
    "homepage": "",
    "language": "Swift",
    "open_issues": 3,
    "open_issues_count": 3,
    "size": 52,
    "stargazers_count": 53,
    "subscribers_count": 12,
    "watchers": 53,
    "watchers_count": 53,
    "first_commit": "2019-06-02T01:59:20",
    "last_commit": "2023-01-12T23:19:31",
    "branches_count": 2,
    "commit_comments_count": 1,
    "commits_count": 34,
    "countributors_count": 6,
    "downloads_count": 0,
    "events_count": 47,
    "issues_count": 3,
    "labels_count": 12,
    "milestones_count": 1,
    "PR_count": 35,
    "open_PR_count": 0,
    "readme_size": 1693,
    "release_count": 6,
    "topic_count": 0,
    "15_commits": 0,
    "16_commits": 0,
    "17_commits": 0,
    "18_commits": 0,
    "19_commits": 12,
    "20_commits": 9,
    "21_commits": 5,
    "22_commits": 6,
    "15_committer_num": 0,
    "16_committer_num": 0,
    "17_committer_num": 0,
    "18_committer_num": 0,
    "19_committer_num": 2,
    "20_committer_num": 2,
    "21_committer_num": 2,
    "22_committer_num": 3
}{
    "stargazer_date": {
        "610852": "2019-08-06T06:50:13",
        "552398": "2019-09-19T06:41:33",
        "7324811": "2019-11-01T04:06:19",
        "5851247": "2019-11-18T15:54:50",
        "23347483": "2019-12-24T17:54:09",
        "1207364": "2019-12-25T13:39:59",
        "112310": "2019-12-28T12:22:45",
        "8311605": "2019-12-28T13:51:12",
        "217": "2019-12-28T14:33:42",
        "4028159": "2019-12-28T21:21:00",
        "6780861": "2019-12-28T22:43:45",
        "16648917": "2019-12-29T15:59:32",
        "44869": "2019-12-29T20:00:33",
        "58190020": "2020-01-11T02:22:23",
        "4073499": "2020-01-30T16:05:59",
        "1856085": "2020-03-03T18:39:32",
        "4898263": "2020-03-20T08:56:21",
        "38746192": "2020-03-28T15:36:54",
        "47697490": "2020-03-28T17:34:48",
        "1506907": "2020-04-01T01:02:07",
        "8604082": "2020-04-09T00:44:24",
        "27846000": "2020-04-21T12:14:32",
        "14150687": "2020-04-21T14:20:45",
        "120979": "2020-06-11T02:57:28",
        "16192401": "2020-06-11T09:00:00",
        "6391776": "2020-06-13T05:12:42",
        "14037268": "2020-06-13T05:43:11",
        "5977478": "2020-06-13T16:41:43",
        "21175086": "2020-06-23T19:20:34",
        "4946991": "2020-07-07T08:37:12",
        "4928606": "2020-10-08T07:25:35",
        "637026": "2020-11-05T19:43:21",
        "205837": "2020-11-10T23:10:59",
        "12108784": "2021-02-02T04:38:34",
        "1176895": "2021-03-20T00:11:27",
        "1652009": "2021-05-05T23:13:07",
        "33383463": "2021-07-05T17:26:28",
        "14291": "2021-07-22T11:29:50",
        "58052": "2021-08-31T20:33:21",
        "12012815": "2021-09-25T20:16:17",
        "59238070": "2021-09-26T14:00:45",
        "2293396": "2021-10-05T21:28:55",
        "77411288": "2021-10-21T02:07:19",
        "2856396": "2022-01-20T09:16:53",
        "45997": "2022-04-12T20:58:34",
        "93238608": "2022-04-26T01:22:41",
        "1557594": "2022-04-28T09:23:57",
        "1430145": "2022-06-18T21:17:07",
        "61655029": "2022-08-13T21:30:04",
        "686038": "2023-01-15T10:25:49",
        "20668045": "2023-01-15T23:29:23",
        "32326384": "2023-01-21T08:53:41",
        "30873659": "2023-02-05T21:40:45"
    }
}[
    {
        "GHA": {}
    },
    {
        "Travis": []
    },
    {
        "CircleCI": []
    },
    {
        "AppVeyor": []
    },
    {
        "Azure": []
    },
    {
        "GitLab": []
    },
    {
        "Jenkins": []
    }
]