{
    "id": 196085199,
    "name": "llvm-monorepo-root",
    "full_name": "apple/llvm-monorepo-root",
    "org_name": "Apple",
    "org_id": 10639145,
    "created_at": "2019-07-09T21:17:32",
    "pushed_at": "2019-10-16T01:58:38",
    "updated_at": "2023-01-28T15:16:58",
    "isFork": false,
    "forks": 8,
    "forks_count": 8,
    "has_downloads": true,
    "has_issues": false,
    "has_pages": false,
    "has_projects": false,
    "has_wiki": false,
    "homepage": null,
    "language": null,
    "open_issues": 0,
    "open_issues_count": 0,
    "size": 48,
    "stargazers_count": 7,
    "subscribers_count": 7,
    "watchers": 7,
    "watchers_count": 7,
    "first_commit": "2017-10-19T21:09:49",
    "last_commit": "2019-10-16T01:58:37",
    "branches_count": 4,
    "commit_comments_count": 0,
    "commits_count": 39,
    "countributors_count": 1,
    "downloads_count": 0,
    "events_count": 0,
    "issues_count": 0,
    "labels_count": 9,
    "milestones_count": 0,
    "PR_count": 0,
    "open_PR_count": 0,
    "readme_size": 1029,
    "release_count": 0,
    "topic_count": 0,
    "15_commits": 0,
    "16_commits": 0,
    "17_commits": 1,
    "18_commits": 1,
    "19_commits": 37,
    "20_commits": 0,
    "21_commits": 0,
    "22_commits": 0,
    "15_committer_num": 0,
    "16_committer_num": 0,
    "17_committer_num": 0,
    "18_committer_num": 0,
    "19_committer_num": 1,
    "20_committer_num": 0,
    "21_committer_num": 0,
    "22_committer_num": 0
}{
    "stargazer_date": {
        "7324811": "2019-08-20T08:47:32",
        "165672": "2019-08-23T05:04:48",
        "63240230": "2020-04-06T13:10:42",
        "36937771": "2021-04-20T20:39:14",
        "59238070": "2021-09-26T14:00:45",
        "77411288": "2021-10-21T02:10:01",
        "27885054": "2022-09-03T06:42:01"
    }
}[
    {
        "GHA": {}
    },
    {
        "Travis": []
    },
    {
        "CircleCI": []
    },
    {
        "AppVeyor": []
    },
    {
        "Azure": []
    },
    {
        "GitLab": []
    },
    {
        "Jenkins": []
    }
]