{
    "id": 196327850,
    "name": "apple-llvm-infrastructure-tools",
    "full_name": "apple/apple-llvm-infrastructure-tools",
    "org_name": "Apple",
    "org_id": 10639145,
    "created_at": "2019-07-11T05:48:56",
    "pushed_at": "2022-10-10T20:45:42",
    "updated_at": "2023-02-12T13:19:14",
    "isFork": false,
    "forks": 23,
    "forks_count": 23,
    "has_downloads": true,
    "has_issues": false,
    "has_pages": false,
    "has_projects": false,
    "has_wiki": false,
    "homepage": null,
    "language": "C++",
    "open_issues": 0,
    "open_issues_count": 0,
    "size": 775,
    "stargazers_count": 36,
    "subscribers_count": 117,
    "watchers": 36,
    "watchers_count": 36,
    "first_commit": "2019-10-30T21:01:45",
    "last_commit": "2021-07-27T16:41:48",
    "branches_count": 4,
    "commit_comments_count": 0,
    "commits_count": 604,
    "countributors_count": 6,
    "downloads_count": 0,
    "events_count": 2,
    "issues_count": 0,
    "labels_count": 9,
    "milestones_count": 0,
    "PR_count": 134,
    "open_PR_count": 0,
    "readme_size": 701,
    "release_count": 0,
    "topic_count": 0,
    "15_commits": 0,
    "16_commits": 0,
    "17_commits": 0,
    "18_commits": 0,
    "19_commits": 554,
    "20_commits": 41,
    "21_commits": 7,
    "22_commits": 2,
    "15_committer_num": 0,
    "16_committer_num": 0,
    "17_committer_num": 0,
    "18_committer_num": 0,
    "19_committer_num": 6,
    "20_committer_num": 3,
    "21_committer_num": 0,
    "22_committer_num": 1
}{
    "stargazer_date": {
        "6366270": "2019-08-06T02:59:51",
        "23187625": "2019-09-13T05:08:46",
        "4596037": "2019-10-11T19:16:20",
        "5205699": "2019-10-29T01:51:33",
        "8665971": "2019-10-29T01:52:57",
        "724848": "2019-10-29T06:59:29",
        "342674": "2019-10-29T14:34:00",
        "6377899": "2019-10-30T16:04:19",
        "112310": "2019-11-03T19:01:25",
        "217": "2019-11-04T01:16:52",
        "5851247": "2019-11-18T15:53:22",
        "7687109": "2019-12-17T12:02:18",
        "29721626": "2019-12-20T15:17:57",
        "6335605": "2020-03-15T09:39:57",
        "39017783": "2020-03-16T19:37:07",
        "32227073": "2020-03-17T16:18:36",
        "28791254": "2020-06-05T21:37:23",
        "67519547": "2020-06-28T08:11:55",
        "56710780": "2020-07-07T07:47:15",
        "61539647": "2020-07-23T11:52:43",
        "70349429": "2020-09-14T18:47:18",
        "26408605": "2020-09-24T12:03:53",
        "55211307": "2020-11-16T05:31:58",
        "40852283": "2021-01-10T07:02:52",
        "787366": "2021-03-12T10:47:45",
        "36937771": "2021-04-20T20:39:14",
        "79499738": "2021-04-24T07:11:05",
        "130135": "2021-05-05T22:27:11",
        "20110990": "2021-05-06T05:08:42",
        "12949419": "2021-05-26T08:44:21",
        "3759759": "2021-06-03T22:42:13",
        "48371699": "2021-06-14T14:23:15",
        "59238070": "2021-09-26T14:00:44",
        "77411288": "2021-10-21T02:07:13",
        "1706612": "2021-12-10T01:24:20",
        "144384": "2022-04-20T18:28:06"
    }
}[
    {
        "GHA": {}
    },
    {
        "Travis": []
    },
    {
        "CircleCI": []
    },
    {
        "AppVeyor": []
    },
    {
        "Azure": []
    },
    {
        "GitLab": []
    },
    {
        "Jenkins": []
    }
]