{
    "id": 215682441,
    "name": "llvm-project-v5-split",
    "full_name": "apple/llvm-project-v5-split",
    "org_name": "Apple",
    "org_id": 10639145,
    "created_at": "2019-10-17T02:04:59",
    "pushed_at": "2019-10-22T15:43:15",
    "updated_at": "2023-01-28T15:16:58",
    "isFork": false,
    "forks": 7,
    "forks_count": 7,
    "has_downloads": true,
    "has_issues": false,
    "has_pages": false,
    "has_projects": false,
    "has_wiki": false,
    "homepage": null,
    "language": "C++",
    "open_issues": 0,
    "open_issues_count": 0,
    "size": 709358,
    "stargazers_count": 6,
    "subscribers_count": 11,
    "watchers": 6,
    "watchers_count": 6,
    "first_commit": "2018-11-02T13:09:36",
    "last_commit": "2018-11-26T17:05:13",
    "branches_count": 148,
    "commit_comments_count": 0,
    "commits_count": 4103,
    "countributors_count": 157,
    "downloads_count": 0,
    "events_count": 0,
    "issues_count": 0,
    "labels_count": 9,
    "milestones_count": 0,
    "PR_count": 0,
    "open_PR_count": 0,
    "readme_size": 1052,
    "release_count": 0,
    "topic_count": 0,
    "15_commits": 480,
    "16_commits": 851,
    "17_commits": 758,
    "18_commits": 1209,
    "19_commits": 0,
    "20_commits": 0,
    "21_commits": 0,
    "22_commits": 0,
    "15_committer_num": 37,
    "16_committer_num": 55,
    "17_committer_num": 69,
    "18_committer_num": 70,
    "19_committer_num": 0,
    "20_committer_num": 0,
    "21_committer_num": 0,
    "22_committer_num": 0
}{
    "stargazer_date": {
        "5851247": "2019-11-18T15:56:07",
        "61539647": "2020-07-23T11:53:31",
        "36937771": "2021-04-20T20:39:14",
        "79499738": "2021-04-24T07:10:05",
        "59238070": "2021-09-26T14:00:45",
        "77411288": "2021-10-21T02:09:58"
    }
}[
    {
        "GHA": {}
    },
    {
        "Travis": []
    },
    {
        "CircleCI": []
    },
    {
        "AppVeyor": []
    },
    {
        "Azure": []
    },
    {
        "GitLab": []
    },
    {
        "Jenkins": []
    }
]