{
    "id": 215682169,
    "name": "llvm-project-v5",
    "full_name": "apple/llvm-project-v5",
    "org_name": "Apple",
    "org_id": 10639145,
    "created_at": "2019-10-17T02:03:22",
    "pushed_at": "2019-10-22T15:43:07",
    "updated_at": "2023-01-28T15:16:58",
    "isFork": false,
    "forks": 10,
    "forks_count": 10,
    "has_downloads": true,
    "has_issues": false,
    "has_pages": false,
    "has_projects": false,
    "has_wiki": false,
    "homepage": null,
    "language": "C++",
    "open_issues": 0,
    "open_issues_count": 0,
    "size": 1352675,
    "stargazers_count": 7,
    "subscribers_count": 11,
    "watchers": 7,
    "watchers_count": 7,
    "first_commit": "2019-10-17T00:55:38",
    "last_commit": "2019-10-17T23:06:49",
    "branches_count": 56,
    "commit_comments_count": 0,
    "commits_count": 337972,
    "countributors_count": 343,
    "downloads_count": 0,
    "events_count": 0,
    "issues_count": 0,
    "labels_count": 9,
    "milestones_count": 0,
    "PR_count": 0,
    "open_PR_count": 0,
    "readme_size": 1029,
    "release_count": 0,
    "topic_count": 0,
    "15_commits": 29666,
    "16_commits": 33465,
    "17_commits": 30012,
    "18_commits": 29666,
    "19_commits": 25705,
    "20_commits": 0,
    "21_commits": 0,
    "22_commits": 0,
    "15_committer_num": 296,
    "16_committer_num": 373,
    "17_committer_num": 447,
    "18_committer_num": 499,
    "19_committer_num": 518,
    "20_committer_num": 0,
    "21_committer_num": 0,
    "22_committer_num": 0
}{
    "stargazer_date": {
        "5851247": "2019-11-18T15:56:10",
        "61539647": "2020-07-23T11:53:38",
        "36937771": "2021-04-20T20:39:14",
        "79499738": "2021-04-24T07:10:10",
        "7315891": "2021-05-10T14:39:15",
        "59238070": "2021-09-26T14:00:45",
        "77411288": "2021-10-21T02:10:04"
    }
}[
    {
        "GHA": {}
    },
    {
        "Travis": []
    },
    {
        "CircleCI": []
    },
    {
        "AppVeyor": []
    },
    {
        "Azure": []
    },
    {
        "GitLab": []
    },
    {
        "Jenkins": []
    }
]