{
    "id": 216066354,
    "name": "ml-afv",
    "full_name": "apple/ml-afv",
    "org_name": "Apple",
    "org_id": 10639145,
    "created_at": "2019-10-18T16:34:39",
    "pushed_at": "2022-06-16T00:39:18",
    "updated_at": "2022-06-16T00:39:22",
    "isFork": false,
    "forks": 20,
    "forks_count": 20,
    "has_downloads": true,
    "has_issues": true,
    "has_pages": false,
    "has_projects": true,
    "has_wiki": true,
    "homepage": null,
    "language": "Python",
    "open_issues": 1,
    "open_issues_count": 1,
    "size": 66851,
    "stargazers_count": 44,
    "subscribers_count": 17,
    "watchers": 44,
    "watchers_count": 44,
    "first_commit": "2019-12-03T19:58:08",
    "last_commit": "2019-12-03T19:58:08",
    "branches_count": 1,
    "commit_comments_count": 0,
    "commits_count": 1,
    "countributors_count": 0,
    "downloads_count": 0,
    "events_count": 2,
    "issues_count": 1,
    "labels_count": 9,
    "milestones_count": 0,
    "PR_count": 0,
    "open_PR_count": 0,
    "readme_size": 2754,
    "release_count": 0,
    "topic_count": 1,
    "15_commits": 0,
    "16_commits": 0,
    "17_commits": 0,
    "18_commits": 0,
    "19_commits": 1,
    "20_commits": 0,
    "21_commits": 0,
    "22_commits": 0,
    "15_committer_num": 0,
    "16_committer_num": 0,
    "17_committer_num": 0,
    "18_committer_num": 0,
    "19_committer_num": 0,
    "20_committer_num": 0,
    "21_committer_num": 0,
    "22_committer_num": 0
}{
    "stargazer_date": {
        "825799": "2019-10-28T10:15:30",
        "21015368": "2019-11-05T18:45:13",
        "16612247": "2019-11-08T20:51:58",
        "1459124": "2019-11-08T22:05:03",
        "128885": "2019-11-09T21:47:47",
        "35346": "2019-11-11T03:16:08",
        "4658832": "2019-11-12T06:46:13",
        "661054": "2019-11-15T18:03:11",
        "8495451": "2019-11-16T22:13:33",
        "5851247": "2019-11-18T15:55:32",
        "23149509": "2019-11-25T05:46:07",
        "26252527": "2019-11-27T15:32:22",
        "17564431": "2019-12-02T13:00:40",
        "24820290": "2019-12-02T20:58:55",
        "9640948": "2019-12-04T13:16:20",
        "7533953": "2019-12-08T20:32:37",
        "5848025": "2019-12-11T01:14:54",
        "25939172": "2019-12-12T17:25:47",
        "7531676": "2019-12-17T02:30:12",
        "40820": "2019-12-18T03:27:28",
        "10705360": "2019-12-22T09:59:56",
        "33883991": "2019-12-23T08:44:58",
        "8805584": "2020-01-10T19:02:22",
        "5326846": "2020-01-10T20:58:18",
        "25883607": "2020-01-13T23:31:29",
        "17308814": "2020-01-15T22:57:34",
        "7805834": "2020-01-15T22:58:01",
        "27719715": "2020-01-15T23:05:57",
        "59940011": "2020-01-15T23:41:41",
        "908415": "2020-02-11T07:10:57",
        "13315": "2020-02-19T17:25:31",
        "7131192": "2020-02-22T01:23:17",
        "60359377": "2020-03-21T14:49:10",
        "30602550": "2020-03-28T23:58:21",
        "1624263": "2020-04-03T23:24:57",
        "14972246": "2020-06-28T10:21:39",
        "61539647": "2020-07-23T11:53:15",
        "19698023": "2020-10-29T16:59:37",
        "285038": "2020-12-21T23:22:01",
        "50167112": "2021-02-16T11:17:51",
        "36937771": "2021-04-20T20:39:14",
        "59238070": "2021-09-26T14:00:45",
        "77411288": "2021-10-21T02:09:44",
        "3702482": "2022-04-27T21:33:53"
    }
}[
    {
        "GHA": {}
    },
    {
        "Travis": []
    },
    {
        "CircleCI": []
    },
    {
        "AppVeyor": []
    },
    {
        "Azure": []
    },
    {
        "GitLab": []
    },
    {
        "Jenkins": []
    }
]