{
    "id": 223211375,
    "name": "ml-cifar-10-faster",
    "full_name": "apple/ml-cifar-10-faster",
    "org_name": "Apple",
    "org_id": 10639145,
    "created_at": "2019-11-21T15:59:51",
    "pushed_at": "2022-06-16T00:51:24",
    "updated_at": "2023-02-03T04:56:37",
    "isFork": false,
    "forks": 17,
    "forks_count": 17,
    "has_downloads": true,
    "has_issues": true,
    "has_pages": false,
    "has_projects": false,
    "has_wiki": false,
    "homepage": null,
    "language": "Python",
    "open_issues": 0,
    "open_issues_count": 0,
    "size": 17,
    "stargazers_count": 50,
    "subscribers_count": 12,
    "watchers": 50,
    "watchers_count": 50,
    "first_commit": "2019-12-12T00:02:40",
    "last_commit": "2019-12-12T00:02:40",
    "branches_count": 1,
    "commit_comments_count": 0,
    "commits_count": 1,
    "countributors_count": 1,
    "downloads_count": 0,
    "events_count": 3,
    "issues_count": 0,
    "labels_count": 9,
    "milestones_count": 0,
    "PR_count": 0,
    "open_PR_count": 0,
    "readme_size": 2161,
    "release_count": 0,
    "topic_count": 0,
    "15_commits": 0,
    "16_commits": 0,
    "17_commits": 0,
    "18_commits": 0,
    "19_commits": 1,
    "20_commits": 0,
    "21_commits": 0,
    "22_commits": 0,
    "15_committer_num": 0,
    "16_committer_num": 0,
    "17_committer_num": 0,
    "18_committer_num": 0,
    "19_committer_num": 1,
    "20_committer_num": 0,
    "21_committer_num": 0,
    "22_committer_num": 0
}{
    "stargazer_date": {
        "18080": "2019-12-19T01:16:08",
        "30197649": "2020-01-02T08:38:16",
        "59834428": "2020-01-13T14:43:05",
        "2228592": "2020-01-21T01:33:12",
        "29935671": "2020-01-21T12:37:29",
        "2096835": "2020-02-05T22:31:57",
        "13961658": "2020-02-13T17:46:22",
        "7131192": "2020-02-19T20:39:26",
        "40853699": "2020-02-25T09:11:50",
        "20024627": "2020-03-04T04:01:48",
        "186615": "2020-04-03T07:52:16",
        "49971681": "2020-04-20T05:38:49",
        "13658770": "2020-04-20T11:31:42",
        "62170594": "2020-04-27T11:01:38",
        "26847524": "2020-04-30T06:40:39",
        "26337720": "2020-05-06T08:29:24",
        "19358928": "2020-05-16T09:02:37",
        "15729332": "2020-05-24T12:34:02",
        "11296213": "2020-06-09T08:48:59",
        "48146130": "2020-07-01T03:32:53",
        "43535016": "2020-07-08T09:55:45",
        "6352649": "2020-07-09T23:30:27",
        "9093413": "2020-08-11T18:29:40",
        "12098716": "2020-08-18T09:27:25",
        "31784445": "2020-10-31T09:27:25",
        "29567264": "2020-10-31T13:15:40",
        "10502826": "2020-12-17T08:04:47",
        "4708597": "2021-01-15T09:11:16",
        "28499769": "2021-01-19T10:45:29",
        "662179": "2021-01-28T04:13:06",
        "24910512": "2021-04-06T07:19:11",
        "36937771": "2021-04-20T20:39:14",
        "15906795": "2021-04-28T22:58:32",
        "17802934": "2021-06-05T11:11:00",
        "35918423": "2021-06-17T06:43:55",
        "8418336": "2021-06-26T09:04:35",
        "7121753": "2021-09-19T07:53:26",
        "59238070": "2021-09-26T14:00:45",
        "77411288": "2021-10-21T02:09:48",
        "3080261": "2021-11-28T14:53:37",
        "59055565": "2021-12-01T14:48:51",
        "6079087": "2021-12-20T09:10:21",
        "22743794": "2022-04-13T07:33:17",
        "20118014": "2022-04-26T05:30:09",
        "35984064": "2022-05-12T18:40:56",
        "620163": "2022-07-12T17:48:41",
        "801988": "2022-07-24T14:32:31",
        "49754293": "2022-07-29T08:12:29",
        "66214": "2022-10-22T21:49:44",
        "8535381": "2023-02-03T04:56:36"
    }
}[
    {
        "GHA": {}
    },
    {
        "Travis": []
    },
    {
        "CircleCI": []
    },
    {
        "AppVeyor": []
    },
    {
        "Azure": []
    },
    {
        "GitLab": []
    },
    {
        "Jenkins": []
    }
]