{
    "id": 237542442,
    "name": "swift-nio-imap",
    "full_name": "apple/swift-nio-imap",
    "org_name": "Apple",
    "org_id": 10639145,
    "created_at": "2020-02-01T01:01:25",
    "pushed_at": "2023-03-08T15:49:15",
    "updated_at": "2023-02-28T00:01:08",
    "isFork": false,
    "forks": 8,
    "forks_count": 8,
    "has_downloads": true,
    "has_issues": true,
    "has_pages": false,
    "has_projects": false,
    "has_wiki": false,
    "homepage": "",
    "language": "Swift",
    "open_issues": 18,
    "open_issues_count": 18,
    "size": 3155,
    "stargazers_count": 66,
    "subscribers_count": 14,
    "watchers": 66,
    "watchers_count": 66,
    "first_commit": "2021-08-12T14:27:25",
    "last_commit": "2023-03-08T15:49:13",
    "branches_count": 5,
    "commit_comments_count": 0,
    "commits_count": 463,
    "countributors_count": 11,
    "downloads_count": 0,
    "events_count": 67,
    "issues_count": 18,
    "labels_count": 13,
    "milestones_count": 2,
    "PR_count": 481,
    "open_PR_count": 2,
    "readme_size": 3428,
    "release_count": 0,
    "topic_count": 0,
    "15_commits": 0,
    "16_commits": 0,
    "17_commits": 0,
    "18_commits": 0,
    "19_commits": 0,
    "20_commits": 229,
    "21_commits": 181,
    "22_commits": 47,
    "15_committer_num": 0,
    "16_committer_num": 0,
    "17_committer_num": 0,
    "18_committer_num": 0,
    "19_committer_num": 0,
    "20_committer_num": 8,
    "21_committer_num": 5,
    "22_committer_num": 6
}{
    "stargazer_date": {
        "1787156": "2022-08-30T20:06:30",
        "594059": "2022-08-30T20:14:08",
        "8311605": "2022-08-30T20:19:30",
        "69493073": "2022-08-30T23:02:40",
        "21194714": "2022-08-30T23:07:12",
        "11623298": "2022-08-30T23:07:25",
        "2132778": "2022-08-30T23:26:19",
        "217": "2022-08-31T00:07:07",
        "80200848": "2022-08-31T02:26:04",
        "56824280": "2022-08-31T02:29:43",
        "39869007": "2022-08-31T03:30:07",
        "7263139": "2022-08-31T06:01:29",
        "79260136": "2022-08-31T07:00:05",
        "1049693": "2022-08-31T07:07:22",
        "6060466": "2022-08-31T07:40:22",
        "3491887": "2022-08-31T08:01:51",
        "9783857": "2022-08-31T09:08:00",
        "26013286": "2022-08-31T09:25:15",
        "71217167": "2022-08-31T09:36:57",
        "16192401": "2022-08-31T10:00:16",
        "1652009": "2022-08-31T10:05:08",
        "45997": "2022-08-31T18:33:07",
        "26525394": "2022-08-31T19:02:19",
        "7324811": "2022-09-01T03:31:29",
        "8317047": "2022-09-01T03:36:13",
        "33674013": "2022-09-01T09:08:24",
        "23614": "2022-09-01T09:30:50",
        "74450868": "2022-09-01T10:16:29",
        "748949": "2022-09-01T10:35:46",
        "839733": "2022-09-02T05:46:29",
        "275681": "2022-09-02T16:07:05",
        "1707194": "2022-09-02T18:06:35",
        "6942160": "2022-09-03T07:37:15",
        "21320896": "2022-09-03T18:25:33",
        "6391776": "2022-09-03T20:26:27",
        "398942": "2022-09-04T02:41:14",
        "42574276": "2022-09-04T15:12:29",
        "3034168": "2022-09-06T12:41:52",
        "1640135": "2022-09-07T10:49:10",
        "106605738": "2022-09-12T18:44:06",
        "10055256": "2022-09-13T02:58:19",
        "10727996": "2022-09-13T10:45:15",
        "3131232": "2022-09-15T03:50:42",
        "44325329": "2022-09-20T13:55:45",
        "6485697": "2022-09-24T15:15:35",
        "97421782": "2022-09-26T02:36:31",
        "8544773": "2022-09-30T00:22:29",
        "30873659": "2022-10-04T17:24:59",
        "102257237": "2022-10-04T17:42:18",
        "2635733": "2022-10-06T09:34:28",
        "34293050": "2022-10-07T03:03:51",
        "7829934": "2022-10-27T14:12:20",
        "69360379": "2022-10-30T17:08:40",
        "1809796": "2022-11-11T13:02:34",
        "12272832": "2022-11-16T08:02:04",
        "941415": "2022-11-21T07:55:37",
        "5103904": "2022-11-25T19:22:03",
        "48989": "2022-12-18T11:31:09",
        "69401930": "2022-12-23T19:17:27",
        "7887007": "2023-01-30T19:30:56",
        "2196861": "2023-02-02T08:21:03",
        "19931865": "2023-02-12T09:56:09",
        "48609": "2023-02-21T10:18:24",
        "144653": "2023-02-25T17:49:52",
        "337422": "2023-02-25T18:02:03",
        "301036": "2023-02-28T00:01:08"
    }
}[
    {
        "GHA": {}
    },
    {
        "Travis": []
    },
    {
        "CircleCI": []
    },
    {
        "AppVeyor": []
    },
    {
        "Azure": []
    },
    {
        "GitLab": []
    },
    {
        "Jenkins": []
    }
]