{
    "id": 238085771,
    "name": "swift-evolution-staging",
    "full_name": "apple/swift-evolution-staging",
    "org_name": "Apple",
    "org_id": 10639145,
    "created_at": "2020-02-03T23:47:24",
    "pushed_at": "2022-07-13T03:05:39",
    "updated_at": "2022-11-12T21:28:00",
    "isFork": false,
    "forks": 24,
    "forks_count": 24,
    "has_downloads": true,
    "has_issues": false,
    "has_pages": false,
    "has_projects": false,
    "has_wiki": false,
    "homepage": null,
    "language": "Swift",
    "open_issues": 3,
    "open_issues_count": 3,
    "size": 80,
    "stargazers_count": 32,
    "subscribers_count": 125,
    "watchers": 32,
    "watchers_count": 32,
    "first_commit": "2020-02-10T16:29:27",
    "last_commit": "2020-02-10T16:29:27",
    "branches_count": 5,
    "commit_comments_count": 1,
    "commits_count": 1,
    "countributors_count": 1,
    "downloads_count": 0,
    "events_count": 2,
    "issues_count": 3,
    "labels_count": 9,
    "milestones_count": 0,
    "PR_count": 13,
    "open_PR_count": 3,
    "readme_size": 1921,
    "release_count": 0,
    "topic_count": 0,
    "15_commits": 0,
    "16_commits": 0,
    "17_commits": 0,
    "18_commits": 0,
    "19_commits": 0,
    "20_commits": 1,
    "21_commits": 0,
    "22_commits": 0,
    "15_committer_num": 0,
    "16_committer_num": 0,
    "17_committer_num": 0,
    "18_committer_num": 0,
    "19_committer_num": 0,
    "20_committer_num": 1,
    "21_committer_num": 0,
    "22_committer_num": 0
}{
    "stargazer_date": {
        "856507": "2020-02-18T22:24:12",
        "8268288": "2020-02-18T22:31:32",
        "72931": "2020-02-19T00:02:40",
        "11192474": "2020-02-19T01:16:27",
        "7324811": "2020-02-19T02:04:34",
        "5277837": "2020-02-19T12:04:40",
        "8292651": "2020-02-20T14:00:42",
        "6344795": "2020-02-20T16:21:40",
        "26971942": "2020-04-29T13:59:27",
        "4883009": "2020-06-04T01:11:09",
        "16076705": "2020-06-04T01:31:20",
        "25555889": "2020-06-11T22:46:13",
        "41050625": "2020-07-21T07:05:28",
        "217": "2020-08-05T14:26:31",
        "9640948": "2020-08-05T15:01:38",
        "26374564": "2020-08-05T16:00:50",
        "18399367": "2020-09-27T19:37:32",
        "25194119": "2020-11-18T07:03:23",
        "112310": "2020-12-09T14:10:21",
        "56744903": "2020-12-09T17:44:10",
        "1652009": "2020-12-11T15:10:08",
        "3251826": "2021-02-04T03:08:37",
        "74499847": "2021-02-04T07:24:01",
        "18266391": "2021-02-04T10:34:17",
        "543363": "2021-03-05T09:16:19",
        "36937771": "2021-04-20T20:39:15",
        "59238070": "2021-09-26T14:00:45",
        "251087": "2021-09-28T03:40:43",
        "77411288": "2021-10-21T02:06:36",
        "1088234": "2022-02-01T19:10:45",
        "93238608": "2022-05-01T11:07:42",
        "14351429": "2022-11-12T21:28:00"
    }
}[
    {
        "GHA": {}
    },
    {
        "Travis": []
    },
    {
        "CircleCI": []
    },
    {
        "AppVeyor": []
    },
    {
        "Azure": []
    },
    {
        "GitLab": []
    },
    {
        "Jenkins": []
    }
]