{
    "id": 238744366,
    "name": "swift-se0270-range-set",
    "full_name": "apple/swift-se0270-range-set",
    "org_name": "Apple",
    "org_id": 10639145,
    "created_at": "2020-02-06T17:24:14",
    "pushed_at": "2022-10-28T09:00:18",
    "updated_at": "2022-05-30T14:42:14",
    "isFork": false,
    "forks": 11,
    "forks_count": 11,
    "has_downloads": true,
    "has_issues": false,
    "has_pages": false,
    "has_projects": false,
    "has_wiki": false,
    "homepage": null,
    "language": "Swift",
    "open_issues": 2,
    "open_issues_count": 2,
    "size": 32,
    "stargazers_count": 17,
    "subscribers_count": 125,
    "watchers": 17,
    "watchers_count": 17,
    "first_commit": "2020-02-06T17:24:15",
    "last_commit": "2021-08-17T17:11:27",
    "branches_count": 2,
    "commit_comments_count": 2,
    "commits_count": 5,
    "countributors_count": 2,
    "downloads_count": 0,
    "events_count": 2,
    "issues_count": 2,
    "labels_count": 9,
    "milestones_count": 0,
    "PR_count": 4,
    "open_PR_count": 2,
    "readme_size": 2175,
    "release_count": 2,
    "topic_count": 0,
    "15_commits": 0,
    "16_commits": 0,
    "17_commits": 0,
    "18_commits": 0,
    "19_commits": 0,
    "20_commits": 1,
    "21_commits": 4,
    "22_commits": 0,
    "15_committer_num": 0,
    "16_committer_num": 0,
    "17_committer_num": 0,
    "18_committer_num": 0,
    "19_committer_num": 0,
    "20_committer_num": 1,
    "21_committer_num": 1,
    "22_committer_num": 0
}{
    "stargazer_date": {
        "3419766": "2020-02-18T21:51:44",
        "496255": "2020-02-19T12:46:01",
        "1165044": "2020-02-25T07:01:29",
        "56010976": "2020-02-28T04:45:49",
        "56252259": "2020-09-12T11:46:57",
        "48411560": "2020-09-12T17:32:16",
        "9783594": "2020-10-12T08:05:46",
        "70107970": "2020-12-24T06:05:35",
        "81250882": "2021-04-01T09:18:44",
        "18482039": "2021-08-13T13:43:10",
        "59238070": "2021-09-26T14:00:45",
        "92076895": "2021-10-08T19:21:33",
        "77411288": "2021-10-21T02:06:39",
        "105481": "2021-10-30T13:21:31",
        "16942870": "2021-11-01T09:52:30",
        "75898043": "2022-03-20T22:28:32",
        "20259008": "2022-05-30T14:42:14"
    }
}[
    {
        "GHA": {}
    },
    {
        "Travis": []
    },
    {
        "CircleCI": []
    },
    {
        "AppVeyor": []
    },
    {
        "Azure": []
    },
    {
        "GitLab": []
    },
    {
        "Jenkins": []
    }
]