{
    "id": 260585330,
    "name": "ml-dab",
    "full_name": "apple/ml-dab",
    "org_name": "Apple",
    "org_id": 10639145,
    "created_at": "2020-05-02T00:28:53",
    "pushed_at": "2022-04-28T18:58:46",
    "updated_at": "2023-03-09T09:45:39",
    "isFork": false,
    "forks": 8,
    "forks_count": 8,
    "has_downloads": true,
    "has_issues": true,
    "has_pages": false,
    "has_projects": true,
    "has_wiki": true,
    "homepage": null,
    "language": "Python",
    "open_issues": 0,
    "open_issues_count": 0,
    "size": 12,
    "stargazers_count": 17,
    "subscribers_count": 11,
    "watchers": 17,
    "watchers_count": 17,
    "first_commit": "2020-06-24T14:29:24",
    "last_commit": "2020-07-14T06:42:37",
    "branches_count": 1,
    "commit_comments_count": 0,
    "commits_count": 3,
    "countributors_count": 0,
    "downloads_count": 0,
    "events_count": 3,
    "issues_count": 0,
    "labels_count": 9,
    "milestones_count": 0,
    "PR_count": 0,
    "open_PR_count": 0,
    "readme_size": 1312,
    "release_count": 0,
    "topic_count": 0,
    "15_commits": 0,
    "16_commits": 0,
    "17_commits": 0,
    "18_commits": 0,
    "19_commits": 0,
    "20_commits": 3,
    "21_commits": 0,
    "22_commits": 0,
    "15_committer_num": 0,
    "16_committer_num": 0,
    "17_committer_num": 0,
    "18_committer_num": 0,
    "19_committer_num": 0,
    "20_committer_num": 0,
    "21_committer_num": 0,
    "22_committer_num": 0
}{
    "stargazer_date": {
        "637225": "2020-07-24T22:47:54",
        "36644230": "2020-07-25T14:03:52",
        "7521814": "2020-07-25T15:56:11",
        "14854468": "2020-07-25T16:50:38",
        "83173": "2020-07-28T15:10:21",
        "19356905": "2020-08-06T19:38:25",
        "24910512": "2021-04-06T07:18:47",
        "36937771": "2021-04-20T20:39:14",
        "59238070": "2021-09-26T14:00:45",
        "77411288": "2021-10-21T02:09:11",
        "54206701": "2022-04-30T18:19:57",
        "11146538": "2022-05-13T10:43:02",
        "1692591": "2022-06-06T20:27:06",
        "6391776": "2022-06-06T22:43:24",
        "38108524": "2022-07-18T12:17:52",
        "1493766": "2022-11-16T14:41:16",
        "45599998": "2023-03-09T09:45:39"
    }
}[
    {
        "GHA": {}
    },
    {
        "Travis": []
    },
    {
        "CircleCI": []
    },
    {
        "AppVeyor": []
    },
    {
        "Azure": []
    },
    {
        "GitLab": []
    },
    {
        "Jenkins": []
    }
]