{
    "id": 263400449,
    "name": "ml-quant",
    "full_name": "apple/ml-quant",
    "org_name": "Apple",
    "org_id": 10639145,
    "created_at": "2020-05-12T17:07:50",
    "pushed_at": "2023-03-01T12:03:41",
    "updated_at": "2023-03-09T14:56:30",
    "isFork": false,
    "forks": 22,
    "forks_count": 22,
    "has_downloads": true,
    "has_issues": true,
    "has_pages": false,
    "has_projects": true,
    "has_wiki": true,
    "homepage": "",
    "language": "Python",
    "open_issues": 1,
    "open_issues_count": 1,
    "size": 80,
    "stargazers_count": 63,
    "subscribers_count": 13,
    "watchers": 63,
    "watchers_count": 63,
    "first_commit": "2020-06-16T05:02:01",
    "last_commit": "2023-03-01T12:02:48",
    "branches_count": 1,
    "commit_comments_count": 0,
    "commits_count": 2,
    "countributors_count": 2,
    "downloads_count": 0,
    "events_count": 6,
    "issues_count": 1,
    "labels_count": 9,
    "milestones_count": 0,
    "PR_count": 1,
    "open_PR_count": 1,
    "readme_size": 9536,
    "release_count": 0,
    "topic_count": 0,
    "15_commits": 0,
    "16_commits": 0,
    "17_commits": 0,
    "18_commits": 0,
    "19_commits": 0,
    "20_commits": 1,
    "21_commits": 0,
    "22_commits": 0,
    "15_committer_num": 0,
    "16_committer_num": 0,
    "17_committer_num": 0,
    "18_committer_num": 0,
    "19_committer_num": 0,
    "20_committer_num": 1,
    "21_committer_num": 0,
    "22_committer_num": 0
}{
    "stargazer_date": {
        "421758": "2020-06-16T19:41:20",
        "9511467": "2020-06-17T00:10:47",
        "2684784": "2020-06-17T13:55:18",
        "9697793": "2020-06-19T17:47:15",
        "1071969": "2020-06-19T18:07:38",
        "15055678": "2020-06-20T01:39:15",
        "13177002": "2020-06-20T06:12:39",
        "1944158": "2020-06-20T12:56:10",
        "9771428": "2020-06-20T14:05:53",
        "2128570": "2020-06-24T09:14:22",
        "22850047": "2020-06-26T17:54:11",
        "3765002": "2020-06-27T07:39:25",
        "30227183": "2020-06-30T10:13:11",
        "25930": "2020-06-30T10:52:44",
        "819203": "2020-06-30T12:22:14",
        "655051": "2020-06-30T13:18:48",
        "16713268": "2020-06-30T14:03:27",
        "1918492": "2020-06-30T22:39:37",
        "128885": "2020-07-01T06:34:36",
        "4031392": "2020-07-01T08:03:37",
        "22059483": "2020-07-01T13:10:31",
        "47387000": "2020-07-01T14:24:53",
        "13784361": "2020-07-01T15:23:19",
        "4270462": "2020-07-01T18:01:08",
        "17514579": "2020-07-02T16:25:23",
        "1501246": "2020-07-03T05:23:43",
        "53284": "2020-07-07T20:54:27",
        "16881692": "2020-07-15T06:20:18",
        "31762972": "2020-07-23T07:50:46",
        "39013135": "2020-07-24T18:09:28",
        "3974360": "2020-07-27T18:21:25",
        "68878161": "2020-07-27T22:43:50",
        "7089394": "2020-07-30T08:52:51",
        "6676638": "2020-11-11T23:14:57",
        "42554579": "2020-11-20T01:09:13",
        "15788539": "2020-12-01T21:59:31",
        "17171866": "2020-12-02T01:21:46",
        "33951618": "2020-12-12T06:59:28",
        "12076983": "2021-01-11T03:34:30",
        "12520128": "2021-02-18T23:03:15",
        "40494898": "2021-02-27T13:23:14",
        "36812519": "2021-03-17T09:25:13",
        "24910512": "2021-04-06T07:18:38",
        "2448637": "2021-04-14T13:41:05",
        "36937771": "2021-04-20T20:39:14",
        "9219755": "2021-05-08T21:32:48",
        "29745729": "2021-05-31T21:05:52",
        "28242210": "2021-06-23T04:19:20",
        "83147595": "2021-08-03T21:47:02",
        "59238070": "2021-09-26T14:00:45",
        "87330181": "2021-09-27T17:25:37",
        "39237606": "2021-10-02T00:35:04",
        "11463868": "2021-10-12T02:10:56",
        "77411288": "2021-10-21T02:08:37",
        "32101705": "2021-10-28T03:38:52",
        "59055565": "2021-12-01T14:50:59",
        "45276858": "2022-04-08T13:31:35",
        "87177008": "2022-05-23T01:08:21",
        "1934033": "2022-05-31T18:30:54",
        "4228021": "2022-06-07T05:05:28",
        "53333216": "2022-11-17T08:17:37",
        "103869798": "2023-03-01T16:40:54",
        "6566110": "2023-03-09T14:56:30"
    }
}[
    {
        "GHA": {}
    },
    {
        "Travis": []
    },
    {
        "CircleCI": []
    },
    {
        "AppVeyor": []
    },
    {
        "Azure": []
    },
    {
        "GitLab": []
    },
    {
        "Jenkins": []
    }
]