{
    "id": 267483623,
    "name": "swiftpm-on-llbuild2",
    "full_name": "apple/swiftpm-on-llbuild2",
    "org_name": "Apple",
    "org_id": 10639145,
    "created_at": "2020-05-28T03:25:44",
    "pushed_at": "2022-04-02T07:59:08",
    "updated_at": "2022-06-07T13:04:16",
    "isFork": false,
    "forks": 10,
    "forks_count": 10,
    "has_downloads": true,
    "has_issues": false,
    "has_pages": false,
    "has_projects": false,
    "has_wiki": false,
    "homepage": null,
    "language": "Swift",
    "open_issues": 1,
    "open_issues_count": 1,
    "size": 118,
    "stargazers_count": 37,
    "subscribers_count": 14,
    "watchers": 37,
    "watchers_count": 37,
    "first_commit": "2020-05-28T14:56:23",
    "last_commit": "2020-07-05T18:11:42",
    "branches_count": 2,
    "commit_comments_count": 0,
    "commits_count": 60,
    "countributors_count": 1,
    "downloads_count": 0,
    "events_count": 2,
    "issues_count": 1,
    "labels_count": 9,
    "milestones_count": 0,
    "PR_count": 32,
    "open_PR_count": 1,
    "readme_size": 434,
    "release_count": 0,
    "topic_count": 0,
    "15_commits": 0,
    "16_commits": 0,
    "17_commits": 0,
    "18_commits": 0,
    "19_commits": 0,
    "20_commits": 60,
    "21_commits": 0,
    "22_commits": 0,
    "15_committer_num": 0,
    "16_committer_num": 0,
    "17_committer_num": 0,
    "18_committer_num": 0,
    "19_committer_num": 0,
    "20_committer_num": 1,
    "21_committer_num": 0,
    "22_committer_num": 0
}{
    "stargazer_date": {
        "112310": "2020-06-01T19:23:22",
        "8292651": "2020-06-01T19:24:35",
        "782837": "2020-06-01T19:30:32",
        "421758": "2020-06-01T19:37:58",
        "3658887": "2020-06-01T19:48:15",
        "2684784": "2020-06-01T19:49:56",
        "83694": "2020-06-01T20:10:38",
        "1732312": "2020-06-01T23:10:46",
        "11956208": "2020-06-02T02:17:00",
        "3784855": "2020-06-02T02:19:05",
        "16433547": "2020-06-02T02:32:23",
        "14135124": "2020-06-02T02:42:30",
        "6553009": "2020-06-02T02:43:38",
        "5277837": "2020-06-02T04:13:05",
        "54375346": "2020-06-02T04:53:32",
        "4883009": "2020-06-02T05:46:21",
        "4506500": "2020-06-02T07:21:51",
        "196761": "2020-06-02T07:26:47",
        "22772769": "2020-06-02T09:32:48",
        "12883075": "2020-06-02T16:50:28",
        "217": "2020-06-02T17:02:55",
        "7324811": "2020-06-04T15:07:08",
        "10137567": "2020-06-21T17:47:39",
        "6559692": "2020-06-23T19:56:22",
        "11192474": "2020-06-28T09:16:16",
        "1927027": "2020-07-01T13:15:14",
        "19355715": "2020-07-02T03:00:19",
        "65520": "2020-07-04T17:08:00",
        "909674": "2020-09-21T02:50:13",
        "9583775": "2020-09-21T12:04:36",
        "3355810": "2020-09-24T01:52:11",
        "26525394": "2020-12-10T21:38:30",
        "39869007": "2021-03-04T05:25:01",
        "2635733": "2021-03-04T05:40:14",
        "59238070": "2021-09-26T14:00:45",
        "77411288": "2021-10-21T02:08:56",
        "21194714": "2022-01-24T12:48:03"
    }
}[
    {
        "GHA": {}
    },
    {
        "Travis": []
    },
    {
        "CircleCI": []
    },
    {
        "AppVeyor": []
    },
    {
        "Azure": []
    },
    {
        "GitLab": []
    },
    {
        "Jenkins": []
    }
]