{
    "id": 271947688,
    "name": "swift-tools-support-async",
    "full_name": "apple/swift-tools-support-async",
    "org_name": "Apple",
    "org_id": 10639145,
    "created_at": "2020-06-13T05:37:25",
    "pushed_at": "2023-02-10T06:48:17",
    "updated_at": "2023-02-10T10:16:21",
    "isFork": false,
    "forks": 18,
    "forks_count": 18,
    "has_downloads": true,
    "has_issues": false,
    "has_pages": false,
    "has_projects": false,
    "has_wiki": false,
    "homepage": "",
    "language": "Swift",
    "open_issues": 2,
    "open_issues_count": 2,
    "size": 202,
    "stargazers_count": 25,
    "subscribers_count": 114,
    "watchers": 25,
    "watchers_count": 25,
    "first_commit": "2020-06-13T05:37:26",
    "last_commit": "2023-02-10T06:46:18",
    "branches_count": 2,
    "commit_comments_count": 0,
    "commits_count": 72,
    "countributors_count": 12,
    "downloads_count": 0,
    "events_count": 22,
    "issues_count": 2,
    "labels_count": 10,
    "milestones_count": 0,
    "PR_count": 45,
    "open_PR_count": 2,
    "readme_size": 561,
    "release_count": 14,
    "topic_count": 0,
    "15_commits": 0,
    "16_commits": 0,
    "17_commits": 0,
    "18_commits": 0,
    "19_commits": 0,
    "20_commits": 18,
    "21_commits": 22,
    "22_commits": 27,
    "15_committer_num": 0,
    "16_committer_num": 0,
    "17_committer_num": 0,
    "18_committer_num": 0,
    "19_committer_num": 0,
    "20_committer_num": 4,
    "21_committer_num": 7,
    "22_committer_num": 8
}{
    "stargazer_date": {
        "106625": "2020-06-13T12:56:35",
        "2182121": "2020-06-30T18:37:13",
        "112310": "2020-07-01T08:53:39",
        "217": "2020-07-01T22:06:01",
        "421758": "2020-07-01T23:49:37",
        "11192474": "2020-07-13T00:40:31",
        "55299228": "2020-07-17T02:14:55",
        "10137567": "2020-12-27T02:45:22",
        "7324811": "2021-03-24T03:27:56",
        "1367017": "2021-04-28T05:22:34",
        "61539647": "2021-09-07T13:55:55",
        "21194714": "2021-09-09T01:44:27",
        "77411288": "2021-10-21T02:04:51",
        "93238608": "2021-10-29T08:09:54",
        "13805382": "2022-01-24T12:41:31",
        "9477376": "2022-01-24T12:41:56",
        "5277837": "2022-01-24T13:10:37",
        "1652009": "2022-01-24T15:49:44",
        "637026": "2022-01-24T17:21:14",
        "15631165": "2022-01-26T15:29:00",
        "102839523": "2022-04-02T06:20:29",
        "12108784": "2022-06-09T17:17:12",
        "29488205": "2022-06-24T07:52:45",
        "3131232": "2022-09-15T03:50:43",
        "1070744": "2023-02-10T10:16:21"
    }
}[
    {
        "GHA": {}
    },
    {
        "Travis": []
    },
    {
        "CircleCI": []
    },
    {
        "AppVeyor": []
    },
    {
        "Azure": []
    },
    {
        "GitLab": []
    },
    {
        "Jenkins": []
    }
]