{
    "id": 290842684,
    "name": "ml-transcript-translation-consistency-ratings",
    "full_name": "apple/ml-transcript-translation-consistency-ratings",
    "org_name": "Apple",
    "org_id": 10639145,
    "created_at": "2020-08-27T17:43:30",
    "pushed_at": "2022-06-15T17:49:55",
    "updated_at": "2021-12-26T00:07:07",
    "isFork": false,
    "forks": 8,
    "forks_count": 8,
    "has_downloads": true,
    "has_issues": true,
    "has_pages": false,
    "has_projects": true,
    "has_wiki": true,
    "homepage": null,
    "language": null,
    "open_issues": 0,
    "open_issues_count": 0,
    "size": 2811,
    "stargazers_count": 6,
    "subscribers_count": 12,
    "watchers": 6,
    "watchers_count": 6,
    "first_commit": "2020-08-27T17:47:27",
    "last_commit": "2020-08-27T17:47:27",
    "branches_count": 1,
    "commit_comments_count": 0,
    "commits_count": 1,
    "countributors_count": 1,
    "downloads_count": 0,
    "events_count": 1,
    "issues_count": 0,
    "labels_count": 9,
    "milestones_count": 0,
    "PR_count": 0,
    "open_PR_count": 0,
    "readme_size": 3564,
    "release_count": 0,
    "topic_count": 0,
    "15_commits": 0,
    "16_commits": 0,
    "17_commits": 0,
    "18_commits": 0,
    "19_commits": 0,
    "20_commits": 1,
    "21_commits": 0,
    "22_commits": 0,
    "15_committer_num": 0,
    "16_committer_num": 0,
    "17_committer_num": 0,
    "18_committer_num": 0,
    "19_committer_num": 0,
    "20_committer_num": 1,
    "21_committer_num": 0,
    "22_committer_num": 0
}{
    "stargazer_date": {
        "11674297": "2020-12-09T07:52:16",
        "26110916": "2020-12-11T08:42:39",
        "4631359": "2021-02-27T04:37:36",
        "36937771": "2021-04-20T20:39:14",
        "59238070": "2021-09-26T14:00:45",
        "77411288": "2021-10-21T02:09:01"
    }
}[
    {
        "GHA": {}
    },
    {
        "Travis": []
    },
    {
        "CircleCI": []
    },
    {
        "AppVeyor": []
    },
    {
        "Azure": []
    },
    {
        "GitLab": []
    },
    {
        "Jenkins": []
    }
]