{
    "id": 298378310,
    "name": "swift-distributed-tracing-baggage",
    "full_name": "apple/swift-distributed-tracing-baggage",
    "org_name": "Apple",
    "org_id": 10639145,
    "created_at": "2020-09-24T19:39:15",
    "pushed_at": "2023-02-17T00:41:13",
    "updated_at": "2022-10-19T06:55:26",
    "isFork": false,
    "forks": 15,
    "forks_count": 15,
    "has_downloads": true,
    "has_issues": true,
    "has_pages": true,
    "has_projects": false,
    "has_wiki": false,
    "homepage": "https://github.com/apple/swift-distributed-tracing",
    "language": "Swift",
    "open_issues": 2,
    "open_issues_count": 2,
    "size": 216,
    "stargazers_count": 25,
    "subscribers_count": 18,
    "watchers": 25,
    "watchers_count": 25,
    "first_commit": "2020-06-25T09:15:27",
    "last_commit": "2023-02-16T07:34:12",
    "branches_count": 6,
    "commit_comments_count": 2,
    "commits_count": 67,
    "countributors_count": 7,
    "downloads_count": 0,
    "events_count": 24,
    "issues_count": 2,
    "labels_count": 18,
    "milestones_count": 1,
    "PR_count": 25,
    "open_PR_count": 0,
    "readme_size": 2787,
    "release_count": 9,
    "topic_count": 7,
    "15_commits": 0,
    "16_commits": 0,
    "17_commits": 0,
    "18_commits": 0,
    "19_commits": 0,
    "20_commits": 47,
    "21_commits": 5,
    "22_commits": 12,
    "15_committer_num": 0,
    "16_committer_num": 0,
    "17_committer_num": 0,
    "18_committer_num": 0,
    "19_committer_num": 0,
    "20_committer_num": 5,
    "21_committer_num": 2,
    "22_committer_num": 4
}{
    "stargazer_date": {
        "120979": "2020-09-25T02:33:00",
        "6780861": "2020-12-04T11:15:20",
        "9382567": "2020-12-04T12:20:09",
        "8268288": "2020-12-04T14:44:47",
        "217": "2020-12-04T15:25:09",
        "7324811": "2020-12-04T15:33:15",
        "10134641": "2020-12-06T18:26:40",
        "1652009": "2020-12-24T21:38:15",
        "537556": "2021-01-14T11:28:49",
        "36937771": "2021-04-20T20:39:15",
        "32195319": "2021-06-10T09:12:47",
        "3158324": "2021-08-02T10:50:37",
        "285038": "2021-09-03T01:41:11",
        "5090827": "2021-09-26T09:40:46",
        "59238070": "2021-09-26T14:00:45",
        "28706904": "2021-10-13T14:28:08",
        "77411288": "2021-10-21T02:07:08",
        "45997": "2022-03-25T21:59:48",
        "11146538": "2022-04-11T00:05:36",
        "12108784": "2022-06-09T17:17:56",
        "1430145": "2022-06-17T20:32:29",
        "4429361": "2022-06-18T05:12:39",
        "42124": "2022-06-21T14:54:17",
        "47697490": "2022-06-21T15:37:31",
        "37906969": "2022-10-19T06:55:26"
    }
}[
    {
        "GHA": {}
    },
    {
        "Travis": []
    },
    {
        "CircleCI": []
    },
    {
        "AppVeyor": []
    },
    {
        "Azure": []
    },
    {
        "GitLab": []
    },
    {
        "Jenkins": []
    }
]