{
    "id": 303914465,
    "name": "swift-distributed-tracing-extras",
    "full_name": "apple/swift-distributed-tracing-extras",
    "org_name": "Apple",
    "org_id": 10639145,
    "created_at": "2020-10-14T05:44:55",
    "pushed_at": "2023-02-16T10:17:54",
    "updated_at": "2023-03-08T16:36:36",
    "isFork": false,
    "forks": 0,
    "forks_count": 0,
    "has_downloads": true,
    "has_issues": true,
    "has_pages": false,
    "has_projects": false,
    "has_wiki": false,
    "homepage": null,
    "language": "Swift",
    "open_issues": 0,
    "open_issues_count": 0,
    "size": 58,
    "stargazers_count": 22,
    "subscribers_count": 93,
    "watchers": 22,
    "watchers_count": 22,
    "first_commit": "2020-10-26T09:18:25",
    "last_commit": "2023-02-16T07:34:54",
    "branches_count": 1,
    "commit_comments_count": 0,
    "commits_count": 19,
    "countributors_count": 3,
    "downloads_count": 0,
    "events_count": 107,
    "issues_count": 0,
    "labels_count": 9,
    "milestones_count": 1,
    "PR_count": 18,
    "open_PR_count": 0,
    "readme_size": 2945,
    "release_count": 0,
    "topic_count": 0,
    "15_commits": 0,
    "16_commits": 0,
    "17_commits": 0,
    "18_commits": 0,
    "19_commits": 0,
    "20_commits": 1,
    "21_commits": 0,
    "22_commits": 6,
    "15_committer_num": 0,
    "16_committer_num": 0,
    "17_committer_num": 0,
    "18_committer_num": 0,
    "19_committer_num": 0,
    "20_committer_num": 1,
    "21_committer_num": 0,
    "22_committer_num": 3
}{
    "stargazer_date": {
        "16192401": "2023-02-01T13:19:08",
        "16867601": "2023-02-16T20:49:35",
        "58792": "2023-02-16T20:57:27",
        "43388": "2023-02-16T23:15:13",
        "120979": "2023-02-17T00:33:45",
        "41112522": "2023-02-17T01:01:49",
        "217": "2023-02-17T01:07:30",
        "26525394": "2023-02-17T02:37:30",
        "9583775": "2023-02-17T03:09:36",
        "25889447": "2023-02-17T06:55:09",
        "1640135": "2023-02-17T07:15:53",
        "637026": "2023-02-17T08:42:15",
        "1951674": "2023-02-17T09:07:07",
        "1652009": "2023-02-17T10:09:11",
        "54685446": "2023-02-17T12:17:33",
        "114963761": "2023-02-18T10:40:35",
        "124275032": "2023-02-18T15:05:25",
        "42262470": "2023-02-18T16:45:35",
        "116975076": "2023-02-18T18:44:10",
        "64329": "2023-02-19T18:36:04",
        "63290217": "2023-02-19T23:33:29",
        "122921495": "2023-02-22T17:57:55"
    }
}[
    {
        "GHA": {}
    },
    {
        "Travis": []
    },
    {
        "CircleCI": []
    },
    {
        "AppVeyor": []
    },
    {
        "Azure": []
    },
    {
        "GitLab": []
    },
    {
        "Jenkins": []
    }
]