{
    "id": 303914782,
    "name": "swift-metrics-extras",
    "full_name": "apple/swift-metrics-extras",
    "org_name": "Apple",
    "org_id": 10639145,
    "created_at": "2020-10-14T05:46:31",
    "pushed_at": "2023-02-01T10:42:56",
    "updated_at": "2023-02-05T21:12:44",
    "isFork": false,
    "forks": 15,
    "forks_count": 15,
    "has_downloads": true,
    "has_issues": true,
    "has_pages": false,
    "has_projects": false,
    "has_wiki": false,
    "homepage": null,
    "language": "Swift",
    "open_issues": 0,
    "open_issues_count": 0,
    "size": 78,
    "stargazers_count": 33,
    "subscribers_count": 113,
    "watchers": 33,
    "watchers_count": 33,
    "first_commit": "2020-11-12T09:28:09",
    "last_commit": "2023-01-31T14:39:08",
    "branches_count": 1,
    "commit_comments_count": 2,
    "commits_count": 35,
    "countributors_count": 7,
    "downloads_count": 0,
    "events_count": 83,
    "issues_count": 0,
    "labels_count": 9,
    "milestones_count": 1,
    "PR_count": 22,
    "open_PR_count": 0,
    "readme_size": 2211,
    "release_count": 5,
    "topic_count": 0,
    "15_commits": 0,
    "16_commits": 0,
    "17_commits": 0,
    "18_commits": 0,
    "19_commits": 0,
    "20_commits": 6,
    "21_commits": 7,
    "22_commits": 17,
    "15_committer_num": 0,
    "16_committer_num": 0,
    "17_committer_num": 0,
    "18_committer_num": 0,
    "19_committer_num": 0,
    "20_committer_num": 3,
    "21_committer_num": 1,
    "22_committer_num": 4
}{
    "stargazer_date": {
        "120979": "2020-10-15T04:53:05",
        "8268288": "2020-11-13T18:52:20",
        "217": "2020-11-13T19:33:36",
        "16433547": "2020-11-14T01:28:30",
        "16192401": "2020-11-14T07:51:29",
        "47586886": "2020-11-14T09:33:10",
        "11192474": "2020-11-14T12:03:50",
        "18392003": "2020-11-14T12:31:01",
        "176615": "2020-11-15T11:17:38",
        "6780861": "2021-02-25T13:25:51",
        "147247": "2021-03-18T23:50:00",
        "637026": "2021-03-19T17:27:30",
        "36937771": "2021-04-20T20:39:15",
        "45997": "2021-05-05T01:10:52",
        "59238070": "2021-09-26T14:00:45",
        "77411288": "2021-10-21T02:08:30",
        "1652009": "2021-11-16T08:55:43",
        "12108784": "2022-01-05T20:30:55",
        "23523383": "2022-01-11T23:36:01",
        "7632833": "2022-01-18T10:43:55",
        "328248": "2022-02-09T03:54:27",
        "594059": "2022-04-18T19:07:34",
        "5410705": "2022-04-20T00:47:41",
        "3626546": "2022-08-06T09:11:56",
        "93238608": "2022-08-24T10:25:45",
        "249814": "2022-10-04T15:39:45",
        "114317320": "2022-10-28T19:23:55",
        "2277048": "2023-01-28T08:24:32",
        "25889447": "2023-02-01T01:27:45",
        "1951674": "2023-02-01T08:44:33",
        "6951824": "2023-02-01T14:31:02",
        "30873659": "2023-02-05T21:03:47",
        "6391776": "2023-02-05T21:12:44"
    }
}[
    {
        "GHA": {}
    },
    {
        "Travis": []
    },
    {
        "CircleCI": []
    },
    {
        "AppVeyor": []
    },
    {
        "Azure": []
    },
    {
        "GitLab": []
    },
    {
        "Jenkins": []
    }
]