{
    "id": 304688545,
    "name": "ml-tree-dst",
    "full_name": "apple/ml-tree-dst",
    "org_name": "Apple",
    "org_id": 10639145,
    "created_at": "2020-10-16T16:59:17",
    "pushed_at": "2022-06-15T17:50:15",
    "updated_at": "2023-01-25T17:34:56",
    "isFork": false,
    "forks": 9,
    "forks_count": 9,
    "has_downloads": true,
    "has_issues": true,
    "has_pages": false,
    "has_projects": true,
    "has_wiki": true,
    "homepage": null,
    "language": "Python",
    "open_issues": 2,
    "open_issues_count": 2,
    "size": 16853,
    "stargazers_count": 27,
    "subscribers_count": 7,
    "watchers": 27,
    "watchers_count": 27,
    "first_commit": "2020-10-23T04:57:03",
    "last_commit": "2020-10-23T04:57:03",
    "branches_count": 1,
    "commit_comments_count": 0,
    "commits_count": 1,
    "countributors_count": 1,
    "downloads_count": 0,
    "events_count": 3,
    "issues_count": 2,
    "labels_count": 9,
    "milestones_count": 0,
    "PR_count": 0,
    "open_PR_count": 0,
    "readme_size": 1571,
    "release_count": 0,
    "topic_count": 0,
    "15_commits": 0,
    "16_commits": 0,
    "17_commits": 0,
    "18_commits": 0,
    "19_commits": 0,
    "20_commits": 1,
    "21_commits": 0,
    "22_commits": 0,
    "15_committer_num": 0,
    "16_committer_num": 0,
    "17_committer_num": 0,
    "18_committer_num": 0,
    "19_committer_num": 0,
    "20_committer_num": 1,
    "21_committer_num": 0,
    "22_committer_num": 0
}{
    "stargazer_date": {
        "10275209": "2020-11-03T01:42:57",
        "15584994": "2020-11-03T02:56:48",
        "45672828": "2020-11-05T18:15:22",
        "31605305": "2020-11-06T15:28:23",
        "29188653": "2020-11-08T09:43:28",
        "66214": "2020-11-22T22:06:06",
        "11564819": "2020-11-23T09:14:53",
        "26029291": "2020-11-23T18:55:27",
        "22529082": "2020-12-08T13:01:25",
        "44222421": "2020-12-18T07:48:55",
        "44893": "2021-03-08T14:12:09",
        "58193017": "2021-04-01T22:14:22",
        "36937771": "2021-04-20T20:39:14",
        "36023486": "2021-05-15T16:57:20",
        "26469234": "2021-07-14T18:33:17",
        "30236602": "2021-08-06T10:08:52",
        "59238070": "2021-09-26T14:00:45",
        "77411288": "2021-10-21T02:08:53",
        "16316432": "2021-11-22T11:22:40",
        "33200481": "2021-11-26T11:24:23",
        "2511968": "2022-02-06T02:34:41",
        "45276858": "2022-04-08T13:31:25",
        "20345276": "2022-04-28T08:26:47",
        "33013641": "2022-06-01T23:03:56",
        "15379976": "2022-08-04T07:18:14",
        "29584567": "2023-01-02T19:30:17",
        "4305228": "2023-01-25T17:34:56"
    }
}[
    {
        "GHA": {}
    },
    {
        "Travis": []
    },
    {
        "CircleCI": []
    },
    {
        "AppVeyor": []
    },
    {
        "Azure": []
    },
    {
        "GitLab": []
    },
    {
        "Jenkins": []
    }
]