{
    "id": 306396845,
    "name": "ml-collegial-ensembles",
    "full_name": "apple/ml-collegial-ensembles",
    "org_name": "Apple",
    "org_id": 10639145,
    "created_at": "2020-10-22T16:28:42",
    "pushed_at": "2022-06-16T00:36:53",
    "updated_at": "2021-12-26T00:07:09",
    "isFork": false,
    "forks": 9,
    "forks_count": 9,
    "has_downloads": true,
    "has_issues": true,
    "has_pages": false,
    "has_projects": true,
    "has_wiki": true,
    "homepage": null,
    "language": "Python",
    "open_issues": 0,
    "open_issues_count": 0,
    "size": 11,
    "stargazers_count": 9,
    "subscribers_count": 11,
    "watchers": 9,
    "watchers_count": 9,
    "first_commit": "2020-10-22T18:22:23",
    "last_commit": "2020-10-22T18:22:23",
    "branches_count": 1,
    "commit_comments_count": 0,
    "commits_count": 1,
    "countributors_count": 1,
    "downloads_count": 0,
    "events_count": 2,
    "issues_count": 0,
    "labels_count": 9,
    "milestones_count": 0,
    "PR_count": 0,
    "open_PR_count": 0,
    "readme_size": 2752,
    "release_count": 0,
    "topic_count": 0,
    "15_commits": 0,
    "16_commits": 0,
    "17_commits": 0,
    "18_commits": 0,
    "19_commits": 0,
    "20_commits": 1,
    "21_commits": 0,
    "22_commits": 0,
    "15_committer_num": 0,
    "16_committer_num": 0,
    "17_committer_num": 0,
    "18_committer_num": 0,
    "19_committer_num": 0,
    "20_committer_num": 1,
    "21_committer_num": 0,
    "22_committer_num": 0
}{
    "stargazer_date": {
        "44335258": "2021-02-03T11:42:09",
        "11045805": "2021-02-06T14:43:52",
        "7315994": "2021-04-09T12:09:38",
        "8938591": "2021-04-09T13:50:10",
        "10961996": "2021-04-09T19:57:56",
        "36937771": "2021-04-20T20:39:14",
        "59238070": "2021-09-26T14:00:45",
        "77411288": "2021-10-21T02:08:59",
        "59055565": "2021-12-01T14:50:15"
    }
}[
    {
        "GHA": {}
    },
    {
        "Travis": []
    },
    {
        "CircleCI": []
    },
    {
        "AppVeyor": []
    },
    {
        "Azure": []
    },
    {
        "GitLab": []
    },
    {
        "Jenkins": []
    }
]