{
    "id": 320045553,
    "name": "ml-flair",
    "full_name": "apple/ml-flair",
    "org_name": "Apple",
    "org_id": 10639145,
    "created_at": "2020-12-09T18:31:43",
    "pushed_at": "2023-02-06T19:57:01",
    "updated_at": "2023-02-24T08:22:34",
    "isFork": false,
    "forks": 12,
    "forks_count": 12,
    "has_downloads": true,
    "has_issues": true,
    "has_pages": false,
    "has_projects": false,
    "has_wiki": false,
    "homepage": null,
    "language": "Jupyter Notebook",
    "open_issues": 0,
    "open_issues_count": 0,
    "size": 6778,
    "stargazers_count": 54,
    "subscribers_count": 8,
    "watchers": 54,
    "watchers_count": 54,
    "first_commit": "2022-04-04T23:54:49",
    "last_commit": "2023-02-06T19:57:01",
    "branches_count": 1,
    "commit_comments_count": 0,
    "commits_count": 4,
    "countributors_count": 3,
    "downloads_count": 0,
    "events_count": 22,
    "issues_count": 0,
    "labels_count": 9,
    "milestones_count": 0,
    "PR_count": 1,
    "open_PR_count": 0,
    "readme_size": 9954,
    "release_count": 0,
    "topic_count": 0,
    "15_commits": 0,
    "16_commits": 0,
    "17_commits": 0,
    "18_commits": 0,
    "19_commits": 0,
    "20_commits": 0,
    "21_commits": 0,
    "22_commits": 2,
    "15_committer_num": 0,
    "16_committer_num": 0,
    "17_committer_num": 0,
    "18_committer_num": 0,
    "19_committer_num": 0,
    "20_committer_num": 0,
    "21_committer_num": 0,
    "22_committer_num": 1
}{
    "stargazer_date": {
        "16865473": "2022-04-05T00:02:32",
        "217": "2022-06-21T19:29:21",
        "16867601": "2022-06-21T21:29:30",
        "9583775": "2022-06-21T21:39:16",
        "5837620": "2022-06-22T00:33:11",
        "54626812": "2022-06-22T03:09:40",
        "28568610": "2022-06-22T11:58:03",
        "44304425": "2022-06-22T15:45:27",
        "8597349": "2022-06-22T19:53:01",
        "82224971": "2022-06-23T09:02:50",
        "80583308": "2022-06-23T13:57:10",
        "46297564": "2022-06-24T15:08:32",
        "72210541": "2022-06-29T18:26:16",
        "3723344": "2022-06-29T18:29:37",
        "19777816": "2022-06-30T10:44:47",
        "26484184": "2022-06-30T12:29:53",
        "65367": "2022-07-01T07:44:01",
        "31944798": "2022-07-02T02:20:53",
        "88646338": "2022-07-10T04:15:25",
        "44976445": "2022-07-12T13:53:42",
        "90142950": "2022-07-17T13:00:24",
        "82705454": "2022-07-20T02:51:23",
        "49754293": "2022-07-29T08:16:05",
        "45130192": "2022-07-30T08:06:36",
        "10531231": "2022-09-13T16:00:01",
        "56755658": "2022-09-18T12:06:13",
        "37404833": "2022-09-19T12:44:47",
        "7208419": "2022-09-20T13:33:55",
        "90863343": "2022-09-27T17:56:29",
        "17850808": "2022-10-01T15:02:08",
        "12270202": "2022-10-04T07:52:54",
        "44170206": "2022-10-04T17:10:40",
        "11479165": "2022-10-06T05:21:09",
        "53175912": "2022-10-18T08:36:18",
        "1114692": "2022-10-25T18:23:15",
        "37464421": "2022-11-05T03:29:34",
        "1084353": "2022-11-11T05:16:10",
        "58201595": "2022-11-11T20:34:04",
        "62639676": "2022-11-15T22:45:55",
        "61014449": "2022-11-22T08:33:47",
        "18272734": "2022-12-01T16:51:17",
        "77577655": "2022-12-03T12:29:28",
        "64748211": "2022-12-24T13:27:50",
        "13786323": "2023-01-17T18:53:39",
        "53357983": "2023-01-30T02:03:43",
        "34400585": "2023-02-06T20:51:42",
        "113225571": "2023-02-07T07:58:31",
        "6993715": "2023-02-07T12:50:16",
        "47295260": "2023-02-09T10:43:49",
        "52182249": "2023-02-12T20:33:47",
        "66739913": "2023-02-15T20:49:22",
        "20778709": "2023-02-16T05:24:12",
        "56910389": "2023-02-23T02:07:46",
        "36252319": "2023-02-24T08:22:34"
    }
}[
    {
        "GHA": {}
    },
    {
        "Travis": []
    },
    {
        "CircleCI": []
    },
    {
        "AppVeyor": []
    },
    {
        "Azure": []
    },
    {
        "GitLab": []
    },
    {
        "Jenkins": []
    }
]