{
    "id": 345756654,
    "name": "vqg-multimodal-assistant",
    "full_name": "apple/vqg-multimodal-assistant",
    "org_name": "Apple",
    "org_id": 10639145,
    "created_at": "2021-03-08T18:33:29",
    "pushed_at": "2021-04-12T21:14:03",
    "updated_at": "2021-12-26T00:07:14",
    "isFork": false,
    "forks": 11,
    "forks_count": 11,
    "has_downloads": true,
    "has_issues": true,
    "has_pages": false,
    "has_projects": true,
    "has_wiki": true,
    "homepage": null,
    "language": "Python",
    "open_issues": 2,
    "open_issues_count": 2,
    "size": 3215,
    "stargazers_count": 3,
    "subscribers_count": 9,
    "watchers": 3,
    "watchers_count": 3,
    "first_commit": "2021-03-21T13:38:10",
    "last_commit": "2021-04-12T21:13:39",
    "branches_count": 1,
    "commit_comments_count": 0,
    "commits_count": 4,
    "countributors_count": 1,
    "downloads_count": 0,
    "events_count": 2,
    "issues_count": 2,
    "labels_count": 9,
    "milestones_count": 0,
    "PR_count": 0,
    "open_PR_count": 0,
    "readme_size": 311,
    "release_count": 0,
    "topic_count": 0,
    "15_commits": 0,
    "16_commits": 0,
    "17_commits": 0,
    "18_commits": 0,
    "19_commits": 0,
    "20_commits": 0,
    "21_commits": 4,
    "22_commits": 0,
    "15_committer_num": 0,
    "16_committer_num": 0,
    "17_committer_num": 0,
    "18_committer_num": 0,
    "19_committer_num": 0,
    "20_committer_num": 0,
    "21_committer_num": 1,
    "22_committer_num": 0
}{
    "stargazer_date": {
        "41103209": "2021-05-05T07:03:22",
        "59238070": "2021-09-26T14:00:45",
        "77411288": "2021-10-21T02:08:23"
    }
}[
    {
        "GHA": {}
    },
    {
        "Travis": []
    },
    {
        "CircleCI": []
    },
    {
        "AppVeyor": []
    },
    {
        "Azure": []
    },
    {
        "GitLab": []
    },
    {
        "Jenkins": []
    }
]