{
    "id": 355720367,
    "name": "ml-probabilistic-attention",
    "full_name": "apple/ml-probabilistic-attention",
    "org_name": "Apple",
    "org_id": 10639145,
    "created_at": "2021-04-08T00:43:00",
    "pushed_at": "2022-06-15T17:46:17",
    "updated_at": "2023-03-09T11:55:43",
    "isFork": false,
    "forks": 10,
    "forks_count": 10,
    "has_downloads": true,
    "has_issues": true,
    "has_pages": false,
    "has_projects": true,
    "has_wiki": true,
    "homepage": null,
    "language": "Python",
    "open_issues": 0,
    "open_issues_count": 0,
    "size": 10,
    "stargazers_count": 21,
    "subscribers_count": 6,
    "watchers": 21,
    "watchers_count": 21,
    "first_commit": "2021-03-05T18:53:41",
    "last_commit": "2021-06-30T22:53:41",
    "branches_count": 1,
    "commit_comments_count": 0,
    "commits_count": 12,
    "countributors_count": 0,
    "downloads_count": 0,
    "events_count": 5,
    "issues_count": 0,
    "labels_count": 9,
    "milestones_count": 0,
    "PR_count": 0,
    "open_PR_count": 0,
    "readme_size": 2454,
    "release_count": 0,
    "topic_count": 0,
    "15_commits": 0,
    "16_commits": 0,
    "17_commits": 0,
    "18_commits": 0,
    "19_commits": 0,
    "20_commits": 0,
    "21_commits": 12,
    "22_commits": 0,
    "15_committer_num": 0,
    "16_committer_num": 0,
    "17_committer_num": 0,
    "18_committer_num": 0,
    "19_committer_num": 0,
    "20_committer_num": 0,
    "21_committer_num": 0,
    "22_committer_num": 0
}{
    "stargazer_date": {
        "49132972": "2021-04-09T02:18:49",
        "36937771": "2021-04-20T20:39:14",
        "33383463": "2021-07-05T17:25:21",
        "53576186": "2021-07-06T14:23:32",
        "1306031": "2021-07-12T09:14:29",
        "17705192": "2021-07-20T03:14:22",
        "59238070": "2021-09-26T14:00:45",
        "77411288": "2021-10-21T02:07:45",
        "7825538": "2021-10-21T23:59:01",
        "22294080": "2021-12-15T23:29:14",
        "6079087": "2021-12-20T09:09:53",
        "4639578": "2022-02-26T07:12:19",
        "22045685": "2022-06-08T12:06:01",
        "33692555": "2022-06-16T12:25:31",
        "48313693": "2022-09-15T19:10:16",
        "4477337": "2022-09-15T19:29:57",
        "3389853": "2022-10-05T07:47:03",
        "19503746": "2022-10-18T06:07:44",
        "56169937": "2022-12-15T11:32:36",
        "94993965": "2022-12-22T17:09:26",
        "45599998": "2023-03-09T11:55:43"
    }
}[
    {
        "GHA": {}
    },
    {
        "Travis": []
    },
    {
        "CircleCI": []
    },
    {
        "AppVeyor": []
    },
    {
        "Azure": []
    },
    {
        "GitLab": []
    },
    {
        "Jenkins": []
    }
]