{
    "id": 357361705,
    "name": "sample-cloudkit-encryption",
    "full_name": "apple/sample-cloudkit-encryption",
    "org_name": "Apple",
    "org_id": 10639145,
    "created_at": "2021-04-12T22:58:39",
    "pushed_at": "2022-05-31T22:15:08",
    "updated_at": "2023-02-19T03:37:01",
    "isFork": false,
    "forks": 13,
    "forks_count": 13,
    "has_downloads": true,
    "has_issues": true,
    "has_pages": false,
    "has_projects": true,
    "has_wiki": false,
    "homepage": null,
    "language": "Swift",
    "open_issues": 1,
    "open_issues_count": 1,
    "size": 20,
    "stargazers_count": 63,
    "subscribers_count": 11,
    "watchers": 63,
    "watchers_count": 63,
    "first_commit": "2021-06-03T21:50:12",
    "last_commit": "2022-05-31T22:13:38",
    "branches_count": 1,
    "commit_comments_count": 0,
    "commits_count": 7,
    "countributors_count": 1,
    "downloads_count": 0,
    "events_count": 5,
    "issues_count": 1,
    "labels_count": 9,
    "milestones_count": 0,
    "PR_count": 0,
    "open_PR_count": 0,
    "readme_size": 4287,
    "release_count": 0,
    "topic_count": 0,
    "15_commits": 0,
    "16_commits": 0,
    "17_commits": 0,
    "18_commits": 0,
    "19_commits": 0,
    "20_commits": 0,
    "21_commits": 3,
    "22_commits": 4,
    "15_committer_num": 0,
    "16_committer_num": 0,
    "17_committer_num": 0,
    "18_committer_num": 0,
    "19_committer_num": 0,
    "20_committer_num": 0,
    "21_committer_num": 1,
    "22_committer_num": 1
}{
    "stargazer_date": {
        "205064": "2021-06-08T21:03:18",
        "4399454": "2021-06-09T05:50:19",
        "422836": "2021-06-10T00:34:34",
        "429119": "2021-06-10T05:45:55",
        "19268363": "2021-06-10T07:48:28",
        "222707": "2021-06-12T18:01:35",
        "48371699": "2021-06-14T14:26:17",
        "233571": "2021-06-15T21:07:57",
        "301036": "2021-06-15T22:30:51",
        "8291457": "2021-06-16T02:51:34",
        "4454131": "2021-06-16T05:55:26",
        "2038733": "2021-06-22T04:22:46",
        "13805382": "2021-07-07T17:47:51",
        "54206701": "2021-07-18T10:53:38",
        "523675": "2021-09-09T05:30:07",
        "59238070": "2021-09-26T14:00:44",
        "77411288": "2021-10-21T02:08:00",
        "92286638": "2021-10-24T04:24:24",
        "67066447": "2021-10-26T06:31:56",
        "92996060": "2021-11-10T00:27:06",
        "5261333": "2021-11-29T18:34:15",
        "1652009": "2021-11-29T20:53:17",
        "44259520": "2021-12-01T19:59:34",
        "19542092": "2021-12-06T05:04:02",
        "79260136": "2021-12-08T18:35:22",
        "806467": "2022-01-04T04:54:58",
        "18144723": "2022-01-13T05:36:25",
        "25889447": "2022-02-05T15:54:24",
        "65845439": "2022-03-11T07:39:07",
        "24497588": "2022-03-27T23:44:35",
        "34597567": "2022-03-28T03:31:24",
        "2541641": "2022-04-04T01:51:14",
        "1037806": "2022-04-04T03:00:59",
        "12848243": "2022-04-04T08:31:03",
        "24289735": "2022-04-04T08:44:12",
        "6937697": "2022-04-04T09:38:30",
        "86492": "2022-04-04T19:20:16",
        "1325144": "2022-04-04T19:26:13",
        "42906190": "2022-04-04T22:02:16",
        "81852919": "2022-04-04T22:08:59",
        "6320327": "2022-04-05T20:13:27",
        "62694274": "2022-04-06T04:35:35",
        "43426385": "2022-04-08T02:55:06",
        "7861088": "2022-04-10T20:06:47",
        "3030029": "2022-04-11T17:25:08",
        "24996373": "2022-04-15T16:55:09",
        "144384": "2022-04-20T23:25:25",
        "729269": "2022-04-22T15:46:46",
        "14368265": "2022-05-14T10:08:52",
        "747340": "2022-05-31T09:28:54",
        "67016573": "2022-06-01T16:57:46",
        "31623630": "2022-06-05T09:17:45",
        "5738239": "2022-06-06T00:20:28",
        "8889607": "2022-06-09T20:46:13",
        "14543143": "2022-06-29T16:55:14",
        "161940": "2022-07-10T09:48:54",
        "71681815": "2022-09-11T22:59:42",
        "24372679": "2022-11-11T00:18:39",
        "945761": "2022-11-21T17:53:48",
        "9898499": "2022-11-26T01:30:27",
        "509838": "2022-12-10T05:12:12",
        "6736204": "2023-01-31T14:04:17",
        "6485697": "2023-02-16T15:53:08"
    }
}[
    {
        "GHA": {}
    },
    {
        "Travis": []
    },
    {
        "CircleCI": []
    },
    {
        "AppVeyor": []
    },
    {
        "Azure": []
    },
    {
        "GitLab": []
    },
    {
        "Jenkins": []
    }
]