{
    "id": 357362030,
    "name": "sample-cloudkit-tooling",
    "full_name": "apple/sample-cloudkit-tooling",
    "org_name": "Apple",
    "org_id": 10639145,
    "created_at": "2021-04-12T23:00:35",
    "pushed_at": "2023-03-08T15:23:16",
    "updated_at": "2023-01-05T08:57:28",
    "isFork": false,
    "forks": 8,
    "forks_count": 8,
    "has_downloads": true,
    "has_issues": true,
    "has_pages": false,
    "has_projects": true,
    "has_wiki": false,
    "homepage": null,
    "language": "JavaScript",
    "open_issues": 0,
    "open_issues_count": 0,
    "size": 99,
    "stargazers_count": 14,
    "subscribers_count": 5,
    "watchers": 14,
    "watchers_count": 14,
    "first_commit": "2022-06-03T19:50:12",
    "last_commit": "2022-06-03T22:24:03",
    "branches_count": 1,
    "commit_comments_count": 0,
    "commits_count": 3,
    "countributors_count": 1,
    "downloads_count": 0,
    "events_count": 5,
    "issues_count": 0,
    "labels_count": 9,
    "milestones_count": 0,
    "PR_count": 2,
    "open_PR_count": 0,
    "readme_size": 652,
    "release_count": 0,
    "topic_count": 0,
    "15_commits": 0,
    "16_commits": 0,
    "17_commits": 0,
    "18_commits": 0,
    "19_commits": 0,
    "20_commits": 0,
    "21_commits": 0,
    "22_commits": 3,
    "15_committer_num": 0,
    "16_committer_num": 0,
    "17_committer_num": 0,
    "18_committer_num": 0,
    "19_committer_num": 0,
    "20_committer_num": 0,
    "21_committer_num": 0,
    "22_committer_num": 1
}{
    "stargazer_date": {
        "217": "2022-06-08T19:30:20",
        "45692264": "2022-06-08T23:31:29",
        "1583820": "2022-06-09T02:16:57",
        "8889607": "2022-06-09T20:45:53",
        "87622950": "2022-06-10T20:34:22",
        "8900989": "2022-06-22T20:28:25",
        "79260136": "2022-07-27T22:25:57",
        "50463988": "2022-09-09T10:15:59",
        "71681815": "2022-09-11T22:59:40",
        "48674860": "2022-11-07T20:06:00",
        "24372679": "2022-11-11T00:18:34",
        "945761": "2022-11-21T17:53:45",
        "907125": "2022-12-08T16:55:37",
        "115136906": "2023-01-05T08:57:28"
    }
}[
    {
        "GHA": {}
    },
    {
        "Travis": []
    },
    {
        "CircleCI": []
    },
    {
        "AppVeyor": []
    },
    {
        "Azure": []
    },
    {
        "GitLab": []
    },
    {
        "Jenkins": []
    }
]