{
    "id": 358734907,
    "name": "ml-stuttering-events-dataset",
    "full_name": "apple/ml-stuttering-events-dataset",
    "org_name": "Apple",
    "org_id": 10639145,
    "created_at": "2021-04-16T22:37:38",
    "pushed_at": "2022-06-07T15:14:43",
    "updated_at": "2023-02-13T00:32:02",
    "isFork": false,
    "forks": 17,
    "forks_count": 17,
    "has_downloads": true,
    "has_issues": true,
    "has_pages": false,
    "has_projects": true,
    "has_wiki": true,
    "homepage": null,
    "language": "Python",
    "open_issues": 2,
    "open_issues_count": 2,
    "size": 462,
    "stargazers_count": 49,
    "subscribers_count": 10,
    "watchers": 49,
    "watchers_count": 49,
    "first_commit": "2021-04-19T13:55:18",
    "last_commit": "2022-05-02T13:00:42",
    "branches_count": 1,
    "commit_comments_count": 0,
    "commits_count": 7,
    "countributors_count": 2,
    "downloads_count": 0,
    "events_count": 6,
    "issues_count": 2,
    "labels_count": 9,
    "milestones_count": 0,
    "PR_count": 2,
    "open_PR_count": 0,
    "readme_size": 3829,
    "release_count": 0,
    "topic_count": 0,
    "15_commits": 0,
    "16_commits": 0,
    "17_commits": 0,
    "18_commits": 0,
    "19_commits": 0,
    "20_commits": 0,
    "21_commits": 6,
    "22_commits": 1,
    "15_committer_num": 0,
    "16_committer_num": 0,
    "17_committer_num": 0,
    "18_committer_num": 0,
    "19_committer_num": 0,
    "20_committer_num": 0,
    "21_committer_num": 1,
    "22_committer_num": 1
}{
    "stargazer_date": {
        "44295008": "2021-05-06T23:10:03",
        "5912325": "2021-06-04T19:48:03",
        "18187030": "2021-06-07T09:19:29",
        "6074946": "2021-06-10T21:58:56",
        "37295764": "2021-06-17T14:39:05",
        "34207146": "2021-06-18T13:37:28",
        "6432184": "2021-06-21T17:37:07",
        "1501387": "2021-07-12T15:55:11",
        "14276343": "2021-07-19T16:13:53",
        "29516436": "2021-08-12T11:58:50",
        "25780588": "2021-08-17T20:47:36",
        "5224147": "2021-08-19T16:51:34",
        "15009130": "2021-08-27T11:40:59",
        "9121446": "2021-09-16T06:39:15",
        "59238070": "2021-09-26T14:00:45",
        "6503526": "2021-09-29T04:26:37",
        "50341827": "2021-09-30T00:44:03",
        "13750550": "2021-10-09T06:36:58",
        "8346": "2021-10-09T08:31:52",
        "77411288": "2021-10-21T02:08:10",
        "46361630": "2021-12-15T10:29:53",
        "37257757": "2021-12-20T14:00:17",
        "1915971": "2022-01-02T17:24:40",
        "11248901": "2022-01-21T11:53:59",
        "4027283": "2022-02-16T21:32:04",
        "3936122": "2022-02-23T13:17:56",
        "43727999": "2022-03-02T07:41:39",
        "55567099": "2022-03-26T01:43:25",
        "55251338": "2022-03-29T17:04:33",
        "61847192": "2022-04-01T17:13:25",
        "2131591": "2022-04-06T21:43:06",
        "34882690": "2022-04-07T07:03:20",
        "8298703": "2022-04-07T09:32:08",
        "9717211": "2022-04-07T13:08:39",
        "16364294": "2022-04-13T10:28:06",
        "3453508": "2022-05-19T19:34:49",
        "61944458": "2022-06-18T07:17:12",
        "85975676": "2022-06-28T22:58:19",
        "39116044": "2022-08-15T10:30:53",
        "69427071": "2022-08-31T10:16:55",
        "13878096": "2022-10-21T05:54:13",
        "2886672": "2022-10-31T09:27:20",
        "74661937": "2022-11-14T06:31:36",
        "19412334": "2022-11-14T18:39:02",
        "47409195": "2022-11-15T13:24:20",
        "95551900": "2023-01-08T00:24:15",
        "65875719": "2023-01-30T18:49:36",
        "70200266": "2023-02-02T15:17:44",
        "43975549": "2023-02-13T00:32:02"
    }
}[
    {
        "GHA": {}
    },
    {
        "Travis": []
    },
    {
        "CircleCI": []
    },
    {
        "AppVeyor": []
    },
    {
        "Azure": []
    },
    {
        "GitLab": []
    },
    {
        "Jenkins": []
    }
]