{
    "id": 361032633,
    "name": "ml-shuffling-amplification",
    "full_name": "apple/ml-shuffling-amplification",
    "org_name": "Apple",
    "org_id": 10639145,
    "created_at": "2021-04-24T00:00:01",
    "pushed_at": "2022-06-15T21:13:07",
    "updated_at": "2023-02-27T18:45:27",
    "isFork": false,
    "forks": 12,
    "forks_count": 12,
    "has_downloads": true,
    "has_issues": true,
    "has_pages": false,
    "has_projects": true,
    "has_wiki": true,
    "homepage": null,
    "language": "Python",
    "open_issues": 1,
    "open_issues_count": 1,
    "size": 9,
    "stargazers_count": 13,
    "subscribers_count": 6,
    "watchers": 13,
    "watchers_count": 13,
    "first_commit": "2021-04-27T15:24:27",
    "last_commit": "2021-09-28T23:15:09",
    "branches_count": 1,
    "commit_comments_count": 0,
    "commits_count": 3,
    "countributors_count": 0,
    "downloads_count": 0,
    "events_count": 4,
    "issues_count": 1,
    "labels_count": 9,
    "milestones_count": 0,
    "PR_count": 0,
    "open_PR_count": 0,
    "readme_size": 2557,
    "release_count": 0,
    "topic_count": 0,
    "15_commits": 0,
    "16_commits": 0,
    "17_commits": 0,
    "18_commits": 0,
    "19_commits": 0,
    "20_commits": 0,
    "21_commits": 3,
    "22_commits": 0,
    "15_committer_num": 0,
    "16_committer_num": 0,
    "17_committer_num": 0,
    "18_committer_num": 0,
    "19_committer_num": 0,
    "20_committer_num": 0,
    "21_committer_num": 0,
    "22_committer_num": 0
}{
    "stargazer_date": {
        "59238070": "2021-09-26T14:00:45",
        "3238345": "2021-10-04T11:29:26",
        "77411288": "2021-10-21T02:05:29",
        "15682048": "2022-02-14T06:41:58",
        "13682915": "2022-05-24T16:56:47",
        "55852688": "2022-05-25T10:19:31",
        "44153828": "2022-06-14T10:53:51",
        "1258134": "2022-09-20T20:01:06",
        "8047065": "2022-10-31T05:40:23",
        "2172048": "2022-11-09T20:44:24",
        "12811398": "2022-11-21T01:37:03",
        "33082218": "2022-12-05T14:47:15",
        "33015448": "2023-02-27T18:45:26"
    }
}[
    {
        "GHA": {}
    },
    {
        "Travis": []
    },
    {
        "CircleCI": []
    },
    {
        "AppVeyor": []
    },
    {
        "Azure": []
    },
    {
        "GitLab": []
    },
    {
        "Jenkins": []
    }
]