{
    "id": 384265271,
    "name": "ml-uwac",
    "full_name": "apple/ml-uwac",
    "org_name": "Apple",
    "org_id": 10639145,
    "created_at": "2021-07-08T22:46:51",
    "pushed_at": "2021-07-10T02:03:42",
    "updated_at": "2023-02-08T05:51:39",
    "isFork": false,
    "forks": 10,
    "forks_count": 10,
    "has_downloads": true,
    "has_issues": false,
    "has_pages": false,
    "has_projects": false,
    "has_wiki": false,
    "homepage": null,
    "language": "Python",
    "open_issues": 0,
    "open_issues_count": 0,
    "size": 476,
    "stargazers_count": 30,
    "subscribers_count": 9,
    "watchers": 30,
    "watchers_count": 30,
    "first_commit": "2021-07-10T02:03:26",
    "last_commit": "2021-07-10T02:03:26",
    "branches_count": 1,
    "commit_comments_count": 0,
    "commits_count": 1,
    "countributors_count": 0,
    "downloads_count": 0,
    "events_count": 4,
    "issues_count": 0,
    "labels_count": 9,
    "milestones_count": 0,
    "PR_count": 0,
    "open_PR_count": 0,
    "readme_size": 1471,
    "release_count": 0,
    "topic_count": 0,
    "15_commits": 0,
    "16_commits": 0,
    "17_commits": 0,
    "18_commits": 0,
    "19_commits": 0,
    "20_commits": 0,
    "21_commits": 1,
    "22_commits": 0,
    "15_committer_num": 0,
    "16_committer_num": 0,
    "17_committer_num": 0,
    "18_committer_num": 0,
    "19_committer_num": 0,
    "20_committer_num": 0,
    "21_committer_num": 0,
    "22_committer_num": 0
}{
    "stargazer_date": {
        "20577479": "2021-07-13T01:37:01",
        "43025783": "2021-07-16T20:14:22",
        "63081920": "2021-07-19T23:51:39",
        "7471995": "2021-07-25T19:11:18",
        "44550193": "2021-08-02T16:15:41",
        "49673553": "2021-08-09T14:45:31",
        "24637999": "2021-08-22T22:32:25",
        "37510173": "2021-09-16T09:55:53",
        "23493245": "2021-09-23T09:24:19",
        "70010143": "2021-09-26T08:47:48",
        "59238070": "2021-09-26T14:00:45",
        "77411288": "2021-10-21T02:07:33",
        "7825538": "2021-10-21T23:58:20",
        "56181038": "2021-10-29T05:28:40",
        "9346460": "2021-10-31T11:40:54",
        "16880547": "2021-11-15T01:55:14",
        "26751833": "2021-11-18T03:37:57",
        "45746798": "2021-11-19T11:02:25",
        "45084733": "2021-11-26T13:48:41",
        "39140136": "2022-02-18T18:48:40",
        "18168681": "2022-04-05T05:16:02",
        "8100": "2022-04-05T09:43:34",
        "29918498": "2022-05-20T01:01:24",
        "17592448": "2022-06-07T14:56:41",
        "11223782": "2022-09-16T00:23:58",
        "47205275": "2022-10-05T09:16:31",
        "27271284": "2022-11-05T12:38:49",
        "74223084": "2022-11-28T12:48:09",
        "25477396": "2023-01-09T19:49:39",
        "22850304": "2023-02-08T05:51:39"
    }
}[
    {
        "GHA": {}
    },
    {
        "Travis": []
    },
    {
        "CircleCI": []
    },
    {
        "AppVeyor": []
    },
    {
        "Azure": []
    },
    {
        "GitLab": []
    },
    {
        "Jenkins": []
    }
]