{
    "id": 387851231,
    "name": "swift-installer-scripts",
    "full_name": "apple/swift-installer-scripts",
    "org_name": "Apple",
    "org_id": 10639145,
    "created_at": "2021-07-20T16:26:31",
    "pushed_at": "2023-03-09T23:55:31",
    "updated_at": "2023-03-02T09:33:15",
    "isFork": false,
    "forks": 28,
    "forks_count": 28,
    "has_downloads": true,
    "has_issues": true,
    "has_pages": false,
    "has_projects": false,
    "has_wiki": false,
    "homepage": null,
    "language": "CMake",
    "open_issues": 11,
    "open_issues_count": 11,
    "size": 521,
    "stargazers_count": 52,
    "subscribers_count": 102,
    "watchers": 52,
    "watchers_count": 52,
    "first_commit": "2022-03-11T15:18:22",
    "last_commit": "2023-02-24T20:47:18",
    "branches_count": 10,
    "commit_comments_count": 0,
    "commits_count": 270,
    "countributors_count": 16,
    "downloads_count": 0,
    "events_count": 243,
    "issues_count": 11,
    "labels_count": 10,
    "milestones_count": 0,
    "PR_count": 176,
    "open_PR_count": 9,
    "readme_size": 6525,
    "release_count": 0,
    "topic_count": 0,
    "15_commits": 0,
    "16_commits": 0,
    "17_commits": 0,
    "18_commits": 0,
    "19_commits": 0,
    "20_commits": 0,
    "21_commits": 147,
    "22_commits": 103,
    "15_committer_num": 0,
    "16_committer_num": 0,
    "17_committer_num": 0,
    "18_committer_num": 0,
    "19_committer_num": 0,
    "20_committer_num": 0,
    "21_committer_num": 8,
    "22_committer_num": 9
}{
    "stargazer_date": {
        "2311352": "2021-07-23T03:44:05",
        "73740462": "2021-07-24T12:22:52",
        "8292651": "2021-07-25T01:22:44",
        "26525394": "2021-07-27T05:40:00",
        "6366270": "2021-07-28T14:01:10",
        "10137567": "2021-08-02T04:58:40",
        "2689031": "2021-08-05T08:49:39",
        "61539647": "2021-09-07T13:55:34",
        "278662": "2021-09-16T01:22:51",
        "44757473": "2021-09-16T05:09:51",
        "51171427": "2021-09-16T10:09:52",
        "2467235": "2021-09-16T17:18:39",
        "2431873": "2021-09-21T04:34:25",
        "77263945": "2021-09-25T01:03:24",
        "59238070": "2021-09-26T14:00:45",
        "87330181": "2021-09-27T17:28:37",
        "9739930": "2021-10-16T01:31:17",
        "77411288": "2021-10-21T02:02:52",
        "72931": "2021-10-22T15:33:55",
        "1496250": "2021-10-22T22:07:05",
        "637026": "2021-10-24T04:47:18",
        "3598852": "2021-11-27T15:29:47",
        "7315891": "2021-12-03T01:22:15",
        "30873659": "2022-03-07T20:07:56",
        "278153": "2022-03-09T10:33:27",
        "6391776": "2022-03-16T14:00:02",
        "3419766": "2022-03-20T19:41:55",
        "5963974": "2022-03-31T21:07:10",
        "144384": "2022-04-20T18:28:27",
        "34616424": "2022-04-26T01:04:45",
        "66998619": "2022-05-11T20:22:38",
        "217": "2022-06-30T20:15:59",
        "106605738": "2022-09-12T18:48:30",
        "114317320": "2022-10-09T01:07:40",
        "17161999": "2022-11-30T23:13:17",
        "6491176": "2022-12-02T23:15:51",
        "686038": "2022-12-09T11:40:27",
        "6533774": "2022-12-10T19:55:29",
        "6109241": "2022-12-14T07:44:40",
        "1255062": "2022-12-15T05:26:46",
        "7324811": "2022-12-15T06:47:27",
        "13573364": "2022-12-27T01:50:37",
        "121612809": "2023-01-12T15:25:32",
        "5358374": "2023-01-20T19:09:32",
        "88273136": "2023-01-21T12:20:51",
        "35226681": "2023-01-23T00:30:29",
        "98378732": "2023-02-07T10:33:57",
        "113218208": "2023-02-20T05:09:57",
        "121206337": "2023-02-20T19:00:09",
        "453705": "2023-02-27T23:57:35",
        "93222201": "2023-03-02T07:42:11",
        "509838": "2023-03-02T09:33:15"
    }
}[
    {
        "GHA": {}
    },
    {
        "Travis": []
    },
    {
        "CircleCI": []
    },
    {
        "AppVeyor": []
    },
    {
        "Azure": []
    },
    {
        "GitLab": []
    },
    {
        "Jenkins": []
    }
]