{
    "id": 393124839,
    "name": "ml-covid-mobility",
    "full_name": "apple/ml-covid-mobility",
    "org_name": "Apple",
    "org_id": 10639145,
    "created_at": "2021-08-05T17:32:46",
    "pushed_at": "2021-08-05T20:52:17",
    "updated_at": "2022-06-23T02:18:56",
    "isFork": false,
    "forks": 8,
    "forks_count": 8,
    "has_downloads": true,
    "has_issues": true,
    "has_pages": false,
    "has_projects": true,
    "has_wiki": true,
    "homepage": null,
    "language": "R",
    "open_issues": 0,
    "open_issues_count": 0,
    "size": 51278,
    "stargazers_count": 7,
    "subscribers_count": 6,
    "watchers": 7,
    "watchers_count": 7,
    "first_commit": "2021-08-05T00:00:03",
    "last_commit": "2021-08-05T00:00:03",
    "branches_count": 1,
    "commit_comments_count": 0,
    "commits_count": 1,
    "countributors_count": 1,
    "downloads_count": 0,
    "events_count": 2,
    "issues_count": 0,
    "labels_count": 9,
    "milestones_count": 0,
    "PR_count": 0,
    "open_PR_count": 0,
    "readme_size": 5918,
    "release_count": 0,
    "topic_count": 0,
    "15_commits": 0,
    "16_commits": 0,
    "17_commits": 0,
    "18_commits": 0,
    "19_commits": 0,
    "20_commits": 0,
    "21_commits": 1,
    "22_commits": 0,
    "15_committer_num": 0,
    "16_committer_num": 0,
    "17_committer_num": 0,
    "18_committer_num": 0,
    "19_committer_num": 0,
    "20_committer_num": 0,
    "21_committer_num": 1,
    "22_committer_num": 0
}{
    "stargazer_date": {
        "45357714": "2021-08-05T23:22:20",
        "11343005": "2021-08-06T00:19:25",
        "59238070": "2021-09-26T14:00:45",
        "77411288": "2021-10-21T02:07:15",
        "6079087": "2021-12-20T09:08:22",
        "12422989": "2022-04-05T01:55:58",
        "823890": "2022-06-23T02:18:56"
    }
}[
    {
        "GHA": {}
    },
    {
        "Travis": []
    },
    {
        "CircleCI": []
    },
    {
        "AppVeyor": []
    },
    {
        "Azure": []
    },
    {
        "GitLab": []
    },
    {
        "Jenkins": []
    }
]