{
    "id": 404417247,
    "name": "swift-se0288-is-power",
    "full_name": "apple/swift-se0288-is-power",
    "org_name": "Apple",
    "org_id": 10639145,
    "created_at": "2021-09-08T16:23:07",
    "pushed_at": "2021-12-08T22:36:06",
    "updated_at": "2022-02-10T07:49:17",
    "isFork": false,
    "forks": 7,
    "forks_count": 7,
    "has_downloads": true,
    "has_issues": false,
    "has_pages": false,
    "has_projects": false,
    "has_wiki": false,
    "homepage": null,
    "language": "Swift",
    "open_issues": 0,
    "open_issues_count": 0,
    "size": 19,
    "stargazers_count": 3,
    "subscribers_count": 105,
    "watchers": 3,
    "watchers_count": 3,
    "first_commit": "2021-09-08T16:23:07",
    "last_commit": "2021-12-07T00:57:12",
    "branches_count": 1,
    "commit_comments_count": 0,
    "commits_count": 10,
    "countributors_count": 4,
    "downloads_count": 0,
    "events_count": 1,
    "issues_count": 0,
    "labels_count": 9,
    "milestones_count": 0,
    "PR_count": 4,
    "open_PR_count": 0,
    "readme_size": 2323,
    "release_count": 2,
    "topic_count": 0,
    "15_commits": 0,
    "16_commits": 0,
    "17_commits": 0,
    "18_commits": 0,
    "19_commits": 0,
    "20_commits": 0,
    "21_commits": 10,
    "22_commits": 0,
    "15_committer_num": 0,
    "16_committer_num": 0,
    "17_committer_num": 0,
    "18_committer_num": 0,
    "19_committer_num": 0,
    "20_committer_num": 0,
    "21_committer_num": 4,
    "22_committer_num": 0
}{
    "stargazer_date": {
        "59238070": "2021-09-26T14:00:45",
        "77411288": "2021-10-21T02:06:26",
        "61991419": "2022-02-10T07:49:17"
    }
}[
    {
        "GHA": {}
    },
    {
        "Travis": []
    },
    {
        "CircleCI": []
    },
    {
        "AppVeyor": []
    },
    {
        "Azure": []
    },
    {
        "GitLab": []
    },
    {
        "Jenkins": []
    }
]