{
    "id": 406059989,
    "name": "ml-knowledge-conflicts",
    "full_name": "apple/ml-knowledge-conflicts",
    "org_name": "Apple",
    "org_id": 10639145,
    "created_at": "2021-09-13T17:05:26",
    "pushed_at": "2022-08-29T19:47:52",
    "updated_at": "2023-02-26T11:55:20",
    "isFork": false,
    "forks": 16,
    "forks_count": 16,
    "has_downloads": true,
    "has_issues": false,
    "has_pages": false,
    "has_projects": false,
    "has_wiki": false,
    "homepage": "",
    "language": "Python",
    "open_issues": 0,
    "open_issues_count": 0,
    "size": 26,
    "stargazers_count": 40,
    "subscribers_count": 10,
    "watchers": 40,
    "watchers_count": 40,
    "first_commit": "2021-09-14T21:33:11",
    "last_commit": "2021-11-29T10:18:49",
    "branches_count": 2,
    "commit_comments_count": 0,
    "commits_count": 4,
    "countributors_count": 2,
    "downloads_count": 0,
    "events_count": 6,
    "issues_count": 0,
    "labels_count": 9,
    "milestones_count": 0,
    "PR_count": 2,
    "open_PR_count": 0,
    "readme_size": 7387,
    "release_count": 0,
    "topic_count": 0,
    "15_commits": 0,
    "16_commits": 0,
    "17_commits": 0,
    "18_commits": 0,
    "19_commits": 0,
    "20_commits": 0,
    "21_commits": 4,
    "22_commits": 0,
    "15_committer_num": 0,
    "16_committer_num": 0,
    "17_committer_num": 0,
    "18_committer_num": 0,
    "19_committer_num": 0,
    "20_committer_num": 0,
    "21_committer_num": 2,
    "22_committer_num": 0
}{
    "stargazer_date": {
        "2056777": "2021-09-14T21:26:07",
        "28200546": "2021-09-15T06:01:10",
        "1070872": "2021-09-23T01:58:27",
        "7335618": "2021-09-23T23:56:20",
        "24732802": "2021-09-24T01:28:16",
        "59238070": "2021-09-26T14:00:45",
        "16605764": "2021-09-27T04:06:00",
        "87330181": "2021-09-27T17:27:46",
        "77411288": "2021-10-21T02:06:16",
        "22341427": "2021-10-21T20:48:18",
        "10325777": "2021-10-28T21:38:18",
        "22773542": "2021-11-08T22:55:47",
        "4477337": "2021-11-09T01:07:49",
        "128885": "2021-11-09T12:03:32",
        "963532": "2021-12-08T04:09:20",
        "48139407": "2021-12-09T03:10:44",
        "6079087": "2021-12-20T09:07:57",
        "28291528": "2021-12-31T23:17:21",
        "51171232": "2022-01-07T05:54:30",
        "1109740": "2022-01-27T04:47:48",
        "69018523": "2022-01-28T00:40:42",
        "4735784": "2022-02-01T20:17:18",
        "5668498": "2022-02-03T02:18:19",
        "37664447": "2022-04-17T02:04:48",
        "17514579": "2022-05-21T15:55:27",
        "96460209": "2022-05-24T02:20:11",
        "21468340": "2022-07-05T13:45:45",
        "108743359": "2022-07-19T18:24:29",
        "2314699": "2022-08-22T19:01:11",
        "14057734": "2022-08-22T19:28:51",
        "10602903": "2022-08-22T20:37:36",
        "20909894": "2022-09-13T04:36:40",
        "3095771": "2022-10-07T17:15:32",
        "61073005": "2022-10-10T13:21:23",
        "28585962": "2022-10-19T03:03:19",
        "19259677": "2023-01-23T18:37:17",
        "32098489": "2023-01-24T20:17:53",
        "45599998": "2023-01-25T07:44:56",
        "59312702": "2023-01-26T10:08:13",
        "47032254": "2023-02-26T11:55:20"
    }
}[
    {
        "GHA": {}
    },
    {
        "Travis": []
    },
    {
        "CircleCI": []
    },
    {
        "AppVeyor": []
    },
    {
        "Azure": []
    },
    {
        "GitLab": []
    },
    {
        "Jenkins": []
    }
]