{
    "id": 417578854,
    "name": "swift-docc-render-artifact",
    "full_name": "apple/swift-docc-render-artifact",
    "org_name": "Apple",
    "org_id": 10639145,
    "created_at": "2021-10-15T17:13:15",
    "pushed_at": "2023-03-09T21:22:29",
    "updated_at": "2023-02-17T03:35:01",
    "isFork": false,
    "forks": 9,
    "forks_count": 9,
    "has_downloads": true,
    "has_issues": false,
    "has_pages": false,
    "has_projects": false,
    "has_wiki": false,
    "homepage": "",
    "language": null,
    "open_issues": 0,
    "open_issues_count": 0,
    "size": 2264,
    "stargazers_count": 6,
    "subscribers_count": 106,
    "watchers": 6,
    "watchers_count": 6,
    "first_commit": "2022-09-13T06:42:26",
    "last_commit": "2023-03-09T21:22:28",
    "branches_count": 5,
    "commit_comments_count": 0,
    "commits_count": 246,
    "countributors_count": 2,
    "downloads_count": 0,
    "events_count": 121,
    "issues_count": 0,
    "labels_count": 9,
    "milestones_count": 0,
    "PR_count": 0,
    "open_PR_count": 0,
    "readme_size": 950,
    "release_count": 0,
    "topic_count": 0,
    "15_commits": 0,
    "16_commits": 0,
    "17_commits": 0,
    "18_commits": 0,
    "19_commits": 0,
    "20_commits": 0,
    "21_commits": 14,
    "22_commits": 207,
    "15_committer_num": 0,
    "16_committer_num": 0,
    "17_committer_num": 0,
    "18_committer_num": 0,
    "19_committer_num": 0,
    "20_committer_num": 0,
    "21_committer_num": 2,
    "22_committer_num": 1
}{
    "stargazer_date": {
        "77411288": "2021-10-21T02:03:53",
        "73200726": "2021-12-23T08:04:32",
        "12108784": "2022-06-09T17:15:53",
        "114317320": "2022-10-28T19:51:56",
        "9583775": "2023-02-17T03:35:01"
    }
}[
    {
        "GHA": {}
    },
    {
        "Travis": []
    },
    {
        "CircleCI": []
    },
    {
        "AppVeyor": []
    },
    {
        "Azure": []
    },
    {
        "GitLab": []
    },
    {
        "Jenkins": []
    }
]