{
    "id": 419896683,
    "name": "learning-compressible-subspaces",
    "full_name": "apple/learning-compressible-subspaces",
    "org_name": "Apple",
    "org_id": 10639145,
    "created_at": "2021-10-21T22:39:13",
    "pushed_at": "2021-10-27T16:22:32",
    "updated_at": "2023-01-14T15:48:51",
    "isFork": false,
    "forks": 7,
    "forks_count": 7,
    "has_downloads": true,
    "has_issues": true,
    "has_pages": false,
    "has_projects": true,
    "has_wiki": true,
    "homepage": null,
    "language": "Python",
    "open_issues": 0,
    "open_issues_count": 0,
    "size": 59,
    "stargazers_count": 11,
    "subscribers_count": 6,
    "watchers": 11,
    "watchers_count": 11,
    "first_commit": "2021-10-27T16:22:28",
    "last_commit": "2021-10-27T16:22:28",
    "branches_count": 1,
    "commit_comments_count": 0,
    "commits_count": 1,
    "countributors_count": 0,
    "downloads_count": 0,
    "events_count": 3,
    "issues_count": 0,
    "labels_count": 9,
    "milestones_count": 0,
    "PR_count": 0,
    "open_PR_count": 0,
    "readme_size": 9397,
    "release_count": 0,
    "topic_count": 0,
    "15_commits": 0,
    "16_commits": 0,
    "17_commits": 0,
    "18_commits": 0,
    "19_commits": 0,
    "20_commits": 0,
    "21_commits": 1,
    "22_commits": 0,
    "15_committer_num": 0,
    "16_committer_num": 0,
    "17_committer_num": 0,
    "18_committer_num": 0,
    "19_committer_num": 0,
    "20_committer_num": 0,
    "21_committer_num": 0,
    "22_committer_num": 0
}{
    "stargazer_date": {
        "4967065": "2021-11-02T23:10:05",
        "1934033": "2021-11-04T18:23:29",
        "28499769": "2021-11-04T23:59:19",
        "26684166": "2021-11-09T09:55:55",
        "18519731": "2021-11-25T05:03:34",
        "81610017": "2021-11-26T06:46:20",
        "31590926": "2022-04-04T22:16:42",
        "34718967": "2022-04-25T03:08:18",
        "36253624": "2022-05-30T01:16:16",
        "25478348": "2022-10-19T05:10:46",
        "24934868": "2023-01-14T15:48:51"
    }
}[
    {
        "GHA": {}
    },
    {
        "Travis": []
    },
    {
        "CircleCI": []
    },
    {
        "AppVeyor": []
    },
    {
        "Azure": []
    },
    {
        "GitLab": []
    },
    {
        "Jenkins": []
    }
]