{
    "id": 433162976,
    "name": "ml-core",
    "full_name": "apple/ml-core",
    "org_name": "Apple",
    "org_id": 10639145,
    "created_at": "2021-11-29T19:00:13",
    "pushed_at": "2021-12-03T04:00:44",
    "updated_at": "2022-08-11T11:51:44",
    "isFork": false,
    "forks": 11,
    "forks_count": 11,
    "has_downloads": true,
    "has_issues": true,
    "has_pages": false,
    "has_projects": true,
    "has_wiki": true,
    "homepage": null,
    "language": "Python",
    "open_issues": 2,
    "open_issues_count": 2,
    "size": 10519,
    "stargazers_count": 21,
    "subscribers_count": 7,
    "watchers": 21,
    "watchers_count": 21,
    "first_commit": "2021-12-02T06:27:11",
    "last_commit": "2021-12-03T04:00:36",
    "branches_count": 1,
    "commit_comments_count": 0,
    "commits_count": 4,
    "countributors_count": 1,
    "downloads_count": 0,
    "events_count": 2,
    "issues_count": 2,
    "labels_count": 9,
    "milestones_count": 0,
    "PR_count": 0,
    "open_PR_count": 0,
    "readme_size": 4232,
    "release_count": 0,
    "topic_count": 0,
    "15_commits": 0,
    "16_commits": 0,
    "17_commits": 0,
    "18_commits": 0,
    "19_commits": 0,
    "20_commits": 0,
    "21_commits": 4,
    "22_commits": 0,
    "15_committer_num": 0,
    "16_committer_num": 0,
    "17_committer_num": 0,
    "18_committer_num": 0,
    "19_committer_num": 0,
    "20_committer_num": 0,
    "21_committer_num": 1,
    "22_committer_num": 0
}{
    "stargazer_date": {
        "64730242": "2021-12-03T09:27:53",
        "20310517": "2021-12-03T10:00:16",
        "55261018": "2021-12-08T23:29:31",
        "9044907": "2021-12-11T01:03:40",
        "41026849": "2021-12-14T00:31:18",
        "24889239": "2021-12-14T07:15:18",
        "19746932": "2021-12-14T07:24:40",
        "5799436": "2021-12-14T07:48:51",
        "60640908": "2021-12-15T17:14:22",
        "8453749": "2021-12-17T05:06:46",
        "31602377": "2021-12-18T01:17:16",
        "71681815": "2021-12-23T12:41:57",
        "44527989": "2022-01-10T06:24:15",
        "59662768": "2022-01-16T16:35:33",
        "96137320": "2022-01-22T11:30:12",
        "1531749": "2022-01-28T00:35:07",
        "24530526": "2022-03-19T21:03:56",
        "6606476": "2022-07-21T02:48:11",
        "65814880": "2022-07-28T08:36:32",
        "6391776": "2022-08-10T12:15:29",
        "128885": "2022-08-11T11:51:41"
    }
}[
    {
        "GHA": {}
    },
    {
        "Travis": []
    },
    {
        "CircleCI": []
    },
    {
        "AppVeyor": []
    },
    {
        "Azure": []
    },
    {
        "GitLab": []
    },
    {
        "Jenkins": []
    }
]