{
    "id": 481055574,
    "name": "ml-fct",
    "full_name": "apple/ml-fct",
    "org_name": "Apple",
    "org_id": 10639145,
    "created_at": "2022-04-13T03:22:12",
    "pushed_at": "2023-03-02T12:06:22",
    "updated_at": "2023-03-09T08:52:20",
    "isFork": false,
    "forks": 8,
    "forks_count": 8,
    "has_downloads": true,
    "has_issues": true,
    "has_pages": false,
    "has_projects": false,
    "has_wiki": false,
    "homepage": "",
    "language": "Python",
    "open_issues": 0,
    "open_issues_count": 0,
    "size": 473,
    "stargazers_count": 34,
    "subscribers_count": 5,
    "watchers": 34,
    "watchers_count": 34,
    "first_commit": "2022-05-19T12:32:51",
    "last_commit": "2023-03-02T12:05:29",
    "branches_count": 1,
    "commit_comments_count": 0,
    "commits_count": 4,
    "countributors_count": 1,
    "downloads_count": 0,
    "events_count": 16,
    "issues_count": 0,
    "labels_count": 9,
    "milestones_count": 0,
    "PR_count": 0,
    "open_PR_count": 0,
    "readme_size": 8779,
    "release_count": 0,
    "topic_count": 0,
    "15_commits": 0,
    "16_commits": 0,
    "17_commits": 0,
    "18_commits": 0,
    "19_commits": 0,
    "20_commits": 0,
    "21_commits": 0,
    "22_commits": 0,
    "15_committer_num": 0,
    "16_committer_num": 0,
    "17_committer_num": 0,
    "18_committer_num": 0,
    "19_committer_num": 0,
    "20_committer_num": 2,
    "21_committer_num": 0,
    "22_committer_num": 0
}{
    "stargazer_date": {
        "453705": "2022-05-19T19:44:06",
        "217": "2022-05-19T19:46:09",
        "285038": "2022-05-19T20:51:57",
        "26506346": "2022-05-19T20:58:03",
        "45692264": "2022-05-19T22:48:14",
        "81826728": "2022-05-20T03:01:08",
        "57657135": "2022-05-20T05:47:27",
        "46528046": "2022-05-20T06:28:56",
        "33674013": "2022-05-20T10:11:09",
        "36559154": "2022-05-20T12:17:36",
        "95990740": "2022-05-21T00:20:22",
        "4305228": "2022-05-21T16:40:20",
        "32054899": "2022-05-22T07:10:50",
        "4639578": "2022-05-23T00:33:53",
        "25567299": "2022-05-24T03:37:13",
        "8204807": "2022-05-26T13:35:41",
        "83000332": "2022-06-05T17:05:41",
        "909071": "2022-06-07T06:47:53",
        "19266420": "2022-06-15T06:44:15",
        "37276766": "2022-06-30T17:32:54",
        "128885": "2022-07-01T05:52:09",
        "1501246": "2022-07-01T06:17:36",
        "23476367": "2022-07-13T03:42:13",
        "10018145": "2022-07-18T03:42:33",
        "62407841": "2022-08-01T12:33:12",
        "45864888": "2022-08-12T06:23:57",
        "483929": "2022-12-14T22:37:50",
        "49827378": "2023-02-17T16:57:44",
        "99599123": "2023-02-19T10:37:32",
        "44045446": "2023-02-24T15:57:57",
        "27874026": "2023-03-01T02:11:18",
        "125344771": "2023-03-03T08:33:10",
        "27964642": "2023-03-09T06:31:25",
        "7789012": "2023-03-09T08:52:20"
    }
}[
    {
        "GHA": {}
    },
    {
        "Travis": []
    },
    {
        "CircleCI": []
    },
    {
        "AppVeyor": []
    },
    {
        "Azure": []
    },
    {
        "GitLab": []
    },
    {
        "Jenkins": []
    }
]