{
    "id": 484929857,
    "name": "swift-issues",
    "full_name": "apple/swift-issues",
    "org_name": "Apple",
    "org_id": 10639145,
    "created_at": "2022-01-03T23:52:53",
    "pushed_at": "2022-04-24T18:03:37",
    "updated_at": "2022-04-25T10:12:54",
    "isFork": false,
    "forks": 3,
    "forks_count": 3,
    "has_downloads": true,
    "has_issues": true,
    "has_pages": false,
    "has_projects": true,
    "has_wiki": false,
    "homepage": "",
    "language": null,
    "open_issues": 1,
    "open_issues_count": 1,
    "size": 2,
    "stargazers_count": 4,
    "subscribers_count": 3,
    "watchers": 4,
    "watchers_count": 4,
    "first_commit": "2022-01-03T23:52:53",
    "last_commit": "2022-04-24T18:03:37",
    "branches_count": 1,
    "commit_comments_count": 0,
    "commits_count": 4,
    "countributors_count": 1,
    "downloads_count": 0,
    "events_count": 1,
    "issues_count": 1,
    "labels_count": 189,
    "milestones_count": 0,
    "PR_count": 0,
    "open_PR_count": 0,
    "readme_size": 141,
    "release_count": 0,
    "topic_count": 0,
    "15_commits": 0,
    "16_commits": 0,
    "17_commits": 0,
    "18_commits": 0,
    "19_commits": 0,
    "20_commits": 0,
    "21_commits": 0,
    "22_commits": 4,
    "15_committer_num": 0,
    "16_committer_num": 0,
    "17_committer_num": 0,
    "18_committer_num": 0,
    "19_committer_num": 0,
    "20_committer_num": 0,
    "21_committer_num": 0,
    "22_committer_num": 1
}{
    "stargazer_date": {
        "51171427": "2022-04-24T10:07:08",
        "217": "2022-04-24T14:53:28",
        "21007144": "2022-04-24T20:00:02",
        "23614": "2022-04-25T10:12:54"
    }
}[
    {
        "GHA": {}
    },
    {
        "Travis": []
    },
    {
        "CircleCI": []
    },
    {
        "AppVeyor": []
    },
    {
        "Azure": []
    },
    {
        "GitLab": []
    },
    {
        "Jenkins": []
    }
]