{
    "id": 491273896,
    "name": "sample-cloudkit-zonesharing",
    "full_name": "apple/sample-cloudkit-zonesharing",
    "org_name": "Apple",
    "org_id": 10639145,
    "created_at": "2022-05-11T21:13:53",
    "pushed_at": "2022-09-13T21:53:34",
    "updated_at": "2023-03-06T11:08:25",
    "isFork": false,
    "forks": 6,
    "forks_count": 6,
    "has_downloads": true,
    "has_issues": false,
    "has_pages": false,
    "has_projects": false,
    "has_wiki": false,
    "homepage": null,
    "language": "Swift",
    "open_issues": 0,
    "open_issues_count": 0,
    "size": 17,
    "stargazers_count": 22,
    "subscribers_count": 7,
    "watchers": 22,
    "watchers_count": 22,
    "first_commit": "2022-06-03T19:23:15",
    "last_commit": "2022-09-13T21:53:34",
    "branches_count": 1,
    "commit_comments_count": 0,
    "commits_count": 3,
    "countributors_count": 1,
    "downloads_count": 0,
    "events_count": 6,
    "issues_count": 0,
    "labels_count": 9,
    "milestones_count": 0,
    "PR_count": 1,
    "open_PR_count": 0,
    "readme_size": 3395,
    "release_count": 0,
    "topic_count": 0,
    "15_commits": 0,
    "16_commits": 0,
    "17_commits": 0,
    "18_commits": 0,
    "19_commits": 0,
    "20_commits": 0,
    "21_commits": 0,
    "22_commits": 3,
    "15_committer_num": 0,
    "16_committer_num": 0,
    "17_committer_num": 0,
    "18_committer_num": 0,
    "19_committer_num": 0,
    "20_committer_num": 0,
    "21_committer_num": 0,
    "22_committer_num": 1
}{
    "stargazer_date": {
        "217": "2022-06-08T19:30:17",
        "45692264": "2022-06-08T23:31:30",
        "83694": "2022-06-09T15:09:38",
        "43426385": "2022-06-09T20:11:52",
        "8889607": "2022-06-09T20:46:06",
        "3377659": "2022-06-10T19:31:49",
        "83283816": "2022-06-16T11:32:10",
        "161940": "2022-07-10T09:48:43",
        "566215": "2022-07-13T14:00:14",
        "643796": "2022-08-06T00:36:35",
        "69744185": "2022-10-27T18:56:34",
        "62597781": "2022-11-03T10:39:23",
        "70450144": "2022-11-09T09:31:23",
        "24372679": "2022-11-11T00:18:29",
        "8380082": "2022-11-11T06:05:08",
        "11539551": "2022-11-17T02:52:13",
        "9898499": "2022-11-26T01:29:53",
        "5438325": "2022-11-26T13:01:24",
        "6736204": "2023-01-31T14:04:03",
        "68091": "2023-02-12T16:19:55",
        "6485697": "2023-02-16T14:50:54",
        "135328": "2023-03-06T11:08:25"
    }
}[
    {
        "GHA": {}
    },
    {
        "Travis": []
    },
    {
        "CircleCI": []
    },
    {
        "AppVeyor": []
    },
    {
        "Azure": []
    },
    {
        "GitLab": []
    },
    {
        "Jenkins": []
    }
]