{
    "id": 492055304,
    "name": "ml-sad",
    "full_name": "apple/ml-sad",
    "org_name": "Apple",
    "org_id": 10639145,
    "created_at": "2022-05-13T22:25:27",
    "pushed_at": "2022-11-20T11:04:32",
    "updated_at": "2022-11-29T11:21:36",
    "isFork": false,
    "forks": 5,
    "forks_count": 5,
    "has_downloads": true,
    "has_issues": false,
    "has_pages": true,
    "has_projects": false,
    "has_wiki": false,
    "homepage": "http://apple.github.io/ml-sad/",
    "language": "Python",
    "open_issues": 1,
    "open_issues_count": 1,
    "size": 14165,
    "stargazers_count": 22,
    "subscribers_count": 7,
    "watchers": 22,
    "watchers_count": 22,
    "first_commit": "2022-05-20T03:15:28",
    "last_commit": "2022-07-12T18:27:31",
    "branches_count": 3,
    "commit_comments_count": 0,
    "commits_count": 22,
    "countributors_count": 1,
    "downloads_count": 0,
    "events_count": 2,
    "issues_count": 1,
    "labels_count": 9,
    "milestones_count": 0,
    "PR_count": 5,
    "open_PR_count": 1,
    "readme_size": 4625,
    "release_count": 0,
    "topic_count": 0,
    "15_commits": 0,
    "16_commits": 0,
    "17_commits": 0,
    "18_commits": 0,
    "19_commits": 0,
    "20_commits": 0,
    "21_commits": 0,
    "22_commits": 22,
    "15_committer_num": 0,
    "16_committer_num": 0,
    "17_committer_num": 0,
    "18_committer_num": 0,
    "19_committer_num": 0,
    "20_committer_num": 0,
    "21_committer_num": 0,
    "22_committer_num": 1
}{
    "stargazer_date": {
        "22644818": "2022-05-26T19:24:16",
        "64314452": "2022-05-26T19:33:59",
        "217": "2022-05-26T19:46:41",
        "11623298": "2022-05-26T20:02:43",
        "47697490": "2022-05-26T20:10:14",
        "72877496": "2022-05-26T21:27:30",
        "36559154": "2022-05-26T22:01:43",
        "6617862": "2022-05-26T22:42:05",
        "77567325": "2022-05-27T00:40:32",
        "45692264": "2022-05-27T01:21:54",
        "197572": "2022-05-27T01:32:04",
        "84712013": "2022-05-27T06:33:04",
        "71115825": "2022-05-27T17:11:04",
        "18619074": "2022-06-03T15:39:47",
        "2461039": "2022-06-13T21:46:12",
        "20808453": "2022-06-16T22:06:39",
        "80583308": "2022-06-18T14:48:18",
        "45936105": "2022-07-28T09:27:03",
        "90808379": "2022-10-21T11:01:32",
        "14364138": "2022-11-07T03:45:40",
        "74832637": "2022-11-21T04:26:45",
        "5133941": "2022-11-29T11:21:36"
    }
}[
    {
        "GHA": {}
    },
    {
        "Travis": []
    },
    {
        "CircleCI": []
    },
    {
        "AppVeyor": []
    },
    {
        "Azure": []
    },
    {
        "GitLab": []
    },
    {
        "Jenkins": []
    }
]