{
    "id": 500578363,
    "name": "ml-selfcond",
    "full_name": "apple/ml-selfcond",
    "org_name": "Apple",
    "org_id": 10639145,
    "created_at": "2022-06-06T20:07:55",
    "pushed_at": "2022-07-12T19:57:43",
    "updated_at": "2022-12-19T11:42:36",
    "isFork": false,
    "forks": 6,
    "forks_count": 6,
    "has_downloads": true,
    "has_issues": false,
    "has_pages": false,
    "has_projects": false,
    "has_wiki": false,
    "homepage": "https://machinelearning.apple.com/research/self-conditioning-pre-trained",
    "language": "Python",
    "open_issues": 0,
    "open_issues_count": 0,
    "size": 408,
    "stargazers_count": 19,
    "subscribers_count": 9,
    "watchers": 19,
    "watchers_count": 19,
    "first_commit": "2022-07-12T19:57:29",
    "last_commit": "2022-07-12T19:57:29",
    "branches_count": 1,
    "commit_comments_count": 0,
    "commits_count": 1,
    "countributors_count": 1,
    "downloads_count": 0,
    "events_count": 3,
    "issues_count": 0,
    "labels_count": 9,
    "milestones_count": 0,
    "PR_count": 0,
    "open_PR_count": 0,
    "readme_size": 10758,
    "release_count": 0,
    "topic_count": 0,
    "15_commits": 0,
    "16_commits": 0,
    "17_commits": 0,
    "18_commits": 0,
    "19_commits": 0,
    "20_commits": 0,
    "21_commits": 0,
    "22_commits": 1,
    "15_committer_num": 0,
    "16_committer_num": 0,
    "17_committer_num": 0,
    "18_committer_num": 0,
    "19_committer_num": 0,
    "20_committer_num": 0,
    "21_committer_num": 0,
    "22_committer_num": 1
}{
    "stargazer_date": {
        "217": "2022-07-13T00:12:07",
        "1367017": "2022-07-13T02:26:29",
        "45692264": "2022-07-13T05:07:59",
        "56193069": "2022-07-13T06:03:52",
        "61775365": "2022-07-13T06:12:03",
        "80976096": "2022-07-13T06:23:59",
        "48426904": "2022-07-13T06:31:09",
        "3377659": "2022-07-13T08:18:09",
        "2397317": "2022-07-13T13:55:13",
        "38291975": "2022-07-13T15:14:04",
        "32314456": "2022-07-13T19:05:16",
        "44304425": "2022-07-14T16:05:55",
        "49637184": "2022-07-15T01:05:09",
        "23400562": "2022-07-26T04:23:29",
        "73088112": "2022-08-24T04:30:29",
        "45599998": "2022-09-16T08:08:13",
        "24516022": "2022-10-16T07:59:47",
        "7037963": "2022-10-17T16:16:48",
        "22727137": "2022-12-19T11:42:36"
    }
}[
    {
        "GHA": {}
    },
    {
        "Travis": []
    },
    {
        "CircleCI": []
    },
    {
        "AppVeyor": []
    },
    {
        "Azure": []
    },
    {
        "GitLab": []
    },
    {
        "Jenkins": []
    }
]