{
    "id": 508170435,
    "name": "ml-vfi-smiff",
    "full_name": "apple/ml-vfi-smiff",
    "org_name": "Apple",
    "org_id": 10639145,
    "created_at": "2022-06-28T05:44:59",
    "pushed_at": "2022-07-08T01:05:24",
    "updated_at": "2022-10-12T21:16:04",
    "isFork": false,
    "forks": 3,
    "forks_count": 3,
    "has_downloads": true,
    "has_issues": true,
    "has_pages": false,
    "has_projects": true,
    "has_wiki": true,
    "homepage": null,
    "language": "Python",
    "open_issues": 0,
    "open_issues_count": 0,
    "size": 28611,
    "stargazers_count": 9,
    "subscribers_count": 6,
    "watchers": 9,
    "watchers_count": 9,
    "first_commit": "2022-07-07T02:51:05",
    "last_commit": "2022-07-07T02:51:05",
    "branches_count": 1,
    "commit_comments_count": 0,
    "commits_count": 1,
    "countributors_count": 1,
    "downloads_count": 0,
    "events_count": 2,
    "issues_count": 0,
    "labels_count": 9,
    "milestones_count": 0,
    "PR_count": 0,
    "open_PR_count": 0,
    "readme_size": 3646,
    "release_count": 0,
    "topic_count": 0,
    "15_commits": 0,
    "16_commits": 0,
    "17_commits": 0,
    "18_commits": 0,
    "19_commits": 0,
    "20_commits": 0,
    "21_commits": 0,
    "22_commits": 1,
    "15_committer_num": 0,
    "16_committer_num": 0,
    "17_committer_num": 0,
    "18_committer_num": 0,
    "19_committer_num": 0,
    "20_committer_num": 0,
    "21_committer_num": 0,
    "22_committer_num": 1
}{
    "stargazer_date": {
        "217": "2022-07-15T19:24:17",
        "45692264": "2022-07-15T22:58:07",
        "73679364": "2022-07-16T01:51:04",
        "6411752": "2022-07-16T02:16:07",
        "89962765": "2022-07-16T05:31:18",
        "38291975": "2022-07-16T10:54:55",
        "32314456": "2022-07-17T03:06:31",
        "15921278": "2022-07-27T01:51:31",
        "108334455": "2022-07-29T06:18:54"
    }
}[
    {
        "GHA": {}
    },
    {
        "Travis": []
    },
    {
        "CircleCI": []
    },
    {
        "AppVeyor": []
    },
    {
        "Azure": []
    },
    {
        "GitLab": []
    },
    {
        "Jenkins": []
    }
]