{
    "id": 516052987,
    "name": "ml-neilf",
    "full_name": "apple/ml-neilf",
    "org_name": "Apple",
    "org_id": 10639145,
    "created_at": "2022-07-20T16:18:07",
    "pushed_at": "2022-07-20T17:32:02",
    "updated_at": "2023-03-10T02:46:26",
    "isFork": false,
    "forks": 5,
    "forks_count": 5,
    "has_downloads": true,
    "has_issues": false,
    "has_pages": false,
    "has_projects": false,
    "has_wiki": false,
    "homepage": null,
    "language": "Python",
    "open_issues": 0,
    "open_issues_count": 0,
    "size": 1104,
    "stargazers_count": 55,
    "subscribers_count": 10,
    "watchers": 55,
    "watchers_count": 55,
    "first_commit": "2022-07-20T16:24:27",
    "last_commit": "2022-07-20T16:24:27",
    "branches_count": 1,
    "commit_comments_count": 0,
    "commits_count": 1,
    "countributors_count": 1,
    "downloads_count": 0,
    "events_count": 14,
    "issues_count": 0,
    "labels_count": 9,
    "milestones_count": 0,
    "PR_count": 0,
    "open_PR_count": 0,
    "readme_size": 5785,
    "release_count": 0,
    "topic_count": 0,
    "15_commits": 0,
    "16_commits": 0,
    "17_commits": 0,
    "18_commits": 0,
    "19_commits": 0,
    "20_commits": 0,
    "21_commits": 0,
    "22_commits": 1,
    "15_committer_num": 0,
    "16_committer_num": 0,
    "17_committer_num": 0,
    "18_committer_num": 0,
    "19_committer_num": 0,
    "20_committer_num": 0,
    "21_committer_num": 0,
    "22_committer_num": 1
}{
    "stargazer_date": {
        "217": "2022-07-20T19:21:11",
        "32314456": "2022-07-20T22:37:07",
        "45692264": "2022-07-20T22:45:56",
        "5235600": "2022-07-20T23:03:59",
        "1367017": "2022-07-20T23:51:19",
        "8350839": "2022-07-21T00:01:45",
        "15166089": "2022-07-21T00:07:21",
        "12770792": "2022-07-21T00:46:03",
        "23974453": "2022-07-21T01:18:21",
        "26176709": "2022-07-21T01:20:03",
        "53246549": "2022-07-21T01:59:26",
        "29725150": "2022-07-21T02:45:40",
        "128885": "2022-07-21T03:57:34",
        "8616975": "2022-07-21T06:39:45",
        "73679364": "2022-07-21T06:50:57",
        "3617152": "2022-07-21T07:14:50",
        "40465955": "2022-07-21T07:25:32",
        "60004545": "2022-07-21T07:49:48",
        "9070477": "2022-07-21T08:20:10",
        "21083590": "2022-07-21T11:09:39",
        "36671481": "2022-07-21T13:15:41",
        "57693944": "2022-07-21T13:35:10",
        "32333352": "2022-07-22T02:57:17",
        "14065422": "2022-07-22T03:05:13",
        "28746110": "2022-07-22T03:36:20",
        "21055131": "2022-07-22T03:43:52",
        "14804799": "2022-07-22T03:44:28",
        "47114466": "2022-07-22T04:22:16",
        "42534001": "2022-07-22T04:26:24",
        "17018278": "2022-07-22T08:33:41",
        "10068773": "2022-07-25T03:10:13",
        "42933584": "2022-07-27T05:26:51",
        "22893239": "2022-07-29T16:27:27",
        "25758401": "2022-08-04T11:00:42",
        "30972697": "2022-09-03T14:11:45",
        "29904815": "2022-09-26T02:10:02",
        "8177170": "2022-09-27T07:06:54",
        "2498827": "2022-10-18T12:39:10",
        "24415835": "2022-11-02T23:50:45",
        "34244000": "2022-11-05T15:54:29",
        "91667667": "2022-11-07T16:21:06",
        "20549552": "2022-11-09T15:00:05",
        "17586209": "2022-11-19T02:58:32",
        "26067407": "2022-11-19T08:42:39",
        "101390919": "2022-12-10T07:09:37",
        "32128903": "2022-12-10T12:25:40",
        "18493978": "2022-12-11T04:11:27",
        "7233636": "2022-12-13T06:37:19",
        "31504583": "2022-12-29T11:44:55",
        "29452506": "2023-01-30T14:16:54",
        "6621738": "2023-01-31T02:48:37",
        "12797325": "2023-02-14T03:13:57",
        "25325628": "2023-03-07T19:54:40",
        "31894585": "2023-03-08T03:02:31",
        "23116560": "2023-03-10T02:46:26"
    }
}[
    {
        "GHA": {}
    },
    {
        "Travis": []
    },
    {
        "CircleCI": []
    },
    {
        "AppVeyor": []
    },
    {
        "Azure": []
    },
    {
        "GitLab": []
    },
    {
        "Jenkins": []
    }
]