{
    "id": 516147583,
    "name": "ml-dms-dataset",
    "full_name": "apple/ml-dms-dataset",
    "org_name": "Apple",
    "org_id": 10639145,
    "created_at": "2022-07-20T22:06:58",
    "pushed_at": "2022-12-10T01:15:34",
    "updated_at": "2023-02-23T01:32:26",
    "isFork": false,
    "forks": 10,
    "forks_count": 10,
    "has_downloads": true,
    "has_issues": false,
    "has_pages": false,
    "has_projects": false,
    "has_wiki": false,
    "homepage": null,
    "language": "Python",
    "open_issues": 0,
    "open_issues_count": 0,
    "size": 18,
    "stargazers_count": 28,
    "subscribers_count": 7,
    "watchers": 28,
    "watchers_count": 28,
    "first_commit": "2022-07-20T23:20:29",
    "last_commit": "2022-12-10T01:15:16",
    "branches_count": 1,
    "commit_comments_count": 0,
    "commits_count": 3,
    "countributors_count": 1,
    "downloads_count": 0,
    "events_count": 12,
    "issues_count": 0,
    "labels_count": 9,
    "milestones_count": 0,
    "PR_count": 0,
    "open_PR_count": 0,
    "readme_size": 3390,
    "release_count": 0,
    "topic_count": 0,
    "15_commits": 0,
    "16_commits": 0,
    "17_commits": 0,
    "18_commits": 0,
    "19_commits": 0,
    "20_commits": 0,
    "21_commits": 0,
    "22_commits": 3,
    "15_committer_num": 0,
    "16_committer_num": 0,
    "17_committer_num": 0,
    "18_committer_num": 0,
    "19_committer_num": 0,
    "20_committer_num": 0,
    "21_committer_num": 0,
    "22_committer_num": 1
}{
    "stargazer_date": {
        "38291975": "2022-07-21T02:23:30",
        "73679364": "2022-07-21T02:38:54",
        "23079250": "2022-07-21T03:09:29",
        "217": "2022-07-21T18:50:50",
        "4639578": "2022-07-22T12:15:15",
        "4526634": "2022-07-26T12:20:59",
        "2086508": "2022-08-03T02:28:02",
        "55226860": "2022-08-16T06:32:10",
        "128885": "2022-08-18T12:05:40",
        "704873": "2022-08-19T09:47:39",
        "21147713": "2022-08-29T01:48:01",
        "29220410": "2022-08-31T02:08:35",
        "59386026": "2022-10-06T06:05:36",
        "49538481": "2022-10-18T23:58:19",
        "29646894": "2022-10-26T00:53:22",
        "102923628": "2022-10-26T08:54:41",
        "7949405": "2022-11-01T01:58:45",
        "85835544": "2022-11-09T14:31:39",
        "60889275": "2022-11-15T14:29:04",
        "96415536": "2022-12-06T09:07:49",
        "5332196": "2022-12-22T04:06:08",
        "29860561": "2023-01-17T13:48:09",
        "67806795": "2023-01-30T06:32:37",
        "39761290": "2023-02-01T19:21:06",
        "49768291": "2023-02-01T23:38:24",
        "5888496": "2023-02-13T11:28:55",
        "66739913": "2023-02-15T20:51:58",
        "42489440": "2023-02-23T01:32:26"
    }
}[
    {
        "GHA": {}
    },
    {
        "Travis": []
    },
    {
        "CircleCI": []
    },
    {
        "AppVeyor": []
    },
    {
        "Azure": []
    },
    {
        "GitLab": []
    },
    {
        "Jenkins": []
    }
]