{
    "id": 520601600,
    "name": "ml-interspeech2022-phi_rtn",
    "full_name": "apple/ml-interspeech2022-phi_rtn",
    "org_name": "Apple",
    "org_id": 10639145,
    "created_at": "2022-08-02T18:06:00",
    "pushed_at": "2022-09-08T13:45:30",
    "updated_at": "2022-10-15T05:18:05",
    "isFork": false,
    "forks": 3,
    "forks_count": 3,
    "has_downloads": true,
    "has_issues": false,
    "has_pages": false,
    "has_projects": false,
    "has_wiki": false,
    "homepage": "https://machinelearning.apple.com/research/space-efficient-representation",
    "language": null,
    "open_issues": 0,
    "open_issues_count": 0,
    "size": 34721,
    "stargazers_count": 9,
    "subscribers_count": 7,
    "watchers": 9,
    "watchers_count": 9,
    "first_commit": "2022-09-08T00:46:24",
    "last_commit": "2022-09-08T00:46:24",
    "branches_count": 1,
    "commit_comments_count": 0,
    "commits_count": 1,
    "countributors_count": 1,
    "downloads_count": 0,
    "events_count": 2,
    "issues_count": 0,
    "labels_count": 9,
    "milestones_count": 0,
    "PR_count": 0,
    "open_PR_count": 0,
    "readme_size": 3894,
    "release_count": 0,
    "topic_count": 4,
    "15_commits": 0,
    "16_commits": 0,
    "17_commits": 0,
    "18_commits": 0,
    "19_commits": 0,
    "20_commits": 0,
    "21_commits": 0,
    "22_commits": 1,
    "15_committer_num": 0,
    "16_committer_num": 0,
    "17_committer_num": 0,
    "18_committer_num": 0,
    "19_committer_num": 0,
    "20_committer_num": 0,
    "21_committer_num": 0,
    "22_committer_num": 1
}{
    "stargazer_date": {
        "71681815": "2022-09-08T17:53:27",
        "73679364": "2022-09-08T18:25:16",
        "2066707": "2022-09-08T20:26:10",
        "27885054": "2022-09-09T06:06:53",
        "45692264": "2022-09-09T10:07:07",
        "44175589": "2022-09-09T13:55:29",
        "1120343": "2022-09-10T17:17:28",
        "27846000": "2022-09-13T04:41:21",
        "2511968": "2022-10-15T05:18:05"
    }
}[
    {
        "GHA": {}
    },
    {
        "Travis": []
    },
    {
        "CircleCI": []
    },
    {
        "AppVeyor": []
    },
    {
        "Azure": []
    },
    {
        "GitLab": []
    },
    {
        "Jenkins": []
    }
]