{
    "id": 523839737,
    "name": "swift-cassandra-client",
    "full_name": "apple/swift-cassandra-client",
    "org_name": "Apple",
    "org_id": 10639145,
    "created_at": "2022-08-11T19:10:53",
    "pushed_at": "2023-03-04T18:47:10",
    "updated_at": "2023-02-21T16:25:08",
    "isFork": false,
    "forks": 10,
    "forks_count": 10,
    "has_downloads": true,
    "has_issues": true,
    "has_pages": false,
    "has_projects": true,
    "has_wiki": true,
    "homepage": "https://swiftpackageindex.com/apple/swift-cassandra-client/main/documentation/cassandraclient",
    "language": "Swift",
    "open_issues": 2,
    "open_issues_count": 2,
    "size": 73,
    "stargazers_count": 71,
    "subscribers_count": 22,
    "watchers": 71,
    "watchers_count": 71,
    "first_commit": "2022-08-11T19:10:53",
    "last_commit": "2023-03-04T18:45:16",
    "branches_count": 1,
    "commit_comments_count": 0,
    "commits_count": 24,
    "countributors_count": 6,
    "downloads_count": 0,
    "events_count": 165,
    "issues_count": 2,
    "labels_count": 9,
    "milestones_count": 0,
    "PR_count": 18,
    "open_PR_count": 0,
    "readme_size": 5952,
    "release_count": 4,
    "topic_count": 0,
    "15_commits": 0,
    "16_commits": 0,
    "17_commits": 0,
    "18_commits": 0,
    "19_commits": 0,
    "20_commits": 0,
    "21_commits": 0,
    "22_commits": 19,
    "15_committer_num": 0,
    "16_committer_num": 0,
    "17_committer_num": 0,
    "18_committer_num": 0,
    "19_committer_num": 0,
    "20_committer_num": 0,
    "21_committer_num": 0,
    "22_committer_num": 4
}{
    "stargazer_date": {
        "66350348": "2022-12-08T13:15:58",
        "54699751": "2022-12-08T13:38:16",
        "73679364": "2022-12-08T15:49:06",
        "58792": "2022-12-08T16:10:02",
        "4048413": "2022-12-08T16:52:10",
        "112310": "2022-12-08T16:56:44",
        "30873659": "2022-12-08T17:21:39",
        "32314456": "2022-12-08T18:10:39",
        "217": "2022-12-08T18:57:37",
        "44094029": "2022-12-08T20:47:41",
        "74435372": "2022-12-08T21:03:04",
        "3506776": "2022-12-08T21:46:01",
        "3419766": "2022-12-08T21:58:53",
        "197572": "2022-12-09T01:26:45",
        "46420281": "2022-12-09T01:39:53",
        "69136340": "2022-12-09T04:39:08",
        "21194714": "2022-12-09T05:30:57",
        "15877106": "2022-12-09T07:08:58",
        "1182823": "2022-12-09T11:58:14",
        "6391776": "2022-12-09T12:02:27",
        "64329": "2022-12-09T13:28:23",
        "1639720": "2022-12-09T14:53:58",
        "6750147": "2022-12-09T15:52:38",
        "104471537": "2022-12-10T00:14:39",
        "20099646": "2022-12-10T09:17:34",
        "5513926": "2022-12-10T13:22:14",
        "44930823": "2022-12-11T19:44:57",
        "16192401": "2022-12-11T21:04:06",
        "1179735": "2022-12-12T02:00:23",
        "1294533": "2022-12-12T02:54:05",
        "16612247": "2022-12-12T05:02:05",
        "6951824": "2022-12-12T10:19:38",
        "116468656": "2022-12-13T04:41:02",
        "45997": "2022-12-13T22:21:39",
        "1367017": "2022-12-14T09:18:50",
        "4533485": "2022-12-16T06:20:00",
        "4632117": "2022-12-16T06:36:56",
        "3006800": "2022-12-16T07:57:54",
        "523041": "2022-12-16T11:28:21",
        "85322": "2022-12-16T11:40:43",
        "111370192": "2022-12-16T12:46:05",
        "6780861": "2022-12-16T13:38:06",
        "52051793": "2022-12-17T00:10:31",
        "7263139": "2022-12-17T13:24:30",
        "39869007": "2022-12-20T01:57:12",
        "16134919": "2022-12-22T16:19:45",
        "4116539": "2022-12-22T17:29:09",
        "59039044": "2022-12-22T19:59:41",
        "4175766": "2022-12-22T22:45:58",
        "16569451": "2022-12-22T23:48:32",
        "67184": "2022-12-23T03:22:17",
        "7384173": "2022-12-23T03:58:39",
        "8311605": "2022-12-23T14:45:36",
        "4928606": "2022-12-25T13:03:12",
        "958431": "2022-12-25T13:07:35",
        "42124": "2022-12-26T13:01:05",
        "5622950": "2022-12-26T20:43:16",
        "41112522": "2022-12-29T07:57:23",
        "5477711": "2023-01-02T14:54:15",
        "14821370": "2023-01-08T06:16:30",
        "71014390": "2023-01-11T01:07:18",
        "120979": "2023-01-11T13:37:10",
        "70748917": "2023-01-11T18:11:48",
        "1146925": "2023-01-14T19:39:33",
        "4888992": "2023-01-15T20:36:33",
        "11146538": "2023-01-19T09:24:00",
        "1915802": "2023-01-27T18:35:45",
        "7195235": "2023-02-03T20:03:08",
        "1652009": "2023-02-11T02:25:50",
        "99645829": "2023-02-17T02:35:35",
        "3480030": "2023-02-21T16:25:08"
    }
}[
    {
        "GHA": {}
    },
    {
        "Travis": []
    },
    {
        "CircleCI": []
    },
    {
        "AppVeyor": []
    },
    {
        "Azure": []
    },
    {
        "GitLab": []
    },
    {
        "Jenkins": []
    }
]