{
    "id": 534406234,
    "name": "ml-batchquant",
    "full_name": "apple/ml-batchquant",
    "org_name": "Apple",
    "org_id": 10639145,
    "created_at": "2022-09-08T21:55:42",
    "pushed_at": "2022-10-12T22:39:35",
    "updated_at": "2022-11-29T14:32:36",
    "isFork": false,
    "forks": 3,
    "forks_count": 3,
    "has_downloads": true,
    "has_issues": false,
    "has_pages": false,
    "has_projects": false,
    "has_wiki": false,
    "homepage": null,
    "language": "Python",
    "open_issues": 0,
    "open_issues_count": 0,
    "size": 79348,
    "stargazers_count": 16,
    "subscribers_count": 8,
    "watchers": 16,
    "watchers_count": 16,
    "first_commit": "2022-10-12T20:51:58",
    "last_commit": "2022-10-12T20:51:58",
    "branches_count": 1,
    "commit_comments_count": 0,
    "commits_count": 1,
    "countributors_count": 1,
    "downloads_count": 0,
    "events_count": 2,
    "issues_count": 0,
    "labels_count": 9,
    "milestones_count": 0,
    "PR_count": 0,
    "open_PR_count": 0,
    "readme_size": 2919,
    "release_count": 0,
    "topic_count": 0,
    "15_commits": 0,
    "16_commits": 0,
    "17_commits": 0,
    "18_commits": 0,
    "19_commits": 0,
    "20_commits": 0,
    "21_commits": 0,
    "22_commits": 1,
    "15_committer_num": 0,
    "16_committer_num": 0,
    "17_committer_num": 0,
    "18_committer_num": 0,
    "19_committer_num": 0,
    "20_committer_num": 0,
    "21_committer_num": 0,
    "22_committer_num": 1
}{
    "stargazer_date": {
        "774338": "2022-10-12T22:44:27",
        "217": "2022-10-12T23:37:22",
        "32314456": "2022-10-12T23:48:10",
        "11342500": "2022-10-13T00:34:38",
        "90103428": "2022-10-13T02:50:08",
        "45692264": "2022-10-13T05:53:15",
        "42747613": "2022-10-13T07:50:29",
        "58570245": "2022-10-13T11:24:22",
        "53270689": "2022-10-13T11:48:27",
        "73679364": "2022-10-13T13:57:38",
        "65306693": "2022-10-15T18:40:20",
        "27942703": "2022-10-17T05:39:32",
        "62504240": "2022-10-19T18:05:21",
        "30775753": "2022-11-03T16:22:53",
        "25412544": "2022-11-24T07:14:35",
        "45968071": "2022-11-29T14:32:36"
    }
}[
    {
        "GHA": {}
    },
    {
        "Travis": []
    },
    {
        "CircleCI": []
    },
    {
        "AppVeyor": []
    },
    {
        "Azure": []
    },
    {
        "GitLab": []
    },
    {
        "Jenkins": []
    }
]