{
    "id": 550512036,
    "name": "AudioUnit-Examples",
    "full_name": "apple/AudioUnit-Examples",
    "org_name": "Apple",
    "org_id": 10639145,
    "created_at": "2022-10-12T22:28:26",
    "pushed_at": "2022-11-08T10:52:05",
    "updated_at": "2023-02-25T22:38:08",
    "isFork": false,
    "forks": 4,
    "forks_count": 4,
    "has_downloads": true,
    "has_issues": false,
    "has_pages": false,
    "has_projects": false,
    "has_wiki": false,
    "homepage": "",
    "language": "Swift",
    "open_issues": 0,
    "open_issues_count": 0,
    "size": 58,
    "stargazers_count": 39,
    "subscribers_count": 10,
    "watchers": 39,
    "watchers_count": 39,
    "first_commit": "2022-11-08T10:51:34",
    "last_commit": "2022-11-08T10:51:34",
    "branches_count": 1,
    "commit_comments_count": 0,
    "commits_count": 1,
    "countributors_count": 0,
    "downloads_count": 0,
    "events_count": 9,
    "issues_count": 0,
    "labels_count": 9,
    "milestones_count": 0,
    "PR_count": 0,
    "open_PR_count": 0,
    "readme_size": 721,
    "release_count": 0,
    "topic_count": 0,
    "15_commits": 0,
    "16_commits": 0,
    "17_commits": 0,
    "18_commits": 0,
    "19_commits": 0,
    "20_commits": 0,
    "21_commits": 0,
    "22_commits": 1,
    "15_committer_num": 0,
    "16_committer_num": 0,
    "17_committer_num": 0,
    "18_committer_num": 0,
    "19_committer_num": 0,
    "20_committer_num": 0,
    "21_committer_num": 0,
    "22_committer_num": 0
}{
    "stargazer_date": {
        "89894310": "2022-11-08T18:25:33",
        "144384": "2022-11-08T19:00:08",
        "96641477": "2022-11-08T19:02:38",
        "217": "2022-11-08T19:29:38",
        "16867601": "2022-11-08T20:06:55",
        "81876891": "2022-11-08T20:07:22",
        "1611755": "2022-11-08T20:28:40",
        "83694": "2022-11-08T20:58:34",
        "73679364": "2022-11-08T22:24:46",
        "68322456": "2022-11-09T02:24:36",
        "27864573": "2022-11-09T02:42:20",
        "3838258": "2022-11-09T04:16:17",
        "304837": "2022-11-09T09:10:52",
        "2311352": "2022-11-09T10:57:17",
        "774338": "2022-11-09T11:03:47",
        "2085458": "2022-11-09T12:17:38",
        "5828610": "2022-11-09T12:39:26",
        "59319407": "2022-11-09T12:40:45",
        "15936908": "2022-11-09T14:31:02",
        "116468656": "2022-11-09T20:22:04",
        "318465": "2022-11-09T22:42:13",
        "11279720": "2022-11-10T13:42:02",
        "89451982": "2022-11-11T14:00:02",
        "29674116": "2022-11-11T18:17:17",
        "655662": "2022-11-16T16:43:00",
        "13265148": "2022-11-16T18:33:34",
        "10887500": "2022-11-16T22:17:16",
        "2419578": "2022-11-17T07:34:21",
        "7632833": "2022-11-18T07:51:15",
        "101247955": "2022-11-22T19:09:32",
        "57859921": "2022-11-23T09:54:27",
        "68231035": "2022-12-01T07:46:06",
        "399864": "2022-12-14T07:18:34",
        "31005177": "2023-01-10T19:00:35",
        "3521360": "2023-01-14T13:51:37",
        "6738144": "2023-02-02T02:41:11",
        "32716": "2023-02-03T06:17:24",
        "27846000": "2023-02-13T10:00:24",
        "126350705": "2023-02-25T22:38:08"
    }
}[
    {
        "GHA": {}
    },
    {
        "Travis": []
    },
    {
        "CircleCI": []
    },
    {
        "AppVeyor": []
    },
    {
        "Azure": []
    },
    {
        "GitLab": []
    },
    {
        "Jenkins": []
    }
]