{
    "id": 559012777,
    "name": "swift-asn1",
    "full_name": "apple/swift-asn1",
    "org_name": "Apple",
    "org_id": 10639145,
    "created_at": "2022-10-28T20:27:12",
    "pushed_at": "2023-03-08T12:27:03",
    "updated_at": "2023-03-10T02:00:36",
    "isFork": false,
    "forks": 4,
    "forks_count": 4,
    "has_downloads": true,
    "has_issues": true,
    "has_pages": false,
    "has_projects": false,
    "has_wiki": false,
    "homepage": "https://swiftpackageindex.com/apple/swift-asn1/main/documentation/swiftasn1",
    "language": "Swift",
    "open_issues": 0,
    "open_issues_count": 0,
    "size": 193,
    "stargazers_count": 62,
    "subscribers_count": 108,
    "watchers": 62,
    "watchers_count": 62,
    "first_commit": "2021-01-05T15:33:18",
    "last_commit": "2023-03-08T12:27:03",
    "branches_count": 1,
    "commit_comments_count": 0,
    "commits_count": 50,
    "countributors_count": 5,
    "downloads_count": 0,
    "events_count": 224,
    "issues_count": 0,
    "labels_count": 9,
    "milestones_count": 0,
    "PR_count": 20,
    "open_PR_count": 0,
    "readme_size": 2583,
    "release_count": 4,
    "topic_count": 3,
    "15_commits": 0,
    "16_commits": 0,
    "17_commits": 0,
    "18_commits": 0,
    "19_commits": 0,
    "20_commits": 0,
    "21_commits": 0,
    "22_commits": 20,
    "15_committer_num": 0,
    "16_committer_num": 0,
    "17_committer_num": 0,
    "18_committer_num": 0,
    "19_committer_num": 0,
    "20_committer_num": 0,
    "21_committer_num": 0,
    "22_committer_num": 2
}{
    "stargazer_date": {
        "91972571": "2023-03-02T17:43:34",
        "2066707": "2023-03-02T18:12:27",
        "453705": "2023-03-02T18:50:47",
        "217": "2023-03-02T19:26:46",
        "112310": "2023-03-02T20:11:22",
        "653000": "2023-03-02T20:12:35",
        "43388": "2023-03-02T20:27:21",
        "30873659": "2023-03-02T21:11:06",
        "7263139": "2023-03-02T21:15:05",
        "11971659": "2023-03-03T00:01:33",
        "6925196": "2023-03-03T02:19:09",
        "5098753": "2023-03-03T02:50:14",
        "3419766": "2023-03-03T07:43:29",
        "181436": "2023-03-03T08:16:19",
        "44228394": "2023-03-03T08:20:24",
        "16192401": "2023-03-03T08:46:17",
        "7384173": "2023-03-03T10:45:31",
        "523041": "2023-03-03T11:43:25",
        "26525394": "2023-03-03T12:37:50",
        "1652009": "2023-03-03T12:40:10",
        "276137": "2023-03-03T14:01:19",
        "33383463": "2023-03-03T15:17:04",
        "1885663": "2023-03-03T22:12:52",
        "18619074": "2023-03-04T00:52:30",
        "79260136": "2023-03-04T21:21:31",
        "2556986": "2023-03-05T06:06:01",
        "63290217": "2023-03-05T12:14:28",
        "10102561": "2023-03-05T16:47:14",
        "126044984": "2023-03-06T10:35:40",
        "54685446": "2023-03-06T17:49:27",
        "6494442": "2023-03-06T21:19:39",
        "3396041": "2023-03-07T07:21:23",
        "47308743": "2023-03-07T09:05:04",
        "537556": "2023-03-07T13:42:51",
        "9477376": "2023-03-07T16:01:32",
        "721474": "2023-03-07T16:01:48",
        "337422": "2023-03-07T16:02:37",
        "594059": "2023-03-07T16:36:16",
        "330813": "2023-03-07T16:46:05",
        "53080024": "2023-03-07T17:36:24",
        "21194714": "2023-03-07T22:43:25",
        "26103979": "2023-03-07T23:26:20",
        "1920783": "2023-03-08T00:02:49",
        "60305070": "2023-03-08T02:47:29",
        "331469": "2023-03-08T03:23:05",
        "637026": "2023-03-08T03:33:28",
        "1179735": "2023-03-08T03:35:51",
        "301036": "2023-03-08T04:53:19",
        "67727096": "2023-03-08T05:10:39",
        "2396817": "2023-03-08T05:19:55",
        "665595": "2023-03-08T05:49:41",
        "32753167": "2023-03-08T08:23:37",
        "5688874": "2023-03-08T09:56:37",
        "35950530": "2023-03-08T10:09:07",
        "160733": "2023-03-08T21:34:22",
        "8962989": "2023-03-08T22:52:07",
        "1557594": "2023-03-09T08:44:16",
        "748913": "2023-03-09T10:39:27",
        "1144200": "2023-03-09T13:01:29",
        "3604888": "2023-03-09T17:10:26",
        "5774715": "2023-03-10T01:28:36",
        "69394337": "2023-03-10T02:00:36"
    }
}[
    {
        "GHA": {}
    },
    {
        "Travis": []
    },
    {
        "CircleCI": []
    },
    {
        "AppVeyor": []
    },
    {
        "Azure": []
    },
    {
        "GitLab": []
    },
    {
        "Jenkins": []
    }
]