{
    "id": 608245442,
    "name": "MaterialX",
    "full_name": "apple/MaterialX",
    "org_name": "Apple",
    "org_id": 10639145,
    "created_at": "2023-03-01T16:09:28",
    "pushed_at": "2023-03-02T15:24:56",
    "updated_at": "2023-03-02T21:34:59",
    "isFork": true,
    "forks": 1,
    "forks_count": 1,
    "has_downloads": true,
    "has_issues": false,
    "has_pages": false,
    "has_projects": false,
    "has_wiki": false,
    "homepage": "http://www.materialx.org/",
    "language": null,
    "open_issues": 0,
    "open_issues_count": 0,
    "size": 194326,
    "stargazers_count": 8,
    "subscribers_count": 0,
    "watchers": 8,
    "watchers_count": 8,
    "first_commit": "2022-10-26T23:44:33",
    "last_commit": "2023-02-28T05:23:20",
    "branches_count": 3,
    "commit_comments_count": 0,
    "commits_count": 1106,
    "countributors_count": 44,
    "downloads_count": 0,
    "events_count": 29,
    "issues_count": 0,
    "labels_count": 9,
    "milestones_count": 0,
    "PR_count": 0,
    "open_PR_count": 0,
    "readme_size": 5017,
    "release_count": 2,
    "topic_count": 0,
    "15_commits": 0,
    "16_commits": 0,
    "17_commits": 140,
    "18_commits": 166,
    "19_commits": 146,
    "20_commits": 178,
    "21_commits": 161,
    "22_commits": 264,
    "15_committer_num": 0,
    "16_committer_num": 0,
    "17_committer_num": 5,
    "18_committer_num": 5,
    "19_committer_num": 8,
    "20_committer_num": 11,
    "21_committer_num": 13,
    "22_committer_num": 20
}{
    "stargazer_date": {
        "42747613": "2023-03-01T19:38:34",
        "2497799": "2023-03-01T21:03:59",
        "92918486": "2023-03-01T21:06:49",
        "87697556": "2023-03-02T12:59:07",
        "2895753": "2023-03-02T19:58:09",
        "6146549": "2023-03-02T20:21:51",
        "3663466": "2023-03-02T21:11:53",
        "7041726": "2023-03-02T21:34:59"
    }
}[
    {
        "GHA": [
            {
                "file_name": ".github/workflows/main.yml",
                "commit_date": "2023-02-10T02:04:46",
                "status": "modified",
                "first_commit": "2021-02-10T00:00:03",
                "last_commit": "2023-02-10T02:04:46",
                "CI_type": "GHA",
                "sha": "ba9d504ae3596ce484deadf842e9358909734c98"
            },
            {
                "file_name": ".github/workflows/main.yml",
                "commit_date": "2023-01-27T23:34:23",
                "status": "modified",
                "first_commit": "2021-02-10T00:00:03",
                "last_commit": "2023-02-10T02:04:46",
                "CI_type": "GHA",
                "sha": "ec0f81f542add51b1e0043292d198866d08f766b"
            },
            {
                "file_name": ".github/workflows/main.yml",
                "commit_date": "2023-01-27T20:43:08",
                "status": "modified",
                "first_commit": "2021-02-10T00:00:03",
                "last_commit": "2023-02-10T02:04:46",
                "CI_type": "GHA",
                "sha": "a9fd85f9ef4dee3603f41d059ead286e814cb279"
            },
            {
                "file_name": ".github/workflows/main.yml",
                "commit_date": "2023-01-16T04:02:03",
                "status": "modified",
                "first_commit": "2021-02-10T00:00:03",
                "last_commit": "2023-02-10T02:04:46",
                "CI_type": "GHA",
                "sha": "eab70e5fa2230f189f3c5214240364156fb0ad97"
            },
            {
                "file_name": ".github/workflows/main.yml",
                "commit_date": "2022-12-29T20:55:18",
                "status": "modified",
                "first_commit": "2021-02-10T00:00:03",
                "last_commit": "2023-02-10T02:04:46",
                "CI_type": "GHA",
                "sha": "1c50fb9430c8154a9459740b5ec2caeeb19e7ff3"
            },
            {
                "file_name": ".github/workflows/main.yml",
                "commit_date": "2022-12-26T23:18:53",
                "status": "modified",
                "first_commit": "2021-02-10T00:00:03",
                "last_commit": "2023-02-10T02:04:46",
                "CI_type": "GHA",
                "sha": "39e0c5b9e2a1588845bf7c366eec128d1db77e8f"
            },
            {
                "file_name": ".github/workflows/main.yml",
                "commit_date": "2022-12-14T01:35:12",
                "status": "modified",
                "first_commit": "2021-02-10T00:00:03",
                "last_commit": "2023-02-10T02:04:46",
                "CI_type": "GHA",
                "sha": "c7f245daaaad55fb26467ae5211bff407edcfcdf"
            },
            {
                "file_name": ".github/workflows/main.yml",
                "commit_date": "2022-10-15T01:07:00",
                "status": "modified",
                "first_commit": "2021-02-10T00:00:03",
                "last_commit": "2023-02-10T02:04:46",
                "CI_type": "GHA",
                "sha": "65171f6f40fb2486152043eee851017cef231896"
            },
            {
                "file_name": ".github/workflows/main.yml",
                "commit_date": "2022-09-16T17:33:48",
                "status": "modified",
                "first_commit": "2021-02-10T00:00:03",
                "last_commit": "2023-02-10T02:04:46",
                "CI_type": "GHA",
                "sha": "390d1b30628675258b514d0aba78c651f87c3e1c"
            },
            {
                "file_name": ".github/workflows/main.yml",
                "commit_date": "2022-09-16T15:46:49",
                "status": "modified",
                "first_commit": "2021-02-10T00:00:03",
                "last_commit": "2023-02-10T02:04:46",
                "CI_type": "GHA",
                "sha": "4c3f6ddcb312a19a3085f1f7476d59ac810d0421"
            },
            {
                "file_name": ".github/workflows/main.yml",
                "commit_date": "2022-09-14T00:37:54",
                "status": "modified",
                "first_commit": "2021-02-10T00:00:03",
                "last_commit": "2023-02-10T02:04:46",
                "CI_type": "GHA",
                "sha": "bdb20ccd8bab0b808756024d2a9764029dc98230"
            },
            {
                "file_name": ".github/workflows/main.yml",
                "commit_date": "2022-06-24T20:34:00",
                "status": "modified",
                "first_commit": "2021-02-10T00:00:03",
                "last_commit": "2023-02-10T02:04:46",
                "CI_type": "GHA",
                "sha": "cdcafa747a33535fedf45000f2163b035d5c0bd2"
            },
            {
                "file_name": ".github/workflows/main.yml",
                "commit_date": "2022-06-04T23:54:55",
                "status": "modified",
                "first_commit": "2021-02-10T00:00:03",
                "last_commit": "2023-02-10T02:04:46",
                "CI_type": "GHA",
                "sha": "e05f7e9e58835e47b0567ac8286b3561dca084f3"
            },
            {
                "file_name": ".github/workflows/main.yml",
                "commit_date": "2022-06-03T03:51:38",
                "status": "modified",
                "first_commit": "2021-02-10T00:00:03",
                "last_commit": "2023-02-10T02:04:46",
                "CI_type": "GHA",
                "sha": "9773f0fb5e6eba4f4592a46a0c072d6378064b5d"
            },
            {
                "file_name": ".github/workflows/main.yml",
                "commit_date": "2022-06-01T18:33:40",
                "status": "modified",
                "first_commit": "2021-02-10T00:00:03",
                "last_commit": "2023-02-10T02:04:46",
                "CI_type": "GHA",
                "sha": "c739963e95d0b57429c8502cb5143611d3dba71b"
            },
            {
                "file_name": ".github/workflows/main.yml",
                "commit_date": "2022-05-23T23:18:58",
                "status": "modified",
                "first_commit": "2021-02-10T00:00:03",
                "last_commit": "2023-02-10T02:04:46",
                "CI_type": "GHA",
                "sha": "6f6a33f3c936b46a8019532c682de5bd6f3e922c"
            },
            {
                "file_name": ".github/workflows/main.yml",
                "commit_date": "2022-05-17T03:10:16",
                "status": "modified",
                "first_commit": "2021-02-10T00:00:03",
                "last_commit": "2023-02-10T02:04:46",
                "CI_type": "GHA",
                "sha": "f5026359db15330195ea848ebc523963d80c1a84"
            },
            {
                "file_name": ".github/workflows/main.yml",
                "commit_date": "2022-05-16T02:52:39",
                "status": "modified",
                "first_commit": "2021-02-10T00:00:03",
                "last_commit": "2023-02-10T02:04:46",
                "CI_type": "GHA",
                "sha": "fc058240e611851a51f9a51e610f8e85fd1089b7"
            },
            {
                "file_name": ".github/workflows/main.yml",
                "commit_date": "2022-05-16T00:28:58",
                "status": "modified",
                "first_commit": "2021-02-10T00:00:03",
                "last_commit": "2023-02-10T02:04:46",
                "CI_type": "GHA",
                "sha": "9d07993ed9c0b91785a05c5d4dff73db1add0a98"
            },
            {
                "file_name": ".github/workflows/main.yml",
                "commit_date": "2022-05-12T04:00:15",
                "status": "modified",
                "first_commit": "2021-02-10T00:00:03",
                "last_commit": "2023-02-10T02:04:46",
                "CI_type": "GHA",
                "sha": "e381345ae3994268237300a24b4a04056bf23407"
            },
            {
                "file_name": ".github/workflows/main.yml",
                "commit_date": "2022-05-10T21:49:30",
                "status": "modified",
                "first_commit": "2021-02-10T00:00:03",
                "last_commit": "2023-02-10T02:04:46",
                "CI_type": "GHA",
                "sha": "b1ba83b312576fc58f02a6a7db40b18ddbe4f87f"
            },
            {
                "file_name": ".github/workflows/main.yml",
                "commit_date": "2022-05-03T20:04:50",
                "status": "modified",
                "first_commit": "2021-02-10T00:00:03",
                "last_commit": "2023-02-10T02:04:46",
                "CI_type": "GHA",
                "sha": "cf34c8030fbbd499c4b8c132e03ba65ea49ffb3e"
            },
            {
                "file_name": ".github/workflows/main.yml",
                "commit_date": "2022-04-08T20:47:59",
                "status": "modified",
                "first_commit": "2021-02-10T00:00:03",
                "last_commit": "2023-02-10T02:04:46",
                "CI_type": "GHA",
                "sha": "322fd07a47195d3bfa7d58aece41924c8b47fe94"
            },
            {
                "file_name": ".github/workflows/main.yml",
                "commit_date": "2022-03-20T19:36:01",
                "status": "modified",
                "first_commit": "2021-02-10T00:00:03",
                "last_commit": "2023-02-10T02:04:46",
                "CI_type": "GHA",
                "sha": "9a2adad45818bff428e9e373bd6456d6b90b0ecf"
            },
            {
                "file_name": ".github/workflows/main.yml",
                "commit_date": "2022-03-07T05:20:16",
                "status": "modified",
                "first_commit": "2021-02-10T00:00:03",
                "last_commit": "2023-02-10T02:04:46",
                "CI_type": "GHA",
                "sha": "cc103c71a10f215c17ca3f591f127a7347882bec"
            },
            {
                "file_name": ".github/workflows/main.yml",
                "commit_date": "2022-03-06T17:44:58",
                "status": "modified",
                "first_commit": "2021-02-10T00:00:03",
                "last_commit": "2023-02-10T02:04:46",
                "CI_type": "GHA",
                "sha": "4718ec5cb59645d707ac464f09284cb9f2e061f0"
            },
            {
                "file_name": ".github/workflows/main.yml",
                "commit_date": "2022-01-26T00:21:48",
                "status": "modified",
                "first_commit": "2021-02-10T00:00:03",
                "last_commit": "2023-02-10T02:04:46",
                "CI_type": "GHA",
                "sha": "4798fac75258e55aed90873e141c26f478af0f4f"
            },
            {
                "file_name": ".github/workflows/main.yml",
                "commit_date": "2022-01-25T18:51:34",
                "status": "modified",
                "first_commit": "2021-02-10T00:00:03",
                "last_commit": "2023-02-10T02:04:46",
                "CI_type": "GHA",
                "sha": "e90914198b604a1e6cfb46d25cc42a79c89ebf58"
            },
            {
                "file_name": ".github/workflows/main.yml",
                "commit_date": "2022-01-06T00:45:31",
                "status": "modified",
                "first_commit": "2021-02-10T00:00:03",
                "last_commit": "2023-02-10T02:04:46",
                "CI_type": "GHA",
                "sha": "be6f87a9a79532f7333598b35a95d1b01b3246d2"
            },
            {
                "file_name": ".github/workflows/main.yml",
                "commit_date": "2022-01-04T22:52:44",
                "status": "modified",
                "first_commit": "2021-02-10T00:00:03",
                "last_commit": "2023-02-10T02:04:46",
                "CI_type": "GHA",
                "sha": "e4fa6779bf657d7c0b0ebc6dd3d546bddfbe5d3a"
            },
            {
                "file_name": ".github/workflows/main.yml",
                "commit_date": "2021-12-27T00:37:52",
                "status": "modified",
                "first_commit": "2021-02-10T00:00:03",
                "last_commit": "2023-02-10T02:04:46",
                "CI_type": "GHA",
                "sha": "07faec7c89b00d7a3ce40584d04ea06953157a99"
            },
            {
                "file_name": ".github/workflows/main.yml",
                "commit_date": "2021-12-21T20:59:23",
                "status": "modified",
                "first_commit": "2021-02-10T00:00:03",
                "last_commit": "2023-02-10T02:04:46",
                "CI_type": "GHA",
                "sha": "e79dcbb39066d8003be85cd52b3170561d9d9e67"
            },
            {
                "file_name": ".github/workflows/main.yml",
                "commit_date": "2021-11-30T19:21:11",
                "status": "modified",
                "first_commit": "2021-02-10T00:00:03",
                "last_commit": "2023-02-10T02:04:46",
                "CI_type": "GHA",
                "sha": "a2bd5c5b555d9d90a7f60012db2ad13753a26f2d"
            },
            {
                "file_name": ".github/workflows/main.yml",
                "commit_date": "2021-11-18T02:20:26",
                "status": "modified",
                "first_commit": "2021-02-10T00:00:03",
                "last_commit": "2023-02-10T02:04:46",
                "CI_type": "GHA",
                "sha": "d3108c6df9c0dc86a727080f1bb23b2b5551cd94"
            },
            {
                "file_name": ".github/workflows/main.yml",
                "commit_date": "2021-11-15T23:59:39",
                "status": "modified",
                "first_commit": "2021-02-10T00:00:03",
                "last_commit": "2023-02-10T02:04:46",
                "CI_type": "GHA",
                "sha": "be4301f7ec0813476dc0aba89e63adccd8192c7f"
            },
            {
                "file_name": ".github/workflows/main.yml",
                "commit_date": "2021-10-21T14:57:23",
                "status": "modified",
                "first_commit": "2021-02-10T00:00:03",
                "last_commit": "2023-02-10T02:04:46",
                "CI_type": "GHA",
                "sha": "cc9725ea7e119cd501a00a4fe72bc5bb13cc1744"
            },
            {
                "file_name": ".github/workflows/main.yml",
                "commit_date": "2021-10-19T16:37:35",
                "status": "modified",
                "first_commit": "2021-02-10T00:00:03",
                "last_commit": "2023-02-10T02:04:46",
                "CI_type": "GHA",
                "sha": "038d5c271af76ab4aa61e383ffefbace2f1a7372"
            },
            {
                "file_name": ".github/workflows/main.yml",
                "commit_date": "2021-10-08T17:37:17",
                "status": "modified",
                "first_commit": "2021-02-10T00:00:03",
                "last_commit": "2023-02-10T02:04:46",
                "CI_type": "GHA",
                "sha": "6fc57f64cc85bb3343b85c03f757a5cecf1893f4"
            },
            {
                "file_name": ".github/workflows/main.yml",
                "commit_date": "2021-10-05T00:04:35",
                "status": "modified",
                "first_commit": "2021-02-10T00:00:03",
                "last_commit": "2023-02-10T02:04:46",
                "CI_type": "GHA",
                "sha": "ee3df457201295de0bb71469dcdc90bd64e6ad88"
            },
            {
                "file_name": ".github/workflows/main.yml",
                "commit_date": "2021-07-24T05:50:59",
                "status": "modified",
                "first_commit": "2021-02-10T00:00:03",
                "last_commit": "2023-02-10T02:04:46",
                "CI_type": "GHA",
                "sha": "7b1b31d3c03d4a02b2c7f2ddb961899771c67c53"
            },
            {
                "file_name": ".github/workflows/main.yml",
                "commit_date": "2021-06-25T23:17:30",
                "status": "modified",
                "first_commit": "2021-02-10T00:00:03",
                "last_commit": "2023-02-10T02:04:46",
                "CI_type": "GHA",
                "sha": "2c2eef6fcfd750a1fe73adeac97c8123ff8d569c"
            },
            {
                "file_name": ".github/workflows/main.yml",
                "commit_date": "2021-05-02T18:52:15",
                "status": "modified",
                "first_commit": "2021-02-10T00:00:03",
                "last_commit": "2023-02-10T02:04:46",
                "CI_type": "GHA",
                "sha": "4ca33a1b7033106d9c7f3cb378267867b60e1bd8"
            },
            {
                "file_name": ".github/workflows/main.yml",
                "commit_date": "2021-02-28T23:31:01",
                "status": "modified",
                "first_commit": "2021-02-10T00:00:03",
                "last_commit": "2023-02-10T02:04:46",
                "CI_type": "GHA",
                "sha": "450f8bb2a9e09bfb40e0c876c42af6c357601bfe"
            },
            {
                "file_name": ".github/workflows/main.yml",
                "commit_date": "2021-02-10T00:00:03",
                "status": "renamed",
                "first_commit": "2021-02-10T00:00:03",
                "last_commit": "2023-02-10T02:04:46",
                "CI_type": "GHA",
                "sha": "e954329e29480ca2b2d05e437a018c0685a8d62b"
            },
            {
                "file_name": ".github/workflows/build.yml",
                "commit_date": "2021-02-10T00:00:03",
                "status": null,
                "first_commit": "2020-09-30T01:47:56",
                "last_commit": "2021-02-10T00:00:03",
                "CI_type": "GHA",
                "sha": "e954329e29480ca2b2d05e437a018c0685a8d62b"
            },
            {
                "file_name": ".github/workflows/build.yml",
                "commit_date": "2021-02-03T02:41:09",
                "status": "modified",
                "first_commit": "2020-09-30T01:47:56",
                "last_commit": "2021-02-10T00:00:03",
                "CI_type": "GHA",
                "sha": "1b60c4ed03aa636c2cabb46d967fdfd62d450dfb"
            },
            {
                "file_name": ".github/workflows/build.yml",
                "commit_date": "2021-02-01T16:48:47",
                "status": "modified",
                "first_commit": "2020-09-30T01:47:56",
                "last_commit": "2021-02-10T00:00:03",
                "CI_type": "GHA",
                "sha": "9197ee9b8367c45044cc8ad2996996314ffcf219"
            },
            {
                "file_name": ".github/workflows/build.yml",
                "commit_date": "2020-12-18T19:55:19",
                "status": "modified",
                "first_commit": "2020-09-30T01:47:56",
                "last_commit": "2021-02-10T00:00:03",
                "CI_type": "GHA",
                "sha": "442b8a9d256a710781729fa97217c38d7c6744de"
            },
            {
                "file_name": ".github/workflows/build.yml",
                "commit_date": "2020-12-12T20:27:00",
                "status": "modified",
                "first_commit": "2020-09-30T01:47:56",
                "last_commit": "2021-02-10T00:00:03",
                "CI_type": "GHA",
                "sha": "f26db8285f0db2648cf3a251a88d742a081fe329"
            },
            {
                "file_name": ".github/workflows/build.yml",
                "commit_date": "2020-12-09T20:42:38",
                "status": "modified",
                "first_commit": "2020-09-30T01:47:56",
                "last_commit": "2021-02-10T00:00:03",
                "CI_type": "GHA",
                "sha": "8ada8f3c1ea886f1bdbdc60138f52bbadc4d726a"
            },
            {
                "file_name": ".github/workflows/build.yml",
                "commit_date": "2020-12-07T18:41:02",
                "status": "modified",
                "first_commit": "2020-09-30T01:47:56",
                "last_commit": "2021-02-10T00:00:03",
                "CI_type": "GHA",
                "sha": "ce63fd45d9ad94cc1ba37dd2faef0695eca15e6d"
            },
            {
                "file_name": ".github/workflows/build.yml",
                "commit_date": "2020-12-03T05:06:04",
                "status": "modified",
                "first_commit": "2020-09-30T01:47:56",
                "last_commit": "2021-02-10T00:00:03",
                "CI_type": "GHA",
                "sha": "b1a2d0eebd01583d2831317180be1f43438753ff"
            },
            {
                "file_name": ".github/workflows/build.yml",
                "commit_date": "2020-11-09T02:07:25",
                "status": "modified",
                "first_commit": "2020-09-30T01:47:56",
                "last_commit": "2021-02-10T00:00:03",
                "CI_type": "GHA",
                "sha": "45324365ed48681ab427bc90f2eae2992a84a49c"
            },
            {
                "file_name": ".github/workflows/build.yml",
                "commit_date": "2020-10-02T15:40:34",
                "status": "modified",
                "first_commit": "2020-09-30T01:47:56",
                "last_commit": "2021-02-10T00:00:03",
                "CI_type": "GHA",
                "sha": "d906abf7f6628e4a76f83b866a8706b967f47b11"
            },
            {
                "file_name": ".github/workflows/build.yml",
                "commit_date": "2020-09-30T17:06:03",
                "status": "modified",
                "first_commit": "2020-09-30T01:47:56",
                "last_commit": "2021-02-10T00:00:03",
                "CI_type": "GHA",
                "sha": "ba05cc7c61168c051d64ecde4d01232995cf6084"
            },
            {
                "file_name": ".github/workflows/build.yml",
                "commit_date": "2020-09-30T01:47:56",
                "status": "added",
                "first_commit": "2020-09-30T01:47:56",
                "last_commit": "2021-02-10T00:00:03",
                "CI_type": "GHA",
                "sha": "970923732c1a4ad62afe576f326cf03fe40a0f9b"
            }
        ]
    },
    {
        "Travis": [
            {
                "file_name": "/.travis.yml",
                "commit_date": "2020-11-08T23:28:25",
                "status": "removed",
                "first_commit": "2017-08-14T22:46:22",
                "last_commit": "2020-11-08T23:28:25",
                "CI_type": "Travis",
                "sha": "65fb4e86e0d7c028eee9f96bda5dcec8b0651756"
            },
            {
                "file_name": "/.travis.yml",
                "commit_date": "2020-09-20T03:11:06",
                "status": "modified",
                "first_commit": "2017-08-14T22:46:22",
                "last_commit": "2020-11-08T23:28:25",
                "CI_type": "Travis",
                "sha": "45c4e4aa78946e652ae11dd8fa66cba0d5faa452"
            },
            {
                "file_name": "/.travis.yml",
                "commit_date": "2020-05-23T03:16:51",
                "status": "modified",
                "first_commit": "2017-08-14T22:46:22",
                "last_commit": "2020-11-08T23:28:25",
                "CI_type": "Travis",
                "sha": "abb5e03d9786ebe2c025c879b12cce5f6aa2f072"
            },
            {
                "file_name": "/.travis.yml",
                "commit_date": "2020-04-03T21:02:31",
                "status": "modified",
                "first_commit": "2017-08-14T22:46:22",
                "last_commit": "2020-11-08T23:28:25",
                "CI_type": "Travis",
                "sha": "8a1e13e92b72469bc08c9d2dde0712c71917fdb8"
            },
            {
                "file_name": "/.travis.yml",
                "commit_date": "2020-03-27T14:56:05",
                "status": "modified",
                "first_commit": "2017-08-14T22:46:22",
                "last_commit": "2020-11-08T23:28:25",
                "CI_type": "Travis",
                "sha": "eca01b4cf8a68c5a0fa28668d43e7ca6ad67b6d8"
            },
            {
                "file_name": "/.travis.yml",
                "commit_date": "2020-03-05T23:34:52",
                "status": "modified",
                "first_commit": "2017-08-14T22:46:22",
                "last_commit": "2020-11-08T23:28:25",
                "CI_type": "Travis",
                "sha": "0458a9dc594b9d72f64a0bf9eb4c90939c20f526"
            },
            {
                "file_name": "/.travis.yml",
                "commit_date": "2020-01-18T00:14:13",
                "status": "modified",
                "first_commit": "2017-08-14T22:46:22",
                "last_commit": "2020-11-08T23:28:25",
                "CI_type": "Travis",
                "sha": "af6c292dda2c539832e626fe0595503a57fd94e8"
            },
            {
                "file_name": "/.travis.yml",
                "commit_date": "2020-01-03T18:53:28",
                "status": "modified",
                "first_commit": "2017-08-14T22:46:22",
                "last_commit": "2020-11-08T23:28:25",
                "CI_type": "Travis",
                "sha": "2863c9a60650803165f6556ada6dcfda66c90473"
            },
            {
                "file_name": "/.travis.yml",
                "commit_date": "2019-12-05T00:43:32",
                "status": "modified",
                "first_commit": "2017-08-14T22:46:22",
                "last_commit": "2020-11-08T23:28:25",
                "CI_type": "Travis",
                "sha": "614371a02545d51bc52405f0e7dfb8d43900ae06"
            },
            {
                "file_name": "/.travis.yml",
                "commit_date": "2019-11-11T22:35:15",
                "status": "modified",
                "first_commit": "2017-08-14T22:46:22",
                "last_commit": "2020-11-08T23:28:25",
                "CI_type": "Travis",
                "sha": "888dfd843ade008c645b80bf3fa5b75ae4a0275d"
            },
            {
                "file_name": "/.travis.yml",
                "commit_date": "2019-11-11T05:02:29",
                "status": "modified",
                "first_commit": "2017-08-14T22:46:22",
                "last_commit": "2020-11-08T23:28:25",
                "CI_type": "Travis",
                "sha": "9542c6a4bca6458a3aadd82089775a5e8b17acb4"
            },
            {
                "file_name": "/.travis.yml",
                "commit_date": "2019-08-27T04:29:21",
                "status": "modified",
                "first_commit": "2017-08-14T22:46:22",
                "last_commit": "2020-11-08T23:28:25",
                "CI_type": "Travis",
                "sha": "95b484ef400739ee250414124865499b82d6c5c1"
            },
            {
                "file_name": "/.travis.yml",
                "commit_date": "2019-08-06T23:47:02",
                "status": "modified",
                "first_commit": "2017-08-14T22:46:22",
                "last_commit": "2020-11-08T23:28:25",
                "CI_type": "Travis",
                "sha": "a644263bb457785088e6ee2486b56de7bcaa6dec"
            },
            {
                "file_name": "/.travis.yml",
                "commit_date": "2019-05-02T17:36:13",
                "status": "modified",
                "first_commit": "2017-08-14T22:46:22",
                "last_commit": "2020-11-08T23:28:25",
                "CI_type": "Travis",
                "sha": "2036a4d9ea87b258ae6e47c4c85c6393fa76553f"
            },
            {
                "file_name": "/.travis.yml",
                "commit_date": "2019-03-15T22:46:34",
                "status": "modified",
                "first_commit": "2017-08-14T22:46:22",
                "last_commit": "2020-11-08T23:28:25",
                "CI_type": "Travis",
                "sha": "749bb42bf46fe42238e2c15dcf3e1b71bee6c797"
            },
            {
                "file_name": "/.travis.yml",
                "commit_date": "2018-12-30T22:59:35",
                "status": "modified",
                "first_commit": "2017-08-14T22:46:22",
                "last_commit": "2020-11-08T23:28:25",
                "CI_type": "Travis",
                "sha": "1df34164ed65763315d4575562eb2576d2e2f421"
            },
            {
                "file_name": "/.travis.yml",
                "commit_date": "2018-12-23T00:37:47",
                "status": "modified",
                "first_commit": "2017-08-14T22:46:22",
                "last_commit": "2020-11-08T23:28:25",
                "CI_type": "Travis",
                "sha": "e4a8b055aa2da4189b0fb621007b6b7c36278ded"
            },
            {
                "file_name": "/.travis.yml",
                "commit_date": "2018-08-29T19:52:39",
                "status": "modified",
                "first_commit": "2017-08-14T22:46:22",
                "last_commit": "2020-11-08T23:28:25",
                "CI_type": "Travis",
                "sha": "3c2ececd62b514332215e80ed474431d5c858896"
            },
            {
                "file_name": "/.travis.yml",
                "commit_date": "2018-08-27T01:00:54",
                "status": "modified",
                "first_commit": "2017-08-14T22:46:22",
                "last_commit": "2020-11-08T23:28:25",
                "CI_type": "Travis",
                "sha": "f31a4e41ff08704e77dae8521fc1ca4b0691f5f5"
            },
            {
                "file_name": "/.travis.yml",
                "commit_date": "2017-12-24T00:53:02",
                "status": "modified",
                "first_commit": "2017-08-14T22:46:22",
                "last_commit": "2020-11-08T23:28:25",
                "CI_type": "Travis",
                "sha": "21bccb606fff92a3262f955de644c96ce59c75d2"
            },
            {
                "file_name": "/.travis.yml",
                "commit_date": "2017-12-23T00:09:55",
                "status": "modified",
                "first_commit": "2017-08-14T22:46:22",
                "last_commit": "2020-11-08T23:28:25",
                "CI_type": "Travis",
                "sha": "2323d3d2f12174f00ab9d0b8543a02d2b8dde9e2"
            },
            {
                "file_name": "/.travis.yml",
                "commit_date": "2017-10-12T18:18:08",
                "status": "modified",
                "first_commit": "2017-08-14T22:46:22",
                "last_commit": "2020-11-08T23:28:25",
                "CI_type": "Travis",
                "sha": "a2302c4cfbba6a96389bc3904d66ad6490cafb03"
            },
            {
                "file_name": "/.travis.yml",
                "commit_date": "2017-09-24T02:29:29",
                "status": "modified",
                "first_commit": "2017-08-14T22:46:22",
                "last_commit": "2020-11-08T23:28:25",
                "CI_type": "Travis",
                "sha": "56172f1688dbd412c432d5f00d70c110c9d9ed37"
            },
            {
                "file_name": "/.travis.yml",
                "commit_date": "2017-09-16T05:35:11",
                "status": "modified",
                "first_commit": "2017-08-14T22:46:22",
                "last_commit": "2020-11-08T23:28:25",
                "CI_type": "Travis",
                "sha": "35be12ca817323449df12a7a6ac8fc7aa0952d96"
            },
            {
                "file_name": "/.travis.yml",
                "commit_date": "2017-08-24T17:41:19",
                "status": "modified",
                "first_commit": "2017-08-14T22:46:22",
                "last_commit": "2020-11-08T23:28:25",
                "CI_type": "Travis",
                "sha": "82240bd91537b02ab8be9367314adcce721e1b73"
            },
            {
                "file_name": "/.travis.yml",
                "commit_date": "2017-08-21T01:22:44",
                "status": "modified",
                "first_commit": "2017-08-14T22:46:22",
                "last_commit": "2020-11-08T23:28:25",
                "CI_type": "Travis",
                "sha": "26d9e16e877f59603a8ba77237a3508e1eed6858"
            },
            {
                "file_name": "/.travis.yml",
                "commit_date": "2017-08-20T22:48:20",
                "status": "modified",
                "first_commit": "2017-08-14T22:46:22",
                "last_commit": "2020-11-08T23:28:25",
                "CI_type": "Travis",
                "sha": "c508fc2a5c90b9a2904100777a7d2fff3f3d76b1"
            },
            {
                "file_name": "/.travis.yml",
                "commit_date": "2017-08-14T22:46:22",
                "status": "added",
                "first_commit": "2017-08-14T22:46:22",
                "last_commit": "2020-11-08T23:28:25",
                "CI_type": "Travis",
                "sha": "032f3981d9e43a047f73b2dc4797a8cfc5026484"
            }
        ]
    },
    {
        "CircleCI": []
    },
    {
        "AppVeyor": []
    },
    {
        "Azure": []
    },
    {
        "GitLab": []
    },
    {
        "Jenkins": []
    }
]