{
    "id": 64889654,
    "name": "ccs-caldavclientlibrary",
    "full_name": "apple/ccs-caldavclientlibrary",
    "org_name": "Apple",
    "org_id": 10639145,
    "created_at": "2016-08-04T00:52:14",
    "pushed_at": "2017-03-06T16:42:37",
    "updated_at": "2023-01-29T18:04:57",
    "isFork": false,
    "forks": 25,
    "forks_count": 25,
    "has_downloads": false,
    "has_issues": true,
    "has_pages": false,
    "has_projects": true,
    "has_wiki": false,
    "homepage": "https://www.calendarserver.org",
    "language": "HTML",
    "open_issues": 2,
    "open_issues_count": 2,
    "size": 1741,
    "stargazers_count": 40,
    "subscribers_count": 13,
    "watchers": 40,
    "watchers_count": 40,
    "first_commit": "2011-03-18T15:51:33",
    "last_commit": "2017-03-06T16:41:58",
    "branches_count": 1,
    "commit_comments_count": 0,
    "commits_count": 132,
    "countributors_count": 6,
    "downloads_count": 0,
    "events_count": 3,
    "issues_count": 2,
    "labels_count": 23,
    "milestones_count": 5,
    "PR_count": 0,
    "open_PR_count": 0,
    "readme_size": 3355,
    "release_count": 0,
    "topic_count": 0,
    "15_commits": 20,
    "16_commits": 16,
    "17_commits": 1,
    "18_commits": 0,
    "19_commits": 0,
    "20_commits": 0,
    "21_commits": 0,
    "22_commits": 0,
    "15_committer_num": 2,
    "16_committer_num": 2,
    "17_committer_num": 1,
    "18_committer_num": 0,
    "19_committer_num": 0,
    "20_committer_num": 0,
    "21_committer_num": 0,
    "22_committer_num": 0
}{
    "stargazer_date": {
        "13540930": "2016-08-22T17:34:33",
        "3158324": "2016-08-24T15:37:33",
        "220622": "2016-09-01T07:42:43",
        "14958554": "2016-09-16T10:25:51",
        "787266": "2017-01-30T01:19:24",
        "26758541": "2017-03-29T04:53:04",
        "272018": "2017-04-04T14:52:02",
        "8608415": "2017-12-10T20:38:31",
        "313013": "2017-12-17T04:17:08",
        "6014760": "2018-01-26T15:59:19",
        "35844395": "2018-02-04T15:14:52",
        "491513": "2018-02-23T08:44:35",
        "72731": "2018-03-01T22:05:28",
        "30115829": "2018-08-16T12:51:17",
        "42418889": "2018-08-16T21:25:44",
        "13579316": "2018-10-08T19:38:24",
        "39334191": "2019-02-01T20:55:42",
        "24704109": "2019-03-17T13:41:01",
        "10333220": "2019-03-21T12:20:32",
        "633395": "2019-04-23T04:06:55",
        "51289487": "2019-08-10T17:24:07",
        "5851247": "2019-11-18T15:57:26",
        "140855": "2019-12-19T23:50:14",
        "2731431": "2020-07-07T23:47:52",
        "61539647": "2020-07-23T11:54:54",
        "26921489": "2020-09-23T14:38:00",
        "8778208": "2020-10-10T08:38:21",
        "1221499": "2020-11-01T02:44:17",
        "9105193": "2020-12-22T08:35:38",
        "351038": "2021-03-09T09:45:33",
        "24910512": "2021-04-06T07:19:37",
        "36937771": "2021-04-20T20:39:14",
        "48371699": "2021-06-14T14:23:39",
        "59238070": "2021-09-26T14:00:44",
        "77411288": "2021-10-21T02:10:37",
        "5414062": "2022-04-24T17:13:21",
        "33397368": "2022-05-10T14:21:51",
        "54375346": "2022-05-11T14:50:24",
        "39422629": "2022-10-23T22:26:30",
        "46381607": "2023-01-29T18:04:57"
    }
}[
    {
        "GHA": {}
    },
    {
        "Travis": []
    },
    {
        "CircleCI": []
    },
    {
        "AppVeyor": []
    },
    {
        "Azure": []
    },
    {
        "GitLab": []
    },
    {
        "Jenkins": []
    }
]