{
    "id": 64889673,
    "name": "ccs-twistedextensions",
    "full_name": "apple/ccs-twistedextensions",
    "org_name": "Apple",
    "org_id": 10639145,
    "created_at": "2016-08-04T00:52:22",
    "pushed_at": "2019-05-08T16:01:07",
    "updated_at": "2023-01-28T08:40:35",
    "isFork": false,
    "forks": 27,
    "forks_count": 27,
    "has_downloads": false,
    "has_issues": true,
    "has_pages": false,
    "has_projects": true,
    "has_wiki": false,
    "homepage": "https://www.calendarserver.org",
    "language": "Python",
    "open_issues": 5,
    "open_issues_count": 5,
    "size": 1583,
    "stargazers_count": 18,
    "subscribers_count": 12,
    "watchers": 18,
    "watchers_count": 18,
    "first_commit": "2015-09-03T20:38:35",
    "last_commit": "2017-02-27T21:19:14",
    "branches_count": 13,
    "commit_comments_count": 0,
    "commits_count": 620,
    "countributors_count": 5,
    "downloads_count": 0,
    "events_count": 2,
    "issues_count": 5,
    "labels_count": 23,
    "milestones_count": 5,
    "PR_count": 2,
    "open_PR_count": 0,
    "readme_size": 2498,
    "release_count": 0,
    "topic_count": 0,
    "15_commits": 87,
    "16_commits": 63,
    "17_commits": 1,
    "18_commits": 0,
    "19_commits": 0,
    "20_commits": 0,
    "21_commits": 0,
    "22_commits": 0,
    "15_committer_num": 2,
    "16_committer_num": 3,
    "17_committer_num": 1,
    "18_committer_num": 0,
    "19_committer_num": 0,
    "20_committer_num": 0,
    "21_committer_num": 0,
    "22_committer_num": 0
}{
    "stargazer_date": {
        "6666467": "2016-08-14T07:20:27",
        "13540930": "2016-08-22T17:33:12",
        "26015": "2016-10-05T05:14:25",
        "26758541": "2017-03-29T04:53:24",
        "8608415": "2017-12-10T20:38:52",
        "313013": "2017-12-17T04:17:25",
        "6014760": "2018-01-26T16:01:17",
        "491513": "2018-02-23T08:45:23",
        "280811": "2018-06-04T04:23:40",
        "30115829": "2018-08-16T12:51:30",
        "42418889": "2018-08-16T21:25:41",
        "39334191": "2019-02-01T20:38:16",
        "3449314": "2019-05-08T16:24:59",
        "5851247": "2019-11-18T15:58:18",
        "61539647": "2020-07-23T11:53:47",
        "36937771": "2021-04-20T20:39:14",
        "59238070": "2021-09-26T14:00:44",
        "77411288": "2021-10-21T02:10:18"
    }
}[
    {
        "GHA": {}
    },
    {
        "Travis": []
    },
    {
        "CircleCI": []
    },
    {
        "AppVeyor": []
    },
    {
        "Azure": []
    },
    {
        "GitLab": []
    },
    {
        "Jenkins": []
    }
]