{
    "id": 64889666,
    "name": "ccs-pycalendar",
    "full_name": "apple/ccs-pycalendar",
    "org_name": "Apple",
    "org_id": 10639145,
    "created_at": "2016-08-04T00:52:18",
    "pushed_at": "2021-03-31T18:06:34",
    "updated_at": "2022-11-05T10:05:58",
    "isFork": false,
    "forks": 34,
    "forks_count": 34,
    "has_downloads": false,
    "has_issues": true,
    "has_pages": false,
    "has_projects": true,
    "has_wiki": false,
    "homepage": "https://www.calendarserver.org",
    "language": "Python",
    "open_issues": 2,
    "open_issues_count": 2,
    "size": 716,
    "stargazers_count": 68,
    "subscribers_count": 15,
    "watchers": 68,
    "watchers_count": 68,
    "first_commit": "2011-10-11T17:13:17",
    "last_commit": "2019-02-13T21:26:05",
    "branches_count": 10,
    "commit_comments_count": 0,
    "commits_count": 179,
    "countributors_count": 4,
    "downloads_count": 0,
    "events_count": 3,
    "issues_count": 2,
    "labels_count": 23,
    "milestones_count": 5,
    "PR_count": 2,
    "open_PR_count": 0,
    "readme_size": 455,
    "release_count": 0,
    "topic_count": 0,
    "15_commits": 8,
    "16_commits": 20,
    "17_commits": 1,
    "18_commits": 0,
    "19_commits": 2,
    "20_commits": 0,
    "21_commits": 0,
    "22_commits": 0,
    "15_committer_num": 2,
    "16_committer_num": 2,
    "17_committer_num": 1,
    "18_committer_num": 0,
    "19_committer_num": 1,
    "20_committer_num": 0,
    "21_committer_num": 0,
    "22_committer_num": 0
}{
    "stargazer_date": {
        "6666467": "2016-08-14T17:45:09",
        "13540930": "2016-08-22T17:34:19",
        "214152": "2016-08-28T20:09:52",
        "7324811": "2016-09-05T03:35:03",
        "1701557": "2016-09-14T16:24:50",
        "18339050": "2016-11-04T00:38:02",
        "1153088": "2016-11-07T12:43:27",
        "24916702": "2017-01-19T01:12:59",
        "26758541": "2017-03-29T04:53:21",
        "6357107": "2017-05-02T11:20:49",
        "1425099": "2017-07-06T04:00:42",
        "429290": "2017-07-31T02:33:10",
        "3683847": "2017-08-11T03:42:00",
        "14850816": "2017-09-03T00:21:03",
        "8933213": "2017-09-27T16:46:02",
        "9049092": "2017-09-28T12:42:41",
        "968316": "2017-09-30T09:20:14",
        "145334": "2017-09-30T19:53:01",
        "15007159": "2017-10-02T13:12:49",
        "251088": "2017-10-24T23:38:49",
        "8608415": "2017-12-10T20:38:47",
        "313013": "2017-12-17T04:17:19",
        "1612250": "2018-01-22T12:10:42",
        "6014760": "2018-01-26T15:57:22",
        "491513": "2018-02-23T08:45:09",
        "72731": "2018-03-01T22:09:02",
        "5070331": "2018-05-24T13:42:24",
        "30115829": "2018-08-16T12:50:09",
        "42418889": "2018-08-16T21:25:55",
        "3807732": "2018-09-19T05:58:47",
        "13579316": "2018-10-08T14:35:18",
        "39258209": "2018-10-11T10:41:17",
        "4977409": "2018-11-24T02:44:00",
        "25215747": "2018-12-10T08:49:14",
        "39334191": "2019-02-01T20:47:48",
        "40214465": "2019-03-09T15:30:15",
        "10333220": "2019-03-21T12:14:41",
        "1736620": "2019-05-26T11:21:18",
        "19542092": "2019-06-01T21:20:10",
        "33441764": "2019-06-28T07:08:24",
        "1269555": "2019-07-18T07:27:01",
        "5851247": "2019-11-18T15:58:21",
        "2669034": "2019-12-07T14:55:21",
        "28791254": "2020-06-05T21:39:56",
        "7474281": "2020-06-06T21:21:02",
        "46758038": "2020-06-10T21:18:04",
        "7044834": "2020-07-30T08:12:19",
        "8778208": "2020-10-10T08:41:19",
        "34457": "2021-04-03T21:56:19",
        "829902": "2021-04-04T00:00:00",
        "24910512": "2021-04-06T07:13:31",
        "36937771": "2021-04-20T20:39:14",
        "821240": "2021-05-26T18:52:14",
        "72091386": "2021-06-13T17:37:12",
        "48371699": "2021-06-14T14:24:19",
        "51365059": "2021-08-01T22:22:24",
        "2706884": "2021-08-11T03:14:10",
        "22170793": "2021-08-16T11:05:11",
        "59238070": "2021-09-26T14:00:44",
        "77411288": "2021-10-21T02:08:21",
        "46381607": "2021-11-16T06:15:11",
        "11146538": "2022-04-11T00:13:38",
        "350106": "2022-05-06T13:27:36",
        "636939": "2022-05-10T03:12:27",
        "33397368": "2022-05-10T14:21:17",
        "2095550": "2022-08-19T00:36:21",
        "1772234": "2022-10-17T06:27:42",
        "875194": "2022-11-05T10:05:58"
    }
}[
    {
        "GHA": {}
    },
    {
        "Travis": []
    },
    {
        "CircleCI": []
    },
    {
        "AppVeyor": []
    },
    {
        "Azure": []
    },
    {
        "GitLab": []
    },
    {
        "Jenkins": []
    }
]