{
    "id": 64889669,
    "name": "ccs-pyopendirectory",
    "full_name": "apple/ccs-pyopendirectory",
    "org_name": "Apple",
    "org_id": 10639145,
    "created_at": "2016-08-04T00:52:20",
    "pushed_at": "2018-11-03T01:09:45",
    "updated_at": "2023-01-28T08:40:35",
    "isFork": false,
    "forks": 23,
    "forks_count": 23,
    "has_downloads": false,
    "has_issues": true,
    "has_pages": false,
    "has_projects": true,
    "has_wiki": false,
    "homepage": "https://www.calendarserver.org",
    "language": "C++",
    "open_issues": 0,
    "open_issues_count": 0,
    "size": 179,
    "stargazers_count": 22,
    "subscribers_count": 12,
    "watchers": 22,
    "watchers_count": 22,
    "first_commit": "2006-08-01T05:34:45",
    "last_commit": "2016-05-11T16:02:37",
    "branches_count": 5,
    "commit_comments_count": 0,
    "commits_count": 56,
    "countributors_count": 3,
    "downloads_count": 0,
    "events_count": 1,
    "issues_count": 0,
    "labels_count": 23,
    "milestones_count": 5,
    "PR_count": 0,
    "open_PR_count": 0,
    "readme_size": 0,
    "release_count": 2,
    "topic_count": 0,
    "15_commits": 0,
    "16_commits": 4,
    "17_commits": 0,
    "18_commits": 0,
    "19_commits": 0,
    "20_commits": 0,
    "21_commits": 0,
    "22_commits": 0,
    "15_committer_num": 0,
    "16_committer_num": 1,
    "17_committer_num": 0,
    "18_committer_num": 0,
    "19_committer_num": 0,
    "20_committer_num": 0,
    "21_committer_num": 0,
    "22_committer_num": 0
}{
    "stargazer_date": {
        "6666467": "2016-08-14T17:45:59",
        "13540930": "2016-08-22T17:34:38",
        "214152": "2016-08-28T20:10:08",
        "14338588": "2017-03-18T21:40:37",
        "26758541": "2017-03-29T04:53:48",
        "8608415": "2017-12-10T20:39:07",
        "313013": "2017-12-17T04:17:36",
        "6014760": "2018-01-26T16:01:43",
        "491513": "2018-02-23T08:45:58",
        "27162904": "2018-05-03T18:32:56",
        "30115829": "2018-08-16T12:52:21",
        "42418889": "2018-08-16T21:25:39",
        "26713740": "2018-10-25T07:33:52",
        "4977409": "2018-11-24T02:43:55",
        "39334191": "2019-02-01T20:51:08",
        "10333220": "2019-03-21T12:18:46",
        "5851247": "2019-11-18T15:57:53",
        "61539647": "2020-07-23T11:54:26",
        "36937771": "2021-04-20T20:39:14",
        "59238070": "2021-09-26T14:00:44",
        "77411288": "2021-10-21T02:10:29",
        "33397368": "2022-05-10T14:21:45"
    }
}[
    {
        "GHA": {}
    },
    {
        "Travis": []
    },
    {
        "CircleCI": []
    },
    {
        "AppVeyor": []
    },
    {
        "Azure": []
    },
    {
        "GitLab": []
    },
    {
        "Jenkins": []
    }
]