{
    "id": 64889661,
    "name": "ccs-pyosxframeworks",
    "full_name": "apple/ccs-pyosxframeworks",
    "org_name": "Apple",
    "org_id": 10639145,
    "created_at": "2016-08-04T00:52:17",
    "pushed_at": "2017-02-27T21:32:24",
    "updated_at": "2023-01-28T08:45:59",
    "isFork": false,
    "forks": 26,
    "forks_count": 26,
    "has_downloads": false,
    "has_issues": true,
    "has_pages": false,
    "has_projects": true,
    "has_wiki": false,
    "homepage": "https://www.calendarserver.org",
    "language": "Python",
    "open_issues": 0,
    "open_issues_count": 0,
    "size": 43,
    "stargazers_count": 25,
    "subscribers_count": 13,
    "watchers": 25,
    "watchers_count": 25,
    "first_commit": "2015-10-21T19:59:14",
    "last_commit": "2017-02-27T21:32:17",
    "branches_count": 1,
    "commit_comments_count": 0,
    "commits_count": 26,
    "countributors_count": 3,
    "downloads_count": 0,
    "events_count": 1,
    "issues_count": 0,
    "labels_count": 23,
    "milestones_count": 5,
    "PR_count": 0,
    "open_PR_count": 0,
    "readme_size": 1332,
    "release_count": 0,
    "topic_count": 0,
    "15_commits": 12,
    "16_commits": 13,
    "17_commits": 1,
    "18_commits": 0,
    "19_commits": 0,
    "20_commits": 0,
    "21_commits": 0,
    "22_commits": 0,
    "15_committer_num": 1,
    "16_committer_num": 2,
    "17_committer_num": 1,
    "18_committer_num": 0,
    "19_committer_num": 0,
    "20_committer_num": 0,
    "21_committer_num": 0,
    "22_committer_num": 0
}{
    "stargazer_date": {
        "6666467": "2016-08-14T17:44:11",
        "13540930": "2016-08-22T17:33:34",
        "7324811": "2016-09-05T03:41:28",
        "26758541": "2017-03-29T04:53:10",
        "10792593": "2017-10-01T12:06:12",
        "14338588": "2017-10-08T22:26:39",
        "8608415": "2017-12-10T20:38:37",
        "313013": "2017-12-17T04:17:12",
        "29786827": "2018-01-09T23:28:21",
        "6014760": "2018-01-26T16:00:09",
        "366688": "2018-01-30T22:02:55",
        "30012813": "2018-02-07T01:33:34",
        "491513": "2018-02-23T08:44:46",
        "6920970": "2018-03-01T02:15:25",
        "72731": "2018-03-01T22:07:52",
        "30115829": "2018-08-16T12:51:21",
        "42418889": "2018-08-16T21:25:43",
        "39334191": "2019-02-01T20:56:02",
        "5851247": "2019-11-18T15:57:23",
        "2731431": "2020-07-07T23:47:56",
        "61539647": "2020-07-23T11:55:04",
        "24910512": "2021-04-06T07:19:33",
        "36937771": "2021-04-20T20:39:14",
        "59238070": "2021-09-26T14:00:44",
        "77411288": "2021-10-21T02:10:39"
    }
}[
    {
        "GHA": {}
    },
    {
        "Travis": []
    },
    {
        "CircleCI": []
    },
    {
        "AppVeyor": []
    },
    {
        "Azure": []
    },
    {
        "GitLab": []
    },
    {
        "Jenkins": []
    }
]