{
    "id": 67177573,
    "name": "swift-protobuf-test-conformance",
    "full_name": "apple/swift-protobuf-test-conformance",
    "org_name": "Apple",
    "org_id": 10639145,
    "created_at": "2016-09-02T00:53:48",
    "pushed_at": "2016-12-13T15:35:03",
    "updated_at": "2023-01-28T11:34:46",
    "isFork": false,
    "forks": 22,
    "forks_count": 22,
    "has_downloads": true,
    "has_issues": true,
    "has_pages": false,
    "has_projects": true,
    "has_wiki": false,
    "homepage": "",
    "language": null,
    "open_issues": 0,
    "open_issues_count": 0,
    "size": 57,
    "stargazers_count": 26,
    "subscribers_count": 16,
    "watchers": 26,
    "watchers_count": 26,
    "first_commit": "2016-09-02T01:25:09",
    "last_commit": "2016-12-13T15:35:02",
    "branches_count": 1,
    "commit_comments_count": 0,
    "commits_count": 11,
    "countributors_count": 2,
    "downloads_count": 0,
    "events_count": 0,
    "issues_count": 0,
    "labels_count": 7,
    "milestones_count": 0,
    "PR_count": 1,
    "open_PR_count": 0,
    "readme_size": 359,
    "release_count": 0,
    "topic_count": 0,
    "15_commits": 0,
    "16_commits": 11,
    "17_commits": 0,
    "18_commits": 0,
    "19_commits": 0,
    "20_commits": 0,
    "21_commits": 0,
    "22_commits": 0,
    "15_committer_num": 0,
    "16_committer_num": 2,
    "17_committer_num": 0,
    "18_committer_num": 0,
    "19_committer_num": 0,
    "20_committer_num": 0,
    "21_committer_num": 0,
    "22_committer_num": 0
}{
    "stargazer_date": {
        "304423": "2016-09-22T21:04:09",
        "2182121": "2016-09-23T08:59:01",
        "241156": "2016-09-23T11:37:37",
        "3249850": "2016-09-23T18:29:49",
        "519464": "2016-09-24T03:04:14",
        "971482": "2016-09-26T19:42:21",
        "1595470": "2016-09-27T16:12:53",
        "1732312": "2016-12-08T06:39:19",
        "26758541": "2017-03-29T04:53:32",
        "4987406": "2017-04-20T03:44:44",
        "20656646": "2017-05-02T06:51:44",
        "12121718": "2017-09-01T14:05:45",
        "8608415": "2017-12-10T20:39:03",
        "313013": "2017-12-17T04:17:33",
        "491513": "2018-02-23T08:45:46",
        "30115829": "2018-08-16T12:52:01",
        "42418889": "2018-08-16T21:25:39",
        "39334191": "2019-02-01T20:56:41",
        "49199941": "2019-04-02T14:13:38",
        "5851247": "2019-11-18T15:57:11",
        "49509421": "2020-06-11T18:28:22",
        "61539647": "2020-07-23T11:55:13",
        "24910512": "2021-04-06T07:19:26",
        "59238070": "2021-09-26T14:00:45",
        "77411288": "2021-10-21T02:10:44",
        "73008012": "2022-04-10T19:41:03"
    }
}[
    {
        "GHA": {}
    },
    {
        "Travis": []
    },
    {
        "CircleCI": []
    },
    {
        "AppVeyor": []
    },
    {
        "Azure": []
    },
    {
        "GitLab": []
    },
    {
        "Jenkins": []
    }
]